[2025-01-01T11:23:21.5108818] Starting comprehensive learning path verification for user 13
[2025-01-01T11:23:21.5138955] Checking path for user 13, course 126: NOT FOUND
[2025-01-01T11:23:21.5138955] Checking path for user 13, course 127: NOT FOUND
[2025-01-01T11:23:21.5138955] Checking path for user 13, course 128: NOT FOUND
[2025-01-01T11:23:21.5159748] Checking path for user 13, course 129: NOT FOUND
[2025-01-01T11:23:21.5159748] Starting download of missing learning paths for user 13: [126, 127, 128, 129]
[2025-01-01T11:23:21.5159748] Attempting to download learning path from URL: http://localhost:8000/learning_path/13/126
[2025-01-01T11:23:21.5169812] Target save location: C:\Users\mdfar\OneDrive\Desktop\finalupdated1\registration-login-spring-boot-security-thymeleaf\src\main\resources\static\data\data\learning_paths\13_126_path.json
[2025-01-01T11:28:13.8775649] Detailed error downloading learning path for user 13, course 126:
[2025-01-01T11:28:13.8821945] Error message: Connection refused: connect
[2025-01-01T11:28:13.8835692] Error type: java.net.ConnectException
[2025-01-01T11:28:13.8920632] Full error stack trace:
[2025-01-01T11:28:13.8931054] java.net.ConnectException: Connection refused: connect
	at java.base/sun.nio.ch.Net.connect0(Native Method)
	at java.base/sun.nio.ch.Net.connect(Net.java:579)
	at java.base/sun.nio.ch.Net.connect(Net.java:568)
	at java.base/sun.nio.ch.NioSocketImpl.connect(NioSocketImpl.java:593)
	at java.base/java.net.Socket.connect(Socket.java:633)
	at java.base/java.net.Socket.connect(Socket.java:583)
	at java.base/sun.net.NetworkClient.doConnect(NetworkClient.java:183)
	at java.base/sun.net.www.http.HttpClient.openServer(HttpClient.java:533)
	at java.base/sun.net.www.http.HttpClient.openServer(HttpClient.java:638)
	at java.base/sun.net.www.http.HttpClient.parseHTTP(HttpClient.java:781)
	at java.base/sun.net.www.protocol.http.HttpURLConnection.getInputStream0(HttpURLConnection.java:1688)
	at java.base/sun.net.www.protocol.http.HttpURLConnection.getInputStream(HttpURLConnection.java:1589)
	at java.base/java.net.URL.openStream(URL.java:1161)
	at com.example.demo.service.LearningPathVerificationService.downloadLearningPath(LearningPathVerificationService.java:91)
	at com.example.demo.service.LearningPathVerificationService.verifyAndFetchLearningPaths(LearningPathVerificationService.java:194)
	at com.example.demo.web.LearningPathController.verifyLearningPaths(LearningPathController.java:45)
	at java.base/jdk.internal.reflect.NativeMethodAccessorImpl.invoke0(Native Method)
	at java.base/jdk.internal.reflect.NativeMethodAccessorImpl.invoke(NativeMethodAccessorImpl.java:77)
	at java.base/jdk.internal.reflect.DelegatingMethodAccessorImpl.invoke(DelegatingMethodAccessorImpl.java:43)
	at java.base/java.lang.reflect.Method.invoke(Method.java:568)
	at org.springframework.web.method.support.InvocableHandlerMethod.doInvoke(InvocableHandlerMethod.java:205)
	at org.springframework.web.method.support.InvocableHandlerMethod.invokeForRequest(InvocableHandlerMethod.java:150)
	at org.springframework.web.servlet.mvc.method.annotation.ServletInvocableHandlerMethod.invokeAndHandle(ServletInvocableHandlerMethod.java:117)
	at org.springframework.web.servlet.mvc.method.annotation.RequestMappingHandlerAdapter.invokeHandlerMethod(RequestMappingHandlerAdapter.java:895)
	at org.springframework.web.servlet.mvc.method.annotation.RequestMappingHandlerAdapter.handleInternal(RequestMappingHandlerAdapter.java:808)
	at org.springframework.web.servlet.mvc.method.AbstractHandlerMethodAdapter.handle(AbstractHandlerMethodAdapter.java:87)
	at org.springframework.web.servlet.DispatcherServlet.doDispatch(DispatcherServlet.java:1067)
	at org.springframework.web.servlet.DispatcherServlet.doService(DispatcherServlet.java:963)
	at org.springframework.web.servlet.FrameworkServlet.processRequest(FrameworkServlet.java:1006)
	at org.springframework.web.servlet.FrameworkServlet.doPost(FrameworkServlet.java:909)
	at javax.servlet.http.HttpServlet.service(HttpServlet.java:681)
	at org.springframework.web.servlet.FrameworkServlet.service(FrameworkServlet.java:883)
	at javax.servlet.http.HttpServlet.service(HttpServlet.java:764)
	at org.apache.catalina.core.ApplicationFilterChain.internalDoFilter(ApplicationFilterChain.java:227)
	at org.apache.catalina.core.ApplicationFilterChain.doFilter(ApplicationFilterChain.java:162)
	at org.apache.tomcat.websocket.server.WsFilter.doFilter(WsFilter.java:53)
	at org.apache.catalina.core.ApplicationFilterChain.internalDoFilter(ApplicationFilterChain.java:189)
	at org.apache.catalina.core.ApplicationFilterChain.doFilter(ApplicationFilterChain.java:162)
	at org.springframework.security.web.FilterChainProxy$VirtualFilterChain.doFilter(FilterChainProxy.java:327)
	at org.springframework.security.web.access.intercept.FilterSecurityInterceptor.invoke(FilterSecurityInterceptor.java:115)
	at org.springframework.security.web.access.intercept.FilterSecurityInterceptor.doFilter(FilterSecurityInterceptor.java:81)
	at org.springframework.security.web.FilterChainProxy$VirtualFilterChain.doFilter(FilterChainProxy.java:336)
	at org.springframework.security.web.access.ExceptionTranslationFilter.doFilter(ExceptionTranslationFilter.java:122)
	at org.springframework.security.web.access.ExceptionTranslationFilter.doFilter(ExceptionTranslationFilter.java:116)
	at org.springframework.security.web.FilterChainProxy$VirtualFilterChain.doFilter(FilterChainProxy.java:336)
	at org.springframework.security.web.session.SessionManagementFilter.doFilter(SessionManagementFilter.java:126)
	at org.springframework.security.web.session.SessionManagementFilter.doFilter(SessionManagementFilter.java:81)
	at org.springframework.security.web.FilterChainProxy$VirtualFilterChain.doFilter(FilterChainProxy.java:336)
	at org.springframework.security.web.authentication.AnonymousAuthenticationFilter.doFilter(AnonymousAuthenticationFilter.java:109)
	at org.springframework.security.web.FilterChainProxy$VirtualFilterChain.doFilter(FilterChainProxy.java:336)
	at org.springframework.security.web.servletapi.SecurityContextHolderAwareRequestFilter.doFilter(SecurityContextHolderAwareRequestFilter.java:149)
	at org.springframework.security.web.FilterChainProxy$VirtualFilterChain.doFilter(FilterChainProxy.java:336)
	at org.springframework.security.web.savedrequest.RequestCacheAwareFilter.doFilter(RequestCacheAwareFilter.java:63)
	at org.springframework.security.web.FilterChainProxy$VirtualFilterChain.doFilter(FilterChainProxy.java:336)
	at org.springframework.security.web.session.ConcurrentSessionFilter.doFilter(ConcurrentSessionFilter.java:147)
	at org.springframework.security.web.session.ConcurrentSessionFilter.doFilter(ConcurrentSessionFilter.java:125)
	at org.springframework.security.web.FilterChainProxy$VirtualFilterChain.doFilter(FilterChainProxy.java:336)
	at org.springframework.security.web.authentication.AbstractAuthenticationProcessingFilter.doFilter(AbstractAuthenticationProcessingFilter.java:219)
	at org.springframework.security.web.authentication.AbstractAuthenticationProcessingFilter.doFilter(AbstractAuthenticationProcessingFilter.java:213)
	at org.springframework.security.web.FilterChainProxy$VirtualFilterChain.doFilter(FilterChainProxy.java:336)
	at org.springframework.security.web.authentication.logout.LogoutFilter.doFilter(LogoutFilter.java:103)
	at org.springframework.security.web.authentication.logout.LogoutFilter.doFilter(LogoutFilter.java:89)
	at org.springframework.security.web.FilterChainProxy$VirtualFilterChain.doFilter(FilterChainProxy.java:336)
	at org.springframework.security.web.header.HeaderWriterFilter.doHeadersAfter(HeaderWriterFilter.java:90)
	at org.springframework.security.web.header.HeaderWriterFilter.doFilterInternal(HeaderWriterFilter.java:75)
	at org.springframework.web.filter.OncePerRequestFilter.doFilter(OncePerRequestFilter.java:119)
	at org.springframework.security.web.FilterChainProxy$VirtualFilterChain.doFilter(FilterChainProxy.java:336)
	at org.springframework.security.web.context.SecurityContextPersistenceFilter.doFilter(SecurityContextPersistenceFilter.java:110)
	at org.springframework.security.web.context.SecurityContextPersistenceFilter.doFilter(SecurityContextPersistenceFilter.java:80)
	at org.springframework.security.web.FilterChainProxy$VirtualFilterChain.doFilter(FilterChainProxy.java:336)
	at org.springframework.security.web.context.request.async.WebAsyncManagerIntegrationFilter.doFilterInternal(WebAsyncManagerIntegrationFilter.java:55)
	at org.springframework.web.filter.OncePerRequestFilter.doFilter(OncePerRequestFilter.java:119)
	at org.springframework.security.web.FilterChainProxy$VirtualFilterChain.doFilter(FilterChainProxy.java:336)
	at org.springframework.security.web.FilterChainProxy.doFilterInternal(FilterChainProxy.java:211)
	at org.springframework.security.web.FilterChainProxy.doFilter(FilterChainProxy.java:183)
	at org.springframework.web.filter.DelegatingFilterProxy.invokeDelegate(DelegatingFilterProxy.java:358)
	at org.springframework.web.filter.DelegatingFilterProxy.doFilter(DelegatingFilterProxy.java:271)
	at org.apache.catalina.core.ApplicationFilterChain.internalDoFilter(ApplicationFilterChain.java:189)
	at org.apache.catalina.core.ApplicationFilterChain.doFilter(ApplicationFilterChain.java:162)
	at org.springframework.web.filter.RequestContextFilter.doFilterInternal(RequestContextFilter.java:100)
	at org.springframework.web.filter.OncePerRequestFilter.doFilter(OncePerRequestFilter.java:119)
	at org.apache.catalina.core.ApplicationFilterChain.internalDoFilter(ApplicationFilterChain.java:189)
	at org.apache.catalina.core.ApplicationFilterChain.doFilter(ApplicationFilterChain.java:162)
	at org.springframework.web.filter.FormContentFilter.doFilterInternal(FormContentFilter.java:93)
	at org.springframework.web.filter.OncePerRequestFilter.doFilter(OncePerRequestFilter.java:119)
	at org.apache.catalina.core.ApplicationFilterChain.internalDoFilter(ApplicationFilterChain.java:189)
	at org.apache.catalina.core.ApplicationFilterChain.doFilter(ApplicationFilterChain.java:162)
	at org.springframework.web.filter.CharacterEncodingFilter.doFilterInternal(CharacterEncodingFilter.java:201)
	at org.springframework.web.filter.OncePerRequestFilter.doFilter(OncePerRequestFilter.java:119)
	at org.apache.catalina.core.ApplicationFilterChain.internalDoFilter(ApplicationFilterChain.java:189)
	at org.apache.catalina.core.ApplicationFilterChain.doFilter(ApplicationFilterChain.java:162)
	at org.apache.catalina.core.StandardWrapperValve.invoke(StandardWrapperValve.java:197)
	at org.apache.catalina.core.StandardContextValve.invoke(StandardContextValve.java:97)
	at org.apache.catalina.authenticator.AuthenticatorBase.invoke(AuthenticatorBase.java:540)
	at org.apache.catalina.core.StandardHostValve.invoke(StandardHostValve.java:135)
	at org.apache.catalina.valves.ErrorReportValve.invoke(ErrorReportValve.java:92)
	at org.apache.catalina.core.StandardEngineValve.invoke(StandardEngineValve.java:78)
	at org.apache.catalina.connector.CoyoteAdapter.service(CoyoteAdapter.java:357)
	at org.apache.coyote.http11.Http11Processor.service(Http11Processor.java:382)
	at org.apache.coyote.AbstractProcessorLight.process(AbstractProcessorLight.java:65)
	at org.apache.coyote.AbstractProtocol$ConnectionHandler.process(AbstractProtocol.java:895)
	at org.apache.tomcat.util.net.NioEndpoint$SocketProcessor.doRun(NioEndpoint.java:1722)
	at org.apache.tomcat.util.net.SocketProcessorBase.run(SocketProcessorBase.java:49)
	at org.apache.tomcat.util.threads.ThreadPoolExecutor.runWorker(ThreadPoolExecutor.java:1191)
	at org.apache.tomcat.util.threads.ThreadPoolExecutor$Worker.run(ThreadPoolExecutor.java:659)
	at org.apache.tomcat.util.threads.TaskThread$WrappingRunnable.run(TaskThread.java:61)
	at java.base/java.lang.Thread.run(Thread.java:840)

[2025-01-01T11:28:13.9196009] Attempting to download learning path from URL: http://localhost:8000/learning_path/13/127
[2025-01-01T11:28:13.9196009] Target save location: C:\Users\mdfar\OneDrive\Desktop\finalupdated1\registration-login-spring-boot-security-thymeleaf\src\main\resources\static\data\data\learning_paths\13_127_path.json
[2025-01-01T11:28:13.9196009] Detailed error downloading learning path for user 13, course 127:
[2025-01-01T11:28:13.9196009] Error message: Connection refused: connect
[2025-01-01T11:28:13.9196009] Error type: java.net.ConnectException
[2025-01-01T11:28:13.9196009] Full error stack trace:
[2025-01-01T11:28:13.9196009] java.net.ConnectException: Connection refused: connect
	at java.base/sun.nio.ch.Net.connect0(Native Method)
	at java.base/sun.nio.ch.Net.connect(Net.java:579)
	at java.base/sun.nio.ch.Net.connect(Net.java:568)
	at java.base/sun.nio.ch.NioSocketImpl.connect(NioSocketImpl.java:593)
	at java.base/java.net.Socket.connect(Socket.java:633)
	at java.base/java.net.Socket.connect(Socket.java:583)
	at java.base/sun.net.NetworkClient.doConnect(NetworkClient.java:183)
	at java.base/sun.net.www.http.HttpClient.openServer(HttpClient.java:533)
	at java.base/sun.net.www.http.HttpClient.openServer(HttpClient.java:638)
	at java.base/sun.net.www.http.HttpClient.<init>(HttpClient.java:281)
	at java.base/sun.net.www.http.HttpClient.New(HttpClient.java:386)
	at java.base/sun.net.www.http.HttpClient.New(HttpClient.java:408)
	at java.base/sun.net.www.protocol.http.HttpURLConnection.getNewHttpClient(HttpURLConnection.java:1309)
	at java.base/sun.net.www.protocol.http.HttpURLConnection.plainConnect0(HttpURLConnection.java:1242)
	at java.base/sun.net.www.protocol.http.HttpURLConnection.plainConnect(HttpURLConnection.java:1128)
	at java.base/sun.net.www.protocol.http.HttpURLConnection.connect(HttpURLConnection.java:1057)
	at java.base/sun.net.www.protocol.http.HttpURLConnection.getInputStream0(HttpURLConnection.java:1665)
	at java.base/sun.net.www.protocol.http.HttpURLConnection.getInputStream(HttpURLConnection.java:1589)
	at java.base/java.net.URL.openStream(URL.java:1161)
	at com.example.demo.service.LearningPathVerificationService.downloadLearningPath(LearningPathVerificationService.java:91)
	at com.example.demo.service.LearningPathVerificationService.verifyAndFetchLearningPaths(LearningPathVerificationService.java:194)
	at com.example.demo.web.LearningPathController.verifyLearningPaths(LearningPathController.java:45)
	at java.base/jdk.internal.reflect.NativeMethodAccessorImpl.invoke0(Native Method)
	at java.base/jdk.internal.reflect.NativeMethodAccessorImpl.invoke(NativeMethodAccessorImpl.java:77)
	at java.base/jdk.internal.reflect.DelegatingMethodAccessorImpl.invoke(DelegatingMethodAccessorImpl.java:43)
	at java.base/java.lang.reflect.Method.invoke(Method.java:568)
	at org.springframework.web.method.support.InvocableHandlerMethod.doInvoke(InvocableHandlerMethod.java:205)
	at org.springframework.web.method.support.InvocableHandlerMethod.invokeForRequest(InvocableHandlerMethod.java:150)
	at org.springframework.web.servlet.mvc.method.annotation.ServletInvocableHandlerMethod.invokeAndHandle(ServletInvocableHandlerMethod.java:117)
	at org.springframework.web.servlet.mvc.method.annotation.RequestMappingHandlerAdapter.invokeHandlerMethod(RequestMappingHandlerAdapter.java:895)
	at org.springframework.web.servlet.mvc.method.annotation.RequestMappingHandlerAdapter.handleInternal(RequestMappingHandlerAdapter.java:808)
	at org.springframework.web.servlet.mvc.method.AbstractHandlerMethodAdapter.handle(AbstractHandlerMethodAdapter.java:87)
	at org.springframework.web.servlet.DispatcherServlet.doDispatch(DispatcherServlet.java:1067)
	at org.springframework.web.servlet.DispatcherServlet.doService(DispatcherServlet.java:963)
	at org.springframework.web.servlet.FrameworkServlet.processRequest(FrameworkServlet.java:1006)
	at org.springframework.web.servlet.FrameworkServlet.doPost(FrameworkServlet.java:909)
	at javax.servlet.http.HttpServlet.service(HttpServlet.java:681)
	at org.springframework.web.servlet.FrameworkServlet.service(FrameworkServlet.java:883)
	at javax.servlet.http.HttpServlet.service(HttpServlet.java:764)
	at org.apache.catalina.core.ApplicationFilterChain.internalDoFilter(ApplicationFilterChain.java:227)
	at org.apache.catalina.core.ApplicationFilterChain.doFilter(ApplicationFilterChain.java:162)
	at org.apache.tomcat.websocket.server.WsFilter.doFilter(WsFilter.java:53)
	at org.apache.catalina.core.ApplicationFilterChain.internalDoFilter(ApplicationFilterChain.java:189)
	at org.apache.catalina.core.ApplicationFilterChain.doFilter(ApplicationFilterChain.java:162)
	at org.springframework.security.web.FilterChainProxy$VirtualFilterChain.doFilter(FilterChainProxy.java:327)
	at org.springframework.security.web.access.intercept.FilterSecurityInterceptor.invoke(FilterSecurityInterceptor.java:115)
	at org.springframework.security.web.access.intercept.FilterSecurityInterceptor.doFilter(FilterSecurityInterceptor.java:81)
	at org.springframework.security.web.FilterChainProxy$VirtualFilterChain.doFilter(FilterChainProxy.java:336)
	at org.springframework.security.web.access.ExceptionTranslationFilter.doFilter(ExceptionTranslationFilter.java:122)
	at org.springframework.security.web.access.ExceptionTranslationFilter.doFilter(ExceptionTranslationFilter.java:116)
	at org.springframework.security.web.FilterChainProxy$VirtualFilterChain.doFilter(FilterChainProxy.java:336)
	at org.springframework.security.web.session.SessionManagementFilter.doFilter(SessionManagementFilter.java:126)
	at org.springframework.security.web.session.SessionManagementFilter.doFilter(SessionManagementFilter.java:81)
	at org.springframework.security.web.FilterChainProxy$VirtualFilterChain.doFilter(FilterChainProxy.java:336)
	at org.springframework.security.web.authentication.AnonymousAuthenticationFilter.doFilter(AnonymousAuthenticationFilter.java:109)
	at org.springframework.security.web.FilterChainProxy$VirtualFilterChain.doFilter(FilterChainProxy.java:336)
	at org.springframework.security.web.servletapi.SecurityContextHolderAwareRequestFilter.doFilter(SecurityContextHolderAwareRequestFilter.java:149)
	at org.springframework.security.web.FilterChainProxy$VirtualFilterChain.doFilter(FilterChainProxy.java:336)
	at org.springframework.security.web.savedrequest.RequestCacheAwareFilter.doFilter(RequestCacheAwareFilter.java:63)
	at org.springframework.security.web.FilterChainProxy$VirtualFilterChain.doFilter(FilterChainProxy.java:336)
	at org.springframework.security.web.session.ConcurrentSessionFilter.doFilter(ConcurrentSessionFilter.java:147)
	at org.springframework.security.web.session.ConcurrentSessionFilter.doFilter(ConcurrentSessionFilter.java:125)
	at org.springframework.security.web.FilterChainProxy$VirtualFilterChain.doFilter(FilterChainProxy.java:336)
	at org.springframework.security.web.authentication.AbstractAuthenticationProcessingFilter.doFilter(AbstractAuthenticationProcessingFilter.java:219)
	at org.springframework.security.web.authentication.AbstractAuthenticationProcessingFilter.doFilter(AbstractAuthenticationProcessingFilter.java:213)
	at org.springframework.security.web.FilterChainProxy$VirtualFilterChain.doFilter(FilterChainProxy.java:336)
	at org.springframework.security.web.authentication.logout.LogoutFilter.doFilter(LogoutFilter.java:103)
	at org.springframework.security.web.authentication.logout.LogoutFilter.doFilter(LogoutFilter.java:89)
	at org.springframework.security.web.FilterChainProxy$VirtualFilterChain.doFilter(FilterChainProxy.java:336)
	at org.springframework.security.web.header.HeaderWriterFilter.doHeadersAfter(HeaderWriterFilter.java:90)
	at org.springframework.security.web.header.HeaderWriterFilter.doFilterInternal(HeaderWriterFilter.java:75)
	at org.springframework.web.filter.OncePerRequestFilter.doFilter(OncePerRequestFilter.java:119)
	at org.springframework.security.web.FilterChainProxy$VirtualFilterChain.doFilter(FilterChainProxy.java:336)
	at org.springframework.security.web.context.SecurityContextPersistenceFilter.doFilter(SecurityContextPersistenceFilter.java:110)
	at org.springframework.security.web.context.SecurityContextPersistenceFilter.doFilter(SecurityContextPersistenceFilter.java:80)
	at org.springframework.security.web.FilterChainProxy$VirtualFilterChain.doFilter(FilterChainProxy.java:336)
	at org.springframework.security.web.context.request.async.WebAsyncManagerIntegrationFilter.doFilterInternal(WebAsyncManagerIntegrationFilter.java:55)
	at org.springframework.web.filter.OncePerRequestFilter.doFilter(OncePerRequestFilter.java:119)
	at org.springframework.security.web.FilterChainProxy$VirtualFilterChain.doFilter(FilterChainProxy.java:336)
	at org.springframework.security.web.FilterChainProxy.doFilterInternal(FilterChainProxy.java:211)
	at org.springframework.security.web.FilterChainProxy.doFilter(FilterChainProxy.java:183)
	at org.springframework.web.filter.DelegatingFilterProxy.invokeDelegate(DelegatingFilterProxy.java:358)
	at org.springframework.web.filter.DelegatingFilterProxy.doFilter(DelegatingFilterProxy.java:271)
	at org.apache.catalina.core.ApplicationFilterChain.internalDoFilter(ApplicationFilterChain.java:189)
	at org.apache.catalina.core.ApplicationFilterChain.doFilter(ApplicationFilterChain.java:162)
	at org.springframework.web.filter.RequestContextFilter.doFilterInternal(RequestContextFilter.java:100)
	at org.springframework.web.filter.OncePerRequestFilter.doFilter(OncePerRequestFilter.java:119)
	at org.apache.catalina.core.ApplicationFilterChain.internalDoFilter(ApplicationFilterChain.java:189)
	at org.apache.catalina.core.ApplicationFilterChain.doFilter(ApplicationFilterChain.java:162)
	at org.springframework.web.filter.FormContentFilter.doFilterInternal(FormContentFilter.java:93)
	at org.springframework.web.filter.OncePerRequestFilter.doFilter(OncePerRequestFilter.java:119)
	at org.apache.catalina.core.ApplicationFilterChain.internalDoFilter(ApplicationFilterChain.java:189)
	at org.apache.catalina.core.ApplicationFilterChain.doFilter(ApplicationFilterChain.java:162)
	at org.springframework.web.filter.CharacterEncodingFilter.doFilterInternal(CharacterEncodingFilter.java:201)
	at org.springframework.web.filter.OncePerRequestFilter.doFilter(OncePerRequestFilter.java:119)
	at org.apache.catalina.core.ApplicationFilterChain.internalDoFilter(ApplicationFilterChain.java:189)
	at org.apache.catalina.core.ApplicationFilterChain.doFilter(ApplicationFilterChain.java:162)
	at org.apache.catalina.core.StandardWrapperValve.invoke(StandardWrapperValve.java:197)
	at org.apache.catalina.core.StandardContextValve.invoke(StandardContextValve.java:97)
	at org.apache.catalina.authenticator.AuthenticatorBase.invoke(AuthenticatorBase.java:540)
	at org.apache.catalina.core.StandardHostValve.invoke(StandardHostValve.java:135)
	at org.apache.catalina.valves.ErrorReportValve.invoke(ErrorReportValve.java:92)
	at org.apache.catalina.core.StandardEngineValve.invoke(StandardEngineValve.java:78)
	at org.apache.catalina.connector.CoyoteAdapter.service(CoyoteAdapter.java:357)
	at org.apache.coyote.http11.Http11Processor.service(Http11Processor.java:382)
	at org.apache.coyote.AbstractProcessorLight.process(AbstractProcessorLight.java:65)
	at org.apache.coyote.AbstractProtocol$ConnectionHandler.process(AbstractProtocol.java:895)
	at org.apache.tomcat.util.net.NioEndpoint$SocketProcessor.doRun(NioEndpoint.java:1722)
	at org.apache.tomcat.util.net.SocketProcessorBase.run(SocketProcessorBase.java:49)
	at org.apache.tomcat.util.threads.ThreadPoolExecutor.runWorker(ThreadPoolExecutor.java:1191)
	at org.apache.tomcat.util.threads.ThreadPoolExecutor$Worker.run(ThreadPoolExecutor.java:659)
	at org.apache.tomcat.util.threads.TaskThread$WrappingRunnable.run(TaskThread.java:61)
	at java.base/java.lang.Thread.run(Thread.java:840)

[2025-01-01T11:28:13.9258237] Attempting to download learning path from URL: http://localhost:8000/learning_path/13/128
[2025-01-01T11:28:13.9258237] Target save location: C:\Users\mdfar\OneDrive\Desktop\finalupdated1\registration-login-spring-boot-security-thymeleaf\src\main\resources\static\data\data\learning_paths\13_128_path.json
[2025-01-01T11:28:13.9278599] Detailed error downloading learning path for user 13, course 128:
[2025-01-01T11:28:13.9278599] Error message: Connection refused: connect
[2025-01-01T11:28:13.9278599] Error type: java.net.ConnectException
[2025-01-01T11:28:13.9289287] Full error stack trace:
[2025-01-01T11:28:13.9289287] java.net.ConnectException: Connection refused: connect
	at java.base/sun.nio.ch.Net.connect0(Native Method)
	at java.base/sun.nio.ch.Net.connect(Net.java:579)
	at java.base/sun.nio.ch.Net.connect(Net.java:568)
	at java.base/sun.nio.ch.NioSocketImpl.connect(NioSocketImpl.java:593)
	at java.base/java.net.Socket.connect(Socket.java:633)
	at java.base/java.net.Socket.connect(Socket.java:583)
	at java.base/sun.net.NetworkClient.doConnect(NetworkClient.java:183)
	at java.base/sun.net.www.http.HttpClient.openServer(HttpClient.java:533)
	at java.base/sun.net.www.http.HttpClient.openServer(HttpClient.java:638)
	at java.base/sun.net.www.http.HttpClient.<init>(HttpClient.java:281)
	at java.base/sun.net.www.http.HttpClient.New(HttpClient.java:386)
	at java.base/sun.net.www.http.HttpClient.New(HttpClient.java:408)
	at java.base/sun.net.www.protocol.http.HttpURLConnection.getNewHttpClient(HttpURLConnection.java:1309)
	at java.base/sun.net.www.protocol.http.HttpURLConnection.plainConnect0(HttpURLConnection.java:1242)
	at java.base/sun.net.www.protocol.http.HttpURLConnection.plainConnect(HttpURLConnection.java:1128)
	at java.base/sun.net.www.protocol.http.HttpURLConnection.connect(HttpURLConnection.java:1057)
	at java.base/sun.net.www.protocol.http.HttpURLConnection.getInputStream0(HttpURLConnection.java:1665)
	at java.base/sun.net.www.protocol.http.HttpURLConnection.getInputStream(HttpURLConnection.java:1589)
	at java.base/java.net.URL.openStream(URL.java:1161)
	at com.example.demo.service.LearningPathVerificationService.downloadLearningPath(LearningPathVerificationService.java:91)
	at com.example.demo.service.LearningPathVerificationService.verifyAndFetchLearningPaths(LearningPathVerificationService.java:194)
	at com.example.demo.web.LearningPathController.verifyLearningPaths(LearningPathController.java:45)
	at java.base/jdk.internal.reflect.NativeMethodAccessorImpl.invoke0(Native Method)
	at java.base/jdk.internal.reflect.NativeMethodAccessorImpl.invoke(NativeMethodAccessorImpl.java:77)
	at java.base/jdk.internal.reflect.DelegatingMethodAccessorImpl.invoke(DelegatingMethodAccessorImpl.java:43)
	at java.base/java.lang.reflect.Method.invoke(Method.java:568)
	at org.springframework.web.method.support.InvocableHandlerMethod.doInvoke(InvocableHandlerMethod.java:205)
	at org.springframework.web.method.support.InvocableHandlerMethod.invokeForRequest(InvocableHandlerMethod.java:150)
	at org.springframework.web.servlet.mvc.method.annotation.ServletInvocableHandlerMethod.invokeAndHandle(ServletInvocableHandlerMethod.java:117)
	at org.springframework.web.servlet.mvc.method.annotation.RequestMappingHandlerAdapter.invokeHandlerMethod(RequestMappingHandlerAdapter.java:895)
	at org.springframework.web.servlet.mvc.method.annotation.RequestMappingHandlerAdapter.handleInternal(RequestMappingHandlerAdapter.java:808)
	at org.springframework.web.servlet.mvc.method.AbstractHandlerMethodAdapter.handle(AbstractHandlerMethodAdapter.java:87)
	at org.springframework.web.servlet.DispatcherServlet.doDispatch(DispatcherServlet.java:1067)
	at org.springframework.web.servlet.DispatcherServlet.doService(DispatcherServlet.java:963)
	at org.springframework.web.servlet.FrameworkServlet.processRequest(FrameworkServlet.java:1006)
	at org.springframework.web.servlet.FrameworkServlet.doPost(FrameworkServlet.java:909)
	at javax.servlet.http.HttpServlet.service(HttpServlet.java:681)
	at org.springframework.web.servlet.FrameworkServlet.service(FrameworkServlet.java:883)
	at javax.servlet.http.HttpServlet.service(HttpServlet.java:764)
	at org.apache.catalina.core.ApplicationFilterChain.internalDoFilter(ApplicationFilterChain.java:227)
	at org.apache.catalina.core.ApplicationFilterChain.doFilter(ApplicationFilterChain.java:162)
	at org.apache.tomcat.websocket.server.WsFilter.doFilter(WsFilter.java:53)
	at org.apache.catalina.core.ApplicationFilterChain.internalDoFilter(ApplicationFilterChain.java:189)
	at org.apache.catalina.core.ApplicationFilterChain.doFilter(ApplicationFilterChain.java:162)
	at org.springframework.security.web.FilterChainProxy$VirtualFilterChain.doFilter(FilterChainProxy.java:327)
	at org.springframework.security.web.access.intercept.FilterSecurityInterceptor.invoke(FilterSecurityInterceptor.java:115)
	at org.springframework.security.web.access.intercept.FilterSecurityInterceptor.doFilter(FilterSecurityInterceptor.java:81)
	at org.springframework.security.web.FilterChainProxy$VirtualFilterChain.doFilter(FilterChainProxy.java:336)
	at org.springframework.security.web.access.ExceptionTranslationFilter.doFilter(ExceptionTranslationFilter.java:122)
	at org.springframework.security.web.access.ExceptionTranslationFilter.doFilter(ExceptionTranslationFilter.java:116)
	at org.springframework.security.web.FilterChainProxy$VirtualFilterChain.doFilter(FilterChainProxy.java:336)
	at org.springframework.security.web.session.SessionManagementFilter.doFilter(SessionManagementFilter.java:126)
	at org.springframework.security.web.session.SessionManagementFilter.doFilter(SessionManagementFilter.java:81)
	at org.springframework.security.web.FilterChainProxy$VirtualFilterChain.doFilter(FilterChainProxy.java:336)
	at org.springframework.security.web.authentication.AnonymousAuthenticationFilter.doFilter(AnonymousAuthenticationFilter.java:109)
	at org.springframework.security.web.FilterChainProxy$VirtualFilterChain.doFilter(FilterChainProxy.java:336)
	at org.springframework.security.web.servletapi.SecurityContextHolderAwareRequestFilter.doFilter(SecurityContextHolderAwareRequestFilter.java:149)
	at org.springframework.security.web.FilterChainProxy$VirtualFilterChain.doFilter(FilterChainProxy.java:336)
	at org.springframework.security.web.savedrequest.RequestCacheAwareFilter.doFilter(RequestCacheAwareFilter.java:63)
	at org.springframework.security.web.FilterChainProxy$VirtualFilterChain.doFilter(FilterChainProxy.java:336)
	at org.springframework.security.web.session.ConcurrentSessionFilter.doFilter(ConcurrentSessionFilter.java:147)
	at org.springframework.security.web.session.ConcurrentSessionFilter.doFilter(ConcurrentSessionFilter.java:125)
	at org.springframework.security.web.FilterChainProxy$VirtualFilterChain.doFilter(FilterChainProxy.java:336)
	at org.springframework.security.web.authentication.AbstractAuthenticationProcessingFilter.doFilter(AbstractAuthenticationProcessingFilter.java:219)
	at org.springframework.security.web.authentication.AbstractAuthenticationProcessingFilter.doFilter(AbstractAuthenticationProcessingFilter.java:213)
	at org.springframework.security.web.FilterChainProxy$VirtualFilterChain.doFilter(FilterChainProxy.java:336)
	at org.springframework.security.web.authentication.logout.LogoutFilter.doFilter(LogoutFilter.java:103)
	at org.springframework.security.web.authentication.logout.LogoutFilter.doFilter(LogoutFilter.java:89)
	at org.springframework.security.web.FilterChainProxy$VirtualFilterChain.doFilter(FilterChainProxy.java:336)
	at org.springframework.security.web.header.HeaderWriterFilter.doHeadersAfter(HeaderWriterFilter.java:90)
	at org.springframework.security.web.header.HeaderWriterFilter.doFilterInternal(HeaderWriterFilter.java:75)
	at org.springframework.web.filter.OncePerRequestFilter.doFilter(OncePerRequestFilter.java:119)
	at org.springframework.security.web.FilterChainProxy$VirtualFilterChain.doFilter(FilterChainProxy.java:336)
	at org.springframework.security.web.context.SecurityContextPersistenceFilter.doFilter(SecurityContextPersistenceFilter.java:110)
	at org.springframework.security.web.context.SecurityContextPersistenceFilter.doFilter(SecurityContextPersistenceFilter.java:80)
	at org.springframework.security.web.FilterChainProxy$VirtualFilterChain.doFilter(FilterChainProxy.java:336)
	at org.springframework.security.web.context.request.async.WebAsyncManagerIntegrationFilter.doFilterInternal(WebAsyncManagerIntegrationFilter.java:55)
	at org.springframework.web.filter.OncePerRequestFilter.doFilter(OncePerRequestFilter.java:119)
	at org.springframework.security.web.FilterChainProxy$VirtualFilterChain.doFilter(FilterChainProxy.java:336)
	at org.springframework.security.web.FilterChainProxy.doFilterInternal(FilterChainProxy.java:211)
	at org.springframework.security.web.FilterChainProxy.doFilter(FilterChainProxy.java:183)
	at org.springframework.web.filter.DelegatingFilterProxy.invokeDelegate(DelegatingFilterProxy.java:358)
	at org.springframework.web.filter.DelegatingFilterProxy.doFilter(DelegatingFilterProxy.java:271)
	at org.apache.catalina.core.ApplicationFilterChain.internalDoFilter(ApplicationFilterChain.java:189)
	at org.apache.catalina.core.ApplicationFilterChain.doFilter(ApplicationFilterChain.java:162)
	at org.springframework.web.filter.RequestContextFilter.doFilterInternal(RequestContextFilter.java:100)
	at org.springframework.web.filter.OncePerRequestFilter.doFilter(OncePerRequestFilter.java:119)
	at org.apache.catalina.core.ApplicationFilterChain.internalDoFilter(ApplicationFilterChain.java:189)
	at org.apache.catalina.core.ApplicationFilterChain.doFilter(ApplicationFilterChain.java:162)
	at org.springframework.web.filter.FormContentFilter.doFilterInternal(FormContentFilter.java:93)
	at org.springframework.web.filter.OncePerRequestFilter.doFilter(OncePerRequestFilter.java:119)
	at org.apache.catalina.core.ApplicationFilterChain.internalDoFilter(ApplicationFilterChain.java:189)
	at org.apache.catalina.core.ApplicationFilterChain.doFilter(ApplicationFilterChain.java:162)
	at org.springframework.web.filter.CharacterEncodingFilter.doFilterInternal(CharacterEncodingFilter.java:201)
	at org.springframework.web.filter.OncePerRequestFilter.doFilter(OncePerRequestFilter.java:119)
	at org.apache.catalina.core.ApplicationFilterChain.internalDoFilter(ApplicationFilterChain.java:189)
	at org.apache.catalina.core.ApplicationFilterChain.doFilter(ApplicationFilterChain.java:162)
	at org.apache.catalina.core.StandardWrapperValve.invoke(StandardWrapperValve.java:197)
	at org.apache.catalina.core.StandardContextValve.invoke(StandardContextValve.java:97)
	at org.apache.catalina.authenticator.AuthenticatorBase.invoke(AuthenticatorBase.java:540)
	at org.apache.catalina.core.StandardHostValve.invoke(StandardHostValve.java:135)
	at org.apache.catalina.valves.ErrorReportValve.invoke(ErrorReportValve.java:92)
	at org.apache.catalina.core.StandardEngineValve.invoke(StandardEngineValve.java:78)
	at org.apache.catalina.connector.CoyoteAdapter.service(CoyoteAdapter.java:357)
	at org.apache.coyote.http11.Http11Processor.service(Http11Processor.java:382)
	at org.apache.coyote.AbstractProcessorLight.process(AbstractProcessorLight.java:65)
	at org.apache.coyote.AbstractProtocol$ConnectionHandler.process(AbstractProtocol.java:895)
	at org.apache.tomcat.util.net.NioEndpoint$SocketProcessor.doRun(NioEndpoint.java:1722)
	at org.apache.tomcat.util.net.SocketProcessorBase.run(SocketProcessorBase.java:49)
	at org.apache.tomcat.util.threads.ThreadPoolExecutor.runWorker(ThreadPoolExecutor.java:1191)
	at org.apache.tomcat.util.threads.ThreadPoolExecutor$Worker.run(ThreadPoolExecutor.java:659)
	at org.apache.tomcat.util.threads.TaskThread$WrappingRunnable.run(TaskThread.java:61)
	at java.base/java.lang.Thread.run(Thread.java:840)

[2025-01-01T11:28:13.9289287] Attempting to download learning path from URL: http://localhost:8000/learning_path/13/129
[2025-01-01T11:28:13.9289287] Target save location: C:\Users\mdfar\OneDrive\Desktop\finalupdated1\registration-login-spring-boot-security-thymeleaf\src\main\resources\static\data\data\learning_paths\13_129_path.json
[2025-01-01T11:28:13.9339588] Detailed error downloading learning path for user 13, course 129:
[2025-01-01T11:28:13.9339588] Error message: Connection refused: connect
[2025-01-01T11:28:13.9339588] Error type: java.net.ConnectException
[2025-01-01T11:28:13.9354789] Full error stack trace:
[2025-01-01T11:28:13.9368859] java.net.ConnectException: Connection refused: connect
	at java.base/sun.nio.ch.Net.connect0(Native Method)
	at java.base/sun.nio.ch.Net.connect(Net.java:579)
	at java.base/sun.nio.ch.Net.connect(Net.java:568)
	at java.base/sun.nio.ch.NioSocketImpl.connect(NioSocketImpl.java:593)
	at java.base/java.net.Socket.connect(Socket.java:633)
	at java.base/java.net.Socket.connect(Socket.java:583)
	at java.base/sun.net.NetworkClient.doConnect(NetworkClient.java:183)
	at java.base/sun.net.www.http.HttpClient.openServer(HttpClient.java:533)
	at java.base/sun.net.www.http.HttpClient.openServer(HttpClient.java:638)
	at java.base/sun.net.www.http.HttpClient.<init>(HttpClient.java:281)
	at java.base/sun.net.www.http.HttpClient.New(HttpClient.java:386)
	at java.base/sun.net.www.http.HttpClient.New(HttpClient.java:408)
	at java.base/sun.net.www.protocol.http.HttpURLConnection.getNewHttpClient(HttpURLConnection.java:1309)
	at java.base/sun.net.www.protocol.http.HttpURLConnection.plainConnect0(HttpURLConnection.java:1242)
	at java.base/sun.net.www.protocol.http.HttpURLConnection.plainConnect(HttpURLConnection.java:1128)
	at java.base/sun.net.www.protocol.http.HttpURLConnection.connect(HttpURLConnection.java:1057)
	at java.base/sun.net.www.protocol.http.HttpURLConnection.getInputStream0(HttpURLConnection.java:1665)
	at java.base/sun.net.www.protocol.http.HttpURLConnection.getInputStream(HttpURLConnection.java:1589)
	at java.base/java.net.URL.openStream(URL.java:1161)
	at com.example.demo.service.LearningPathVerificationService.downloadLearningPath(LearningPathVerificationService.java:91)
	at com.example.demo.service.LearningPathVerificationService.verifyAndFetchLearningPaths(LearningPathVerificationService.java:194)
	at com.example.demo.web.LearningPathController.verifyLearningPaths(LearningPathController.java:45)
	at java.base/jdk.internal.reflect.NativeMethodAccessorImpl.invoke0(Native Method)
	at java.base/jdk.internal.reflect.NativeMethodAccessorImpl.invoke(NativeMethodAccessorImpl.java:77)
	at java.base/jdk.internal.reflect.DelegatingMethodAccessorImpl.invoke(DelegatingMethodAccessorImpl.java:43)
	at java.base/java.lang.reflect.Method.invoke(Method.java:568)
	at org.springframework.web.method.support.InvocableHandlerMethod.doInvoke(InvocableHandlerMethod.java:205)
	at org.springframework.web.method.support.InvocableHandlerMethod.invokeForRequest(InvocableHandlerMethod.java:150)
	at org.springframework.web.servlet.mvc.method.annotation.ServletInvocableHandlerMethod.invokeAndHandle(ServletInvocableHandlerMethod.java:117)
	at org.springframework.web.servlet.mvc.method.annotation.RequestMappingHandlerAdapter.invokeHandlerMethod(RequestMappingHandlerAdapter.java:895)
	at org.springframework.web.servlet.mvc.method.annotation.RequestMappingHandlerAdapter.handleInternal(RequestMappingHandlerAdapter.java:808)
	at org.springframework.web.servlet.mvc.method.AbstractHandlerMethodAdapter.handle(AbstractHandlerMethodAdapter.java:87)
	at org.springframework.web.servlet.DispatcherServlet.doDispatch(DispatcherServlet.java:1067)
	at org.springframework.web.servlet.DispatcherServlet.doService(DispatcherServlet.java:963)
	at org.springframework.web.servlet.FrameworkServlet.processRequest(FrameworkServlet.java:1006)
	at org.springframework.web.servlet.FrameworkServlet.doPost(FrameworkServlet.java:909)
	at javax.servlet.http.HttpServlet.service(HttpServlet.java:681)
	at org.springframework.web.servlet.FrameworkServlet.service(FrameworkServlet.java:883)
	at javax.servlet.http.HttpServlet.service(HttpServlet.java:764)
	at org.apache.catalina.core.ApplicationFilterChain.internalDoFilter(ApplicationFilterChain.java:227)
	at org.apache.catalina.core.ApplicationFilterChain.doFilter(ApplicationFilterChain.java:162)
	at org.apache.tomcat.websocket.server.WsFilter.doFilter(WsFilter.java:53)
	at org.apache.catalina.core.ApplicationFilterChain.internalDoFilter(ApplicationFilterChain.java:189)
	at org.apache.catalina.core.ApplicationFilterChain.doFilter(ApplicationFilterChain.java:162)
	at org.springframework.security.web.FilterChainProxy$VirtualFilterChain.doFilter(FilterChainProxy.java:327)
	at org.springframework.security.web.access.intercept.FilterSecurityInterceptor.invoke(FilterSecurityInterceptor.java:115)
	at org.springframework.security.web.access.intercept.FilterSecurityInterceptor.doFilter(FilterSecurityInterceptor.java:81)
	at org.springframework.security.web.FilterChainProxy$VirtualFilterChain.doFilter(FilterChainProxy.java:336)
	at org.springframework.security.web.access.ExceptionTranslationFilter.doFilter(ExceptionTranslationFilter.java:122)
	at org.springframework.security.web.access.ExceptionTranslationFilter.doFilter(ExceptionTranslationFilter.java:116)
	at org.springframework.security.web.FilterChainProxy$VirtualFilterChain.doFilter(FilterChainProxy.java:336)
	at org.springframework.security.web.session.SessionManagementFilter.doFilter(SessionManagementFilter.java:126)
	at org.springframework.security.web.session.SessionManagementFilter.doFilter(SessionManagementFilter.java:81)
	at org.springframework.security.web.FilterChainProxy$VirtualFilterChain.doFilter(FilterChainProxy.java:336)
	at org.springframework.security.web.authentication.AnonymousAuthenticationFilter.doFilter(AnonymousAuthenticationFilter.java:109)
	at org.springframework.security.web.FilterChainProxy$VirtualFilterChain.doFilter(FilterChainProxy.java:336)
	at org.springframework.security.web.servletapi.SecurityContextHolderAwareRequestFilter.doFilter(SecurityContextHolderAwareRequestFilter.java:149)
	at org.springframework.security.web.FilterChainProxy$VirtualFilterChain.doFilter(FilterChainProxy.java:336)
	at org.springframework.security.web.savedrequest.RequestCacheAwareFilter.doFilter(RequestCacheAwareFilter.java:63)
	at org.springframework.security.web.FilterChainProxy$VirtualFilterChain.doFilter(FilterChainProxy.java:336)
	at org.springframework.security.web.session.ConcurrentSessionFilter.doFilter(ConcurrentSessionFilter.java:147)
	at org.springframework.security.web.session.ConcurrentSessionFilter.doFilter(ConcurrentSessionFilter.java:125)
	at org.springframework.security.web.FilterChainProxy$VirtualFilterChain.doFilter(FilterChainProxy.java:336)
	at org.springframework.security.web.authentication.AbstractAuthenticationProcessingFilter.doFilter(AbstractAuthenticationProcessingFilter.java:219)
	at org.springframework.security.web.authentication.AbstractAuthenticationProcessingFilter.doFilter(AbstractAuthenticationProcessingFilter.java:213)
	at org.springframework.security.web.FilterChainProxy$VirtualFilterChain.doFilter(FilterChainProxy.java:336)
	at org.springframework.security.web.authentication.logout.LogoutFilter.doFilter(LogoutFilter.java:103)
	at org.springframework.security.web.authentication.logout.LogoutFilter.doFilter(LogoutFilter.java:89)
	at org.springframework.security.web.FilterChainProxy$VirtualFilterChain.doFilter(FilterChainProxy.java:336)
	at org.springframework.security.web.header.HeaderWriterFilter.doHeadersAfter(HeaderWriterFilter.java:90)
	at org.springframework.security.web.header.HeaderWriterFilter.doFilterInternal(HeaderWriterFilter.java:75)
	at org.springframework.web.filter.OncePerRequestFilter.doFilter(OncePerRequestFilter.java:119)
	at org.springframework.security.web.FilterChainProxy$VirtualFilterChain.doFilter(FilterChainProxy.java:336)
	at org.springframework.security.web.context.SecurityContextPersistenceFilter.doFilter(SecurityContextPersistenceFilter.java:110)
	at org.springframework.security.web.context.SecurityContextPersistenceFilter.doFilter(SecurityContextPersistenceFilter.java:80)
	at org.springframework.security.web.FilterChainProxy$VirtualFilterChain.doFilter(FilterChainProxy.java:336)
	at org.springframework.security.web.context.request.async.WebAsyncManagerIntegrationFilter.doFilterInternal(WebAsyncManagerIntegrationFilter.java:55)
	at org.springframework.web.filter.OncePerRequestFilter.doFilter(OncePerRequestFilter.java:119)
	at org.springframework.security.web.FilterChainProxy$VirtualFilterChain.doFilter(FilterChainProxy.java:336)
	at org.springframework.security.web.FilterChainProxy.doFilterInternal(FilterChainProxy.java:211)
	at org.springframework.security.web.FilterChainProxy.doFilter(FilterChainProxy.java:183)
	at org.springframework.web.filter.DelegatingFilterProxy.invokeDelegate(DelegatingFilterProxy.java:358)
	at org.springframework.web.filter.DelegatingFilterProxy.doFilter(DelegatingFilterProxy.java:271)
	at org.apache.catalina.core.ApplicationFilterChain.internalDoFilter(ApplicationFilterChain.java:189)
	at org.apache.catalina.core.ApplicationFilterChain.doFilter(ApplicationFilterChain.java:162)
	at org.springframework.web.filter.RequestContextFilter.doFilterInternal(RequestContextFilter.java:100)
	at org.springframework.web.filter.OncePerRequestFilter.doFilter(OncePerRequestFilter.java:119)
	at org.apache.catalina.core.ApplicationFilterChain.internalDoFilter(ApplicationFilterChain.java:189)
	at org.apache.catalina.core.ApplicationFilterChain.doFilter(ApplicationFilterChain.java:162)
	at org.springframework.web.filter.FormContentFilter.doFilterInternal(FormContentFilter.java:93)
	at org.springframework.web.filter.OncePerRequestFilter.doFilter(OncePerRequestFilter.java:119)
	at org.apache.catalina.core.ApplicationFilterChain.internalDoFilter(ApplicationFilterChain.java:189)
	at org.apache.catalina.core.ApplicationFilterChain.doFilter(ApplicationFilterChain.java:162)
	at org.springframework.web.filter.CharacterEncodingFilter.doFilterInternal(CharacterEncodingFilter.java:201)
	at org.springframework.web.filter.OncePerRequestFilter.doFilter(OncePerRequestFilter.java:119)
	at org.apache.catalina.core.ApplicationFilterChain.internalDoFilter(ApplicationFilterChain.java:189)
	at org.apache.catalina.core.ApplicationFilterChain.doFilter(ApplicationFilterChain.java:162)
	at org.apache.catalina.core.StandardWrapperValve.invoke(StandardWrapperValve.java:197)
	at org.apache.catalina.core.StandardContextValve.invoke(StandardContextValve.java:97)
	at org.apache.catalina.authenticator.AuthenticatorBase.invoke(AuthenticatorBase.java:540)
	at org.apache.catalina.core.StandardHostValve.invoke(StandardHostValve.java:135)
	at org.apache.catalina.valves.ErrorReportValve.invoke(ErrorReportValve.java:92)
	at org.apache.catalina.core.StandardEngineValve.invoke(StandardEngineValve.java:78)
	at org.apache.catalina.connector.CoyoteAdapter.service(CoyoteAdapter.java:357)
	at org.apache.coyote.http11.Http11Processor.service(Http11Processor.java:382)
	at org.apache.coyote.AbstractProcessorLight.process(AbstractProcessorLight.java:65)
	at org.apache.coyote.AbstractProtocol$ConnectionHandler.process(AbstractProtocol.java:895)
	at org.apache.tomcat.util.net.NioEndpoint$SocketProcessor.doRun(NioEndpoint.java:1722)
	at org.apache.tomcat.util.net.SocketProcessorBase.run(SocketProcessorBase.java:49)
	at org.apache.tomcat.util.threads.ThreadPoolExecutor.runWorker(ThreadPoolExecutor.java:1191)
	at org.apache.tomcat.util.threads.ThreadPoolExecutor$Worker.run(ThreadPoolExecutor.java:659)
	at org.apache.tomcat.util.threads.TaskThread$WrappingRunnable.run(TaskThread.java:61)
	at java.base/java.lang.Thread.run(Thread.java:840)

[2025-01-01T11:28:13.9368859] Failed to download all learning paths for user 13
[2025-01-01T11:28:24.0485763] Starting comprehensive learning path verification for user 13
[2025-01-01T11:28:24.0521913] Checking path for user 13, course 126: NOT FOUND
[2025-01-01T11:28:24.0521913] Checking path for user 13, course 127: NOT FOUND
[2025-01-01T11:28:24.0532018] Checking path for user 13, course 128: NOT FOUND
[2025-01-01T11:28:24.0532018] Checking path for user 13, course 129: NOT FOUND
[2025-01-01T11:28:24.0548816] Starting download of missing learning paths for user 13: [126, 127, 128, 129]
[2025-01-01T11:28:24.0548816] Attempting to download learning path from URL: http://localhost:8000/learning_path/13/126
[2025-01-01T11:28:24.0548816] Target save location: C:\Users\mdfar\OneDrive\Desktop\finalupdated1\registration-login-spring-boot-security-thymeleaf\src\main\resources\static\data\data\learning_paths\13_126_path.json
[2025-01-01T11:30:49.408741] Successfully downloaded learning path for user 13, course 126
[2025-01-01T11:30:49.408741] Download details - Bytes transferred: 10002, Duration: 145354 ms
[2025-01-01T11:30:49.4110936] Verifying downloaded file - Size: 10002 bytes
[2025-01-01T11:30:49.4775011] First few lines of the downloaded file:
[2025-01-01T11:30:49.4798289]   {"learning_path":{"modules":[{"id":"M1","title":"Introduction to Graphic Design","description":"This module provides an overview of graphic design, its history, and the role of designers.","sub_modules":[{"id":"M1-S1","title":"History of Graphic Design","description":"Learn about the evolution of graphic design from ancient civilizations to modern times.","activities":[{"type":"quiz","title":"Quiz: History of Graphic Design","duration":"30 minutes","learning_objectives":[{"id":"lo1.1.1","description":"Identify the key milestones in the history of graphic design."},{"id":"lo1.1.2","description":"Explain the impact of each milestone on the development of graphic design."}],"id":"M1-S1-A1"}],"learning_outcomes":["lo1.1.1: Identify the key milestones in the history of graphic design.","lo1.1.2: Explain the impact of each milestone on the development of graphic design."]},{"id":"M1-S2","title":"Role of Graphic Designers","description":"Understand the responsibilities and challenges faced by graphic designers.","activities":[{"type":"activity","title":"Design Brief","duration":"60 minutes","learning_objectives":[{"id":"lo1.2.1","description":"Create a design brief that outlines the project requirements and goals."},{"id":"lo1.2.2","description":"Explain how to communicate effectively with clients and colleagues."}],"id":"M1-S2-A1"}],"learning_outcomes":["lo1.2.1: Create a design brief that outlines the project requirements and goals.","lo1.2.2: Explain how to communicate effectively with clients and colleagues."]}]},{"id":"M2","title":"Graphic Design Fundamentals","description":"Learn the principles of graphic design, including color theory, typography, and composition.","sub_modules":[{"id":"M2-S1","title":"Color Theory","description":"Understand how to select colors that create effective visual compositions.","activities":[{"type":"activity","title":"Color Palette Selection","duration":"90 minutes","learning_objectives":[{"id":"lo2.1.1","description":"Create a color palette that suits the design brief."},{"id":"lo2.1.2","description":"Explain how to apply color theory principles in graphic design."}],"id":"M2-S1-A1"}],"learning_outcomes":["lo2.1.1: Create a color palette that suits the design brief.","lo2.1.2: Explain how to apply color theory principles in graphic design."]},{"id":"M2-S2","title":"Typography","description":"Learn about the basics of typography, including font selection and text formatting.","activities":[{"type":"quiz","title":"Quiz: Typography","duration":"45 minutes","learning_objectives":[{"id":"lo2.2.1","description":"Select fonts that match the design brief."},{"id":"lo2.2.2","description":"Apply text formatting principles to enhance readability."}],"id":"M2-S2-A1"}],"learning_outcomes":["lo2.2.1: Select fonts that match the design brief.","lo2.2.2: Apply text formatting principles to enhance readability."]},{"id":"M2-S3","title":"Composition","description":"Understand how to create effective visual compositions using principles of balance, contrast, and alignment.","activities":[{"type":"activity","title":"Design Exercise","duration":"120 minutes","learning_objectives":[{"id":"lo2.3.1","description":"Create a visual composition that incorporates balance, contrast, and alignment."},{"id":"lo2.3.2","description":"Explain how to apply composition principles in graphic design."}],"id":"M2-S3-A1"}],"learning_outcomes":["lo2.3.1: Create a visual composition that incorporates balance, contrast, and alignment.","lo2.3.2: Explain how to apply composition principles in graphic design."]}]},{"id":"M3","title":"Graphic Design Tools","description":"Learn about popular graphic design software and tools, including Adobe Creative Suite.","sub_modules":[{"id":"M3-S1","title":"Adobe Creative Suite","description":"Understand the basics of Adobe Creative Suite, including Photoshop, Illustrator, and InDesign.","activities":[{"type":"activity","title":"Design Project","duration":"180 minutes","learning_objectives":[{"id":"lo3.1.1","description":"Create a design project using Adobe Creative Suite."},{"id":"lo3.1.2","description":"Explain how to use Adobe Creative Suite tools effectively."}],"id":"M3-S1-A1"}],"learning_outcomes":["lo3.1.1: Create a design project using Adobe Creative Suite.","lo3.1.2: Explain how to use Adobe Creative Suite tools effectively."]},{"id":"M3-S2","title":"Graphic Design Software","description":"Learn about other graphic design software, including Sketch and Figma.","activities":[{"type":"quiz","title":"Quiz: Graphic Design Software","duration":"60 minutes","learning_objectives":[{"id":"lo3.2.1","description":"Identify the key features of Sketch and Figma."},{"id":"lo3.2.2","description":"Explain how to apply graphic design principles using these software."}],"id":"M3-S2-A1"}],"learning_outcomes":["lo3.2.1: Identify the key features of Sketch and Figma.","lo3.2.2: Explain how to apply graphic design principles using these software."]}]},{"id":"M4","title":"Graphic Design Applications","description":"Apply graphic design skills to real-world projects and scenarios.","sub_modules":[{"id":"M4-S1","title":"Branding and Identity","description":"Learn how to create effective branding and identity systems for businesses.","activities":[{"type":"activity","title":"Brand Development","duration":"150 minutes","learning_objectives":[{"id":"lo4.1.1","description":"Create a brand development plan that outlines the key elements of the brand identity."},{"id":"lo4.1.2","description":"Explain how to apply branding principles in graphic design."}],"id":"M4-S1-A1"}],"learning_outcomes":["lo4.1.1: Create a brand development plan that outlines the key elements of the brand identity.","lo4.1.2: Explain how to apply branding principles in graphic design."]},{"id":"M4-S2","title":"Print and Digital Media","description":"Learn how to create effective print and digital media campaigns for businesses.","activities":[{"type":"activity","title":"Media Campaign Development","duration":"180 minutes","learning_objectives":[{"id":"lo4.2.1","description":"Create a media campaign plan that outlines the key elements of the print and digital media strategy."},{"id":"lo4.2.2","description":"Explain how to apply media principles in graphic design."}],"id":"M4-S2-A1"}],"learning_outcomes":["lo4.2.1: Create a media campaign plan that outlines the key elements of the print and digital media strategy.","lo4.2.2: Explain how to apply media principles in graphic design."]},{"id":"M4-S3","title":"Social Media and Online Engagement","description":"Learn how to create effective social media and online engagement campaigns for businesses.","activities":[{"type":"quiz","title":"Quiz: Social Media and Online Engagement","duration":"90 minutes","learning_objectives":[{"id":"lo4.3.1","description":"Identify the key elements of a successful social media campaign."},{"id":"lo4.3.2","description":"Explain how to apply social media principles in graphic design."}],"id":"M4-S3-A1"}],"learning_outcomes":["lo4.3.1: Identify the key elements of a successful social media campaign.","lo4.3.2: Explain how to apply social media principles in graphic design."]}]},{"id":"M5","title":"Advanced Graphic Design Topics","description":"Explore advanced topics in graphic design, including typography, color theory, and motion graphics.","sub_modules":[{"id":"M5-S1","title":"Typography","description":"Learn about the principles of typography, including font selection, typography for different media, and font pairing.","activities":[{"type":"activity","title":"Typography Exercise","duration":"120 minutes","learning_objectives":[{"id":"lo5.1.1","description":"Apply typography principles to create effective typography in graphic design."},{"id":"lo5.1.2","description":"Explain how to use typography effectively in different media formats."}],"id":"M5-S1-A1"}],"learning_outcomes":["lo5.1.1: Apply typography principles to create effective typography in graphic design.","lo5.1.2: Explain how to use typography effectively in different media formats."]},{"id":"M5-S2","title":"Color Theory","description":"Learn about the principles of color theory, including color harmony, contrast, and color psychology.","activities":[{"type":"quiz","title":"Quiz: Color Theory","duration":"90 minutes","learning_objectives":[{"id":"lo5.2.1","description":"Apply color theory principles to create effective color schemes in graphic design."},{"id":"lo5.2.2","description":"Explain how to use color effectively in different media formats."}],"id":"M5-S2-A1"}],"learning_outcomes":["lo5.2.1: Apply color theory principles to create effective color schemes in graphic design.","lo5.2.2: Explain how to use color effectively in different media formats."]},{"id":"M5-S3","title":"Motion Graphics","description":"Learn about the principles of motion graphics, including animation techniques, motion graphics software, and storytelling.","activities":[{"type":"activity","title":"Motion Graphics Project","duration":"180 minutes","learning_objectives":[{"id":"lo5.3.1","description":"Apply motion graphics principles to create effective motion graphics in graphic design."},{"id":"lo5.3.2","description":"Explain how to use motion graphics effectively in different media formats."}],"id":"M5-S3-A1"}],"learning_outcomes":["lo5.3.1: Apply motion graphics principles to create effective motion graphics in graphic design.","lo5.3.2: Explain how to use motion graphics effectively in different media formats."]}]}],"quiz_adaptations":[]},"course_id":126,"user_id":13,"quiz_performance":{"topic_scores":{"general":0.0,"problem_solving":50.0,"learning_style":0.0,"logical_reasoning":50.0,"mathematical":0.0,"motivation":100.0},"overall_score":30.0,"weak_areas":["general","problem_solving","learning_style","logical_reasoning","mathematical"],"strengths":["motivation"],"total_questions_answered":10,"question_distribution":{"general":1,"problem_solving":2,"learning_style":2,"logical_reasoning":2,"mathematical":2,"motivation":1}}}
[2025-01-01T11:30:49.4798289] Attempting to download learning path from URL: http://localhost:8000/learning_path/13/127
[2025-01-01T11:30:49.4798289] Target save location: C:\Users\mdfar\OneDrive\Desktop\finalupdated1\registration-login-spring-boot-security-thymeleaf\src\main\resources\static\data\data\learning_paths\13_127_path.json
[2025-01-01T11:33:25.8021619] Successfully downloaded learning path for user 13, course 127
[2025-01-01T11:33:25.8032322] Download details - Bytes transferred: 11153, Duration: 156323 ms
[2025-01-01T11:33:25.8032322] Verifying downloaded file - Size: 11153 bytes
[2025-01-01T11:33:25.8217162] First few lines of the downloaded file:
[2025-01-01T11:33:25.822806]   {"learning_path":{"modules":[{"id":"M1","title":"Introduction to Design Fundamentals","description":"This module will introduce the core concepts of design fundamentals, including color theory, typography, and composition.","sub_modules":[{"id":"M1-S1","title":"Color Theory Basics","description":"In this sub-module, students will learn about the color wheel, primary and secondary colors, and how to apply color theory in design.","activities":[{"id":"M1-S1-A1","title":"Color Wheel Exercise","description":"Students will complete a color wheel exercise to understand the relationships between colors."},{"id":"M1-S1-A2","title":"Designing with Colors","description":"Students will design a simple logo using color theory principles."}],"learning_outcomes":["Understand the basics of color theory and its application in design."]},{"id":"M1-S2","title":"Typography Basics","description":"In this sub-module, students will learn about font types, font sizes, and line spacing.","activities":[{"id":"M1-S2-A1","title":"Font Type Exercise","description":"Students will identify different font types and explain their usage."},{"id":"M1-S2-A2","title":"Typography Design","description":"Students will design a simple poster using typography principles."}],"learning_outcomes":["Understand the basics of typography and its application in design."]},{"id":"M1-S3","title":"Composition Basics","description":"In this sub-module, students will learn about the principles of composition, including balance, contrast, and alignment.","activities":[{"id":"M1-S3-A1","title":"Balance Exercise","description":"Students will create a balanced composition using images and text."},{"id":"M1-S3-A2","title":"Composition Design","description":"Students will design a simple infographic using composition principles."}],"learning_outcomes":["Understand the basics of composition and its application in design."]}]},{"id":"M2","title":"Problem Solving in Design","description":"This module will focus on developing problem-solving skills in design, including identifying problems, brainstorming solutions, and testing prototypes.","sub_modules":[{"id":"M2-S1","title":"Identifying Problems","description":"In this sub-module, students will learn how to identify problems in design and create personas and user journeys.","activities":[{"id":"M2-S1-A1","title":"Persona Exercise","description":"Students will create a persona for a fictional character based on real-world data."},{"id":"M2-S1-A2","title":"User Journey Exercise","description":"Students will create a user journey map for a simple task."}],"learning_outcomes":["Understand how to identify problems in design and create personas and user journeys."]},{"id":"M2-S2","title":"Brainstorming Solutions","description":"In this sub-module, students will learn about brainstorming techniques for generating innovative solutions to design problems.","activities":[{"id":"M2-S2-A1","title":"Mind Mapping Exercise","description":"Students will create a mind map to generate ideas for a simple problem."},{"id":"M2-S2-A2","title":"Brainstorming Session","description":"Students will participate in a group brainstorming session to generate solutions to a design problem."}],"learning_outcomes":["Understand how to use brainstorming techniques to generate innovative solutions to design problems."]},{"id":"M2-S3","title":"Testing Prototypes","description":"In this sub-module, students will learn about testing prototypes and gathering feedback from users.","activities":[{"id":"M2-S3-A1","title":"Usability Test Exercise","description":"Students will conduct a usability test on a simple prototype to gather feedback."},{"id":"M2-S3-A2","title":"A/B Testing Exercise","description":"Students will design and execute an A/B testing experiment to compare the performance of two prototypes."}],"learning_outcomes":["Understand how to test prototypes and gather feedback from users."]}]},{"id":"M3","title":"Logical Reasoning in Design","description":"This module will focus on developing logical reasoning skills in design, including understanding cause-and-effect relationships and making informed decisions.","sub_modules":[{"id":"M3-S1","title":"Cause-and-Effect Relationships","description":"In this sub-module, students will learn about the cause-and-effect relationships between design elements and user behavior.","activities":[{"id":"M3-S1-A1","title":"Cause-and-Effect Exercise","description":"Students will create a cause-and-effect diagram to illustrate the relationship between two design elements."},{"id":"M3-S1-A2","title":"Decision-Making Exercise","description":"Students will make informed decisions based on data and user feedback."}],"learning_outcomes":["Understand the cause-and-effect relationships between design elements and user behavior."]},{"id":"M3-S2","title":"Data Analysis","description":"In this sub-module, students will learn about data analysis techniques for making informed design decisions.","activities":[{"id":"M3-S2-A1","title":"Data Visualization Exercise","description":"Students will create a data visualization to present findings and insights."},{"id":"M3-S2-A2","title":"Statistical Analysis Exercise","description":"Students will perform statistical analysis to identify trends and patterns in user behavior."}],"learning_outcomes":["Understand data analysis techniques for making informed design decisions."]},{"id":"M3-S3","title":"Decision-Making","description":"In this sub-module, students will learn about decision-making strategies for designing effective solutions.","activities":[{"id":"M3-S3-A1","title":"Decision-Making Exercise","description":"Students will make informed decisions based on data and user feedback."},{"id":"M3-S3-A2","title":"Decision-Making Case Study","description":"Students will analyze a case study to identify decision-making strategies for designing effective solutions."}],"learning_outcomes":["Understand decision-making strategies for designing effective solutions."]}]},{"id":"M4","title":"Effective Design Communication","description":"This module will focus on developing skills for communicating design effectively, including presenting ideas and working with teams.","sub_modules":[{"id":"M4-S1","title":"Presenting Ideas","description":"In this sub-module, students will learn about techniques for presenting design ideas effectively to stakeholders and team members.","activities":[{"id":"M4-S1-A1","title":"Presentation Exercise","description":"Students will create a presentation to present their design idea."},{"id":"M4-S1-A2","title":"Feedback Session","description":"Students will participate in a feedback session to receive constructive criticism on their presentation."}],"learning_outcomes":["Understand techniques for presenting design ideas effectively."]},{"id":"M4-S2","title":"Working with Teams","description":"In this sub-module, students will learn about collaboration strategies and conflict resolution techniques for working effectively in teams.","activities":[{"id":"M4-S2-A1","title":"Team Collaboration Exercise","description":"Students will participate in a team collaboration exercise to work on a design project."},{"id":"M4-S2-A2","title":"Conflict Resolution Exercise","description":"Students will participate in a conflict resolution exercise to resolve disagreements with team members."}],"learning_outcomes":["Understand collaboration strategies and conflict resolution techniques for working effectively in teams."]},{"id":"M4-S3","title":"Design Communication Tools","description":"In this sub-module, students will learn about design communication tools and software to facilitate effective design communication.","activities":[{"id":"M4-S3-A1","title":"Design Tool Exercise","description":"Students will create a presentation using a design tool to communicate their design idea."},{"id":"M4-S3-A2","title":"Design Software Review","description":"Students will review and discuss different design software options for effective design communication."}],"learning_outcomes":["Understand design communication tools and software to facilitate effective design communication."]}]},{"id":"M5","title":"Final Project","description":"In this module, students will apply their knowledge and skills from previous modules to work on a final project that demonstrates their ability to solve real-world design problems.","sub_modules":[{"id":"M5-S1","title":"Project Planning","description":"Students will create a project plan and timeline for their final project.","activities":[{"id":"M5-S1-A1","title":"Project Plan Exercise","description":"Students will create a project plan and timeline for their final project."},{"id":"M5-S1-A2","title":"Project Management Tools Review","description":"Students will review and discuss different project management tools to use for effective project planning."}],"learning_outcomes":["Understand how to create a project plan and timeline for a design project."]},{"id":"M5-S2","title":"Research and Analysis","description":"Students will conduct research and analysis to identify problems and opportunities in their final project.","activities":[{"id":"M5-S2-A1","title":"Research Exercise","description":"Students will conduct research to identify problems and opportunities in their final project."},{"id":"M5-S2-A2","title":"Analysis Exercise","description":"Students will analyze data from their research to inform their design decisions."}],"learning_outcomes":["Understand how to conduct research and analysis to identify problems and opportunities in a design project."]},{"id":"M5-S3","title":"Design Solution","description":"Students will develop and refine their design solution based on their research and analysis.","activities":[{"id":"M5-S3-A1","title":"Design Exercise","description":"Students will develop and refine their design solution for their final project."},{"id":"M5-S3-A2","title":"Prototype Review","description":"Students will review and provide feedback on each other's prototypes for effective design solutions."}],"learning_outcomes":["Understand how to develop and refine a design solution based on research and analysis."]},{"id":"M5-S4","title":"Presenting the Final Project","description":"Students will present their final project to the class and receive feedback from peers and instructors.","activities":[{"id":"M5-S4-A1","title":"Presentation Exercise","description":"Students will create a presentation to showcase their final project."},{"id":"M5-S4-A2","title":"","description":""}],"learning_outcomes":["Understand how to present their design solution effectively and communicate the value of their work to others."]}]}]},"course_id":127,"user_id":13,"quiz_performance":{"topic_scores":{"general":0.0,"problem_solving":50.0,"learning_style":0.0,"logical_reasoning":50.0,"mathematical":0.0,"motivation":100.0},"overall_score":30.0,"weak_areas":["general","problem_solving","learning_style","logical_reasoning","mathematical"],"strengths":["motivation"],"total_questions_answered":10,"question_distribution":{"general":1,"problem_solving":2,"learning_style":2,"logical_reasoning":2,"mathematical":2,"motivation":1}}}
[2025-01-01T11:33:25.822806] Attempting to download learning path from URL: http://localhost:8000/learning_path/13/128
[2025-01-01T11:33:25.822806] Target save location: C:\Users\mdfar\OneDrive\Desktop\finalupdated1\registration-login-spring-boot-security-thymeleaf\src\main\resources\static\data\data\learning_paths\13_128_path.json
[2025-01-01T11:42:26.2408084] Detailed error downloading learning path for user 13, course 128:
[2025-01-01T11:42:26.2424827] Error message: Connection refused: connect
[2025-01-01T11:42:26.2424827] Error type: java.net.ConnectException
[2025-01-01T11:42:26.2452483] Full error stack trace:
[2025-01-01T11:42:26.2452483] java.net.ConnectException: Connection refused: connect
	at java.base/sun.nio.ch.Net.connect0(Native Method)
	at java.base/sun.nio.ch.Net.connect(Net.java:579)
	at java.base/sun.nio.ch.Net.connect(Net.java:568)
	at java.base/sun.nio.ch.NioSocketImpl.connect(NioSocketImpl.java:593)
	at java.base/java.net.Socket.connect(Socket.java:633)
	at java.base/java.net.Socket.connect(Socket.java:583)
	at java.base/sun.net.NetworkClient.doConnect(NetworkClient.java:183)
	at java.base/sun.net.www.http.HttpClient.openServer(HttpClient.java:533)
	at java.base/sun.net.www.http.HttpClient.openServer(HttpClient.java:638)
	at java.base/sun.net.www.http.HttpClient.parseHTTP(HttpClient.java:781)
	at java.base/sun.net.www.protocol.http.HttpURLConnection.getInputStream0(HttpURLConnection.java:1688)
	at java.base/sun.net.www.protocol.http.HttpURLConnection.getInputStream(HttpURLConnection.java:1589)
	at java.base/java.net.URL.openStream(URL.java:1161)
	at com.example.demo.service.LearningPathVerificationService.downloadLearningPath(LearningPathVerificationService.java:91)
	at com.example.demo.service.LearningPathVerificationService.verifyAndFetchLearningPaths(LearningPathVerificationService.java:194)
	at com.example.demo.web.LearningPathController.verifyLearningPaths(LearningPathController.java:45)
	at java.base/jdk.internal.reflect.NativeMethodAccessorImpl.invoke0(Native Method)
	at java.base/jdk.internal.reflect.NativeMethodAccessorImpl.invoke(NativeMethodAccessorImpl.java:77)
	at java.base/jdk.internal.reflect.DelegatingMethodAccessorImpl.invoke(DelegatingMethodAccessorImpl.java:43)
	at java.base/java.lang.reflect.Method.invoke(Method.java:568)
	at org.springframework.web.method.support.InvocableHandlerMethod.doInvoke(InvocableHandlerMethod.java:205)
	at org.springframework.web.method.support.InvocableHandlerMethod.invokeForRequest(InvocableHandlerMethod.java:150)
	at org.springframework.web.servlet.mvc.method.annotation.ServletInvocableHandlerMethod.invokeAndHandle(ServletInvocableHandlerMethod.java:117)
	at org.springframework.web.servlet.mvc.method.annotation.RequestMappingHandlerAdapter.invokeHandlerMethod(RequestMappingHandlerAdapter.java:895)
	at org.springframework.web.servlet.mvc.method.annotation.RequestMappingHandlerAdapter.handleInternal(RequestMappingHandlerAdapter.java:808)
	at org.springframework.web.servlet.mvc.method.AbstractHandlerMethodAdapter.handle(AbstractHandlerMethodAdapter.java:87)
	at org.springframework.web.servlet.DispatcherServlet.doDispatch(DispatcherServlet.java:1067)
	at org.springframework.web.servlet.DispatcherServlet.doService(DispatcherServlet.java:963)
	at org.springframework.web.servlet.FrameworkServlet.processRequest(FrameworkServlet.java:1006)
	at org.springframework.web.servlet.FrameworkServlet.doPost(FrameworkServlet.java:909)
	at javax.servlet.http.HttpServlet.service(HttpServlet.java:681)
	at org.springframework.web.servlet.FrameworkServlet.service(FrameworkServlet.java:883)
	at javax.servlet.http.HttpServlet.service(HttpServlet.java:764)
	at org.apache.catalina.core.ApplicationFilterChain.internalDoFilter(ApplicationFilterChain.java:227)
	at org.apache.catalina.core.ApplicationFilterChain.doFilter(ApplicationFilterChain.java:162)
	at org.apache.tomcat.websocket.server.WsFilter.doFilter(WsFilter.java:53)
	at org.apache.catalina.core.ApplicationFilterChain.internalDoFilter(ApplicationFilterChain.java:189)
	at org.apache.catalina.core.ApplicationFilterChain.doFilter(ApplicationFilterChain.java:162)
	at org.springframework.security.web.FilterChainProxy$VirtualFilterChain.doFilter(FilterChainProxy.java:327)
	at org.springframework.security.web.access.intercept.FilterSecurityInterceptor.invoke(FilterSecurityInterceptor.java:115)
	at org.springframework.security.web.access.intercept.FilterSecurityInterceptor.doFilter(FilterSecurityInterceptor.java:81)
	at org.springframework.security.web.FilterChainProxy$VirtualFilterChain.doFilter(FilterChainProxy.java:336)
	at org.springframework.security.web.access.ExceptionTranslationFilter.doFilter(ExceptionTranslationFilter.java:122)
	at org.springframework.security.web.access.ExceptionTranslationFilter.doFilter(ExceptionTranslationFilter.java:116)
	at org.springframework.security.web.FilterChainProxy$VirtualFilterChain.doFilter(FilterChainProxy.java:336)
	at org.springframework.security.web.session.SessionManagementFilter.doFilter(SessionManagementFilter.java:126)
	at org.springframework.security.web.session.SessionManagementFilter.doFilter(SessionManagementFilter.java:81)
	at org.springframework.security.web.FilterChainProxy$VirtualFilterChain.doFilter(FilterChainProxy.java:336)
	at org.springframework.security.web.authentication.AnonymousAuthenticationFilter.doFilter(AnonymousAuthenticationFilter.java:109)
	at org.springframework.security.web.FilterChainProxy$VirtualFilterChain.doFilter(FilterChainProxy.java:336)
	at org.springframework.security.web.servletapi.SecurityContextHolderAwareRequestFilter.doFilter(SecurityContextHolderAwareRequestFilter.java:149)
	at org.springframework.security.web.FilterChainProxy$VirtualFilterChain.doFilter(FilterChainProxy.java:336)
	at org.springframework.security.web.savedrequest.RequestCacheAwareFilter.doFilter(RequestCacheAwareFilter.java:63)
	at org.springframework.security.web.FilterChainProxy$VirtualFilterChain.doFilter(FilterChainProxy.java:336)
	at org.springframework.security.web.session.ConcurrentSessionFilter.doFilter(ConcurrentSessionFilter.java:147)
	at org.springframework.security.web.session.ConcurrentSessionFilter.doFilter(ConcurrentSessionFilter.java:125)
	at org.springframework.security.web.FilterChainProxy$VirtualFilterChain.doFilter(FilterChainProxy.java:336)
	at org.springframework.security.web.authentication.AbstractAuthenticationProcessingFilter.doFilter(AbstractAuthenticationProcessingFilter.java:219)
	at org.springframework.security.web.authentication.AbstractAuthenticationProcessingFilter.doFilter(AbstractAuthenticationProcessingFilter.java:213)
	at org.springframework.security.web.FilterChainProxy$VirtualFilterChain.doFilter(FilterChainProxy.java:336)
	at org.springframework.security.web.authentication.logout.LogoutFilter.doFilter(LogoutFilter.java:103)
	at org.springframework.security.web.authentication.logout.LogoutFilter.doFilter(LogoutFilter.java:89)
	at org.springframework.security.web.FilterChainProxy$VirtualFilterChain.doFilter(FilterChainProxy.java:336)
	at org.springframework.security.web.header.HeaderWriterFilter.doHeadersAfter(HeaderWriterFilter.java:90)
	at org.springframework.security.web.header.HeaderWriterFilter.doFilterInternal(HeaderWriterFilter.java:75)
	at org.springframework.web.filter.OncePerRequestFilter.doFilter(OncePerRequestFilter.java:119)
	at org.springframework.security.web.FilterChainProxy$VirtualFilterChain.doFilter(FilterChainProxy.java:336)
	at org.springframework.security.web.context.SecurityContextPersistenceFilter.doFilter(SecurityContextPersistenceFilter.java:110)
	at org.springframework.security.web.context.SecurityContextPersistenceFilter.doFilter(SecurityContextPersistenceFilter.java:80)
	at org.springframework.security.web.FilterChainProxy$VirtualFilterChain.doFilter(FilterChainProxy.java:336)
	at org.springframework.security.web.context.request.async.WebAsyncManagerIntegrationFilter.doFilterInternal(WebAsyncManagerIntegrationFilter.java:55)
	at org.springframework.web.filter.OncePerRequestFilter.doFilter(OncePerRequestFilter.java:119)
	at org.springframework.security.web.FilterChainProxy$VirtualFilterChain.doFilter(FilterChainProxy.java:336)
	at org.springframework.security.web.FilterChainProxy.doFilterInternal(FilterChainProxy.java:211)
	at org.springframework.security.web.FilterChainProxy.doFilter(FilterChainProxy.java:183)
	at org.springframework.web.filter.DelegatingFilterProxy.invokeDelegate(DelegatingFilterProxy.java:358)
	at org.springframework.web.filter.DelegatingFilterProxy.doFilter(DelegatingFilterProxy.java:271)
	at org.apache.catalina.core.ApplicationFilterChain.internalDoFilter(ApplicationFilterChain.java:189)
	at org.apache.catalina.core.ApplicationFilterChain.doFilter(ApplicationFilterChain.java:162)
	at org.springframework.web.filter.RequestContextFilter.doFilterInternal(RequestContextFilter.java:100)
	at org.springframework.web.filter.OncePerRequestFilter.doFilter(OncePerRequestFilter.java:119)
	at org.apache.catalina.core.ApplicationFilterChain.internalDoFilter(ApplicationFilterChain.java:189)
	at org.apache.catalina.core.ApplicationFilterChain.doFilter(ApplicationFilterChain.java:162)
	at org.springframework.web.filter.FormContentFilter.doFilterInternal(FormContentFilter.java:93)
	at org.springframework.web.filter.OncePerRequestFilter.doFilter(OncePerRequestFilter.java:119)
	at org.apache.catalina.core.ApplicationFilterChain.internalDoFilter(ApplicationFilterChain.java:189)
	at org.apache.catalina.core.ApplicationFilterChain.doFilter(ApplicationFilterChain.java:162)
	at org.springframework.web.filter.CharacterEncodingFilter.doFilterInternal(CharacterEncodingFilter.java:201)
	at org.springframework.web.filter.OncePerRequestFilter.doFilter(OncePerRequestFilter.java:119)
	at org.apache.catalina.core.ApplicationFilterChain.internalDoFilter(ApplicationFilterChain.java:189)
	at org.apache.catalina.core.ApplicationFilterChain.doFilter(ApplicationFilterChain.java:162)
	at org.apache.catalina.core.StandardWrapperValve.invoke(StandardWrapperValve.java:197)
	at org.apache.catalina.core.StandardContextValve.invoke(StandardContextValve.java:97)
	at org.apache.catalina.authenticator.AuthenticatorBase.invoke(AuthenticatorBase.java:540)
	at org.apache.catalina.core.StandardHostValve.invoke(StandardHostValve.java:135)
	at org.apache.catalina.valves.ErrorReportValve.invoke(ErrorReportValve.java:92)
	at org.apache.catalina.core.StandardEngineValve.invoke(StandardEngineValve.java:78)
	at org.apache.catalina.connector.CoyoteAdapter.service(CoyoteAdapter.java:357)
	at org.apache.coyote.http11.Http11Processor.service(Http11Processor.java:382)
	at org.apache.coyote.AbstractProcessorLight.process(AbstractProcessorLight.java:65)
	at org.apache.coyote.AbstractProtocol$ConnectionHandler.process(AbstractProtocol.java:895)
	at org.apache.tomcat.util.net.NioEndpoint$SocketProcessor.doRun(NioEndpoint.java:1722)
	at org.apache.tomcat.util.net.SocketProcessorBase.run(SocketProcessorBase.java:49)
	at org.apache.tomcat.util.threads.ThreadPoolExecutor.runWorker(ThreadPoolExecutor.java:1191)
	at org.apache.tomcat.util.threads.ThreadPoolExecutor$Worker.run(ThreadPoolExecutor.java:659)
	at org.apache.tomcat.util.threads.TaskThread$WrappingRunnable.run(TaskThread.java:61)
	at java.base/java.lang.Thread.run(Thread.java:840)

[2025-01-01T11:42:26.2573988] Attempting to download learning path from URL: http://localhost:8000/learning_path/13/129
[2025-01-01T11:42:26.2581874] Target save location: C:\Users\mdfar\OneDrive\Desktop\finalupdated1\registration-login-spring-boot-security-thymeleaf\src\main\resources\static\data\data\learning_paths\13_129_path.json
[2025-01-01T11:42:26.2604194] Detailed error downloading learning path for user 13, course 129:
[2025-01-01T11:42:26.2604194] Error message: Connection refused: connect
[2025-01-01T11:42:26.2604194] Error type: java.net.ConnectException
[2025-01-01T11:42:26.2614196] Full error stack trace:
[2025-01-01T11:42:26.262421] java.net.ConnectException: Connection refused: connect
	at java.base/sun.nio.ch.Net.connect0(Native Method)
	at java.base/sun.nio.ch.Net.connect(Net.java:579)
	at java.base/sun.nio.ch.Net.connect(Net.java:568)
	at java.base/sun.nio.ch.NioSocketImpl.connect(NioSocketImpl.java:593)
	at java.base/java.net.Socket.connect(Socket.java:633)
	at java.base/java.net.Socket.connect(Socket.java:583)
	at java.base/sun.net.NetworkClient.doConnect(NetworkClient.java:183)
	at java.base/sun.net.www.http.HttpClient.openServer(HttpClient.java:533)
	at java.base/sun.net.www.http.HttpClient.openServer(HttpClient.java:638)
	at java.base/sun.net.www.http.HttpClient.<init>(HttpClient.java:281)
	at java.base/sun.net.www.http.HttpClient.New(HttpClient.java:386)
	at java.base/sun.net.www.http.HttpClient.New(HttpClient.java:408)
	at java.base/sun.net.www.protocol.http.HttpURLConnection.getNewHttpClient(HttpURLConnection.java:1309)
	at java.base/sun.net.www.protocol.http.HttpURLConnection.plainConnect0(HttpURLConnection.java:1242)
	at java.base/sun.net.www.protocol.http.HttpURLConnection.plainConnect(HttpURLConnection.java:1128)
	at java.base/sun.net.www.protocol.http.HttpURLConnection.connect(HttpURLConnection.java:1057)
	at java.base/sun.net.www.protocol.http.HttpURLConnection.getInputStream0(HttpURLConnection.java:1665)
	at java.base/sun.net.www.protocol.http.HttpURLConnection.getInputStream(HttpURLConnection.java:1589)
	at java.base/java.net.URL.openStream(URL.java:1161)
	at com.example.demo.service.LearningPathVerificationService.downloadLearningPath(LearningPathVerificationService.java:91)
	at com.example.demo.service.LearningPathVerificationService.verifyAndFetchLearningPaths(LearningPathVerificationService.java:194)
	at com.example.demo.web.LearningPathController.verifyLearningPaths(LearningPathController.java:45)
	at java.base/jdk.internal.reflect.NativeMethodAccessorImpl.invoke0(Native Method)
	at java.base/jdk.internal.reflect.NativeMethodAccessorImpl.invoke(NativeMethodAccessorImpl.java:77)
	at java.base/jdk.internal.reflect.DelegatingMethodAccessorImpl.invoke(DelegatingMethodAccessorImpl.java:43)
	at java.base/java.lang.reflect.Method.invoke(Method.java:568)
	at org.springframework.web.method.support.InvocableHandlerMethod.doInvoke(InvocableHandlerMethod.java:205)
	at org.springframework.web.method.support.InvocableHandlerMethod.invokeForRequest(InvocableHandlerMethod.java:150)
	at org.springframework.web.servlet.mvc.method.annotation.ServletInvocableHandlerMethod.invokeAndHandle(ServletInvocableHandlerMethod.java:117)
	at org.springframework.web.servlet.mvc.method.annotation.RequestMappingHandlerAdapter.invokeHandlerMethod(RequestMappingHandlerAdapter.java:895)
	at org.springframework.web.servlet.mvc.method.annotation.RequestMappingHandlerAdapter.handleInternal(RequestMappingHandlerAdapter.java:808)
	at org.springframework.web.servlet.mvc.method.AbstractHandlerMethodAdapter.handle(AbstractHandlerMethodAdapter.java:87)
	at org.springframework.web.servlet.DispatcherServlet.doDispatch(DispatcherServlet.java:1067)
	at org.springframework.web.servlet.DispatcherServlet.doService(DispatcherServlet.java:963)
	at org.springframework.web.servlet.FrameworkServlet.processRequest(FrameworkServlet.java:1006)
	at org.springframework.web.servlet.FrameworkServlet.doPost(FrameworkServlet.java:909)
	at javax.servlet.http.HttpServlet.service(HttpServlet.java:681)
	at org.springframework.web.servlet.FrameworkServlet.service(FrameworkServlet.java:883)
	at javax.servlet.http.HttpServlet.service(HttpServlet.java:764)
	at org.apache.catalina.core.ApplicationFilterChain.internalDoFilter(ApplicationFilterChain.java:227)
	at org.apache.catalina.core.ApplicationFilterChain.doFilter(ApplicationFilterChain.java:162)
	at org.apache.tomcat.websocket.server.WsFilter.doFilter(WsFilter.java:53)
	at org.apache.catalina.core.ApplicationFilterChain.internalDoFilter(ApplicationFilterChain.java:189)
	at org.apache.catalina.core.ApplicationFilterChain.doFilter(ApplicationFilterChain.java:162)
	at org.springframework.security.web.FilterChainProxy$VirtualFilterChain.doFilter(FilterChainProxy.java:327)
	at org.springframework.security.web.access.intercept.FilterSecurityInterceptor.invoke(FilterSecurityInterceptor.java:115)
	at org.springframework.security.web.access.intercept.FilterSecurityInterceptor.doFilter(FilterSecurityInterceptor.java:81)
	at org.springframework.security.web.FilterChainProxy$VirtualFilterChain.doFilter(FilterChainProxy.java:336)
	at org.springframework.security.web.access.ExceptionTranslationFilter.doFilter(ExceptionTranslationFilter.java:122)
	at org.springframework.security.web.access.ExceptionTranslationFilter.doFilter(ExceptionTranslationFilter.java:116)
	at org.springframework.security.web.FilterChainProxy$VirtualFilterChain.doFilter(FilterChainProxy.java:336)
	at org.springframework.security.web.session.SessionManagementFilter.doFilter(SessionManagementFilter.java:126)
	at org.springframework.security.web.session.SessionManagementFilter.doFilter(SessionManagementFilter.java:81)
	at org.springframework.security.web.FilterChainProxy$VirtualFilterChain.doFilter(FilterChainProxy.java:336)
	at org.springframework.security.web.authentication.AnonymousAuthenticationFilter.doFilter(AnonymousAuthenticationFilter.java:109)
	at org.springframework.security.web.FilterChainProxy$VirtualFilterChain.doFilter(FilterChainProxy.java:336)
	at org.springframework.security.web.servletapi.SecurityContextHolderAwareRequestFilter.doFilter(SecurityContextHolderAwareRequestFilter.java:149)
	at org.springframework.security.web.FilterChainProxy$VirtualFilterChain.doFilter(FilterChainProxy.java:336)
	at org.springframework.security.web.savedrequest.RequestCacheAwareFilter.doFilter(RequestCacheAwareFilter.java:63)
	at org.springframework.security.web.FilterChainProxy$VirtualFilterChain.doFilter(FilterChainProxy.java:336)
	at org.springframework.security.web.session.ConcurrentSessionFilter.doFilter(ConcurrentSessionFilter.java:147)
	at org.springframework.security.web.session.ConcurrentSessionFilter.doFilter(ConcurrentSessionFilter.java:125)
	at org.springframework.security.web.FilterChainProxy$VirtualFilterChain.doFilter(FilterChainProxy.java:336)
	at org.springframework.security.web.authentication.AbstractAuthenticationProcessingFilter.doFilter(AbstractAuthenticationProcessingFilter.java:219)
	at org.springframework.security.web.authentication.AbstractAuthenticationProcessingFilter.doFilter(AbstractAuthenticationProcessingFilter.java:213)
	at org.springframework.security.web.FilterChainProxy$VirtualFilterChain.doFilter(FilterChainProxy.java:336)
	at org.springframework.security.web.authentication.logout.LogoutFilter.doFilter(LogoutFilter.java:103)
	at org.springframework.security.web.authentication.logout.LogoutFilter.doFilter(LogoutFilter.java:89)
	at org.springframework.security.web.FilterChainProxy$VirtualFilterChain.doFilter(FilterChainProxy.java:336)
	at org.springframework.security.web.header.HeaderWriterFilter.doHeadersAfter(HeaderWriterFilter.java:90)
	at org.springframework.security.web.header.HeaderWriterFilter.doFilterInternal(HeaderWriterFilter.java:75)
	at org.springframework.web.filter.OncePerRequestFilter.doFilter(OncePerRequestFilter.java:119)
	at org.springframework.security.web.FilterChainProxy$VirtualFilterChain.doFilter(FilterChainProxy.java:336)
	at org.springframework.security.web.context.SecurityContextPersistenceFilter.doFilter(SecurityContextPersistenceFilter.java:110)
	at org.springframework.security.web.context.SecurityContextPersistenceFilter.doFilter(SecurityContextPersistenceFilter.java:80)
	at org.springframework.security.web.FilterChainProxy$VirtualFilterChain.doFilter(FilterChainProxy.java:336)
	at org.springframework.security.web.context.request.async.WebAsyncManagerIntegrationFilter.doFilterInternal(WebAsyncManagerIntegrationFilter.java:55)
	at org.springframework.web.filter.OncePerRequestFilter.doFilter(OncePerRequestFilter.java:119)
	at org.springframework.security.web.FilterChainProxy$VirtualFilterChain.doFilter(FilterChainProxy.java:336)
	at org.springframework.security.web.FilterChainProxy.doFilterInternal(FilterChainProxy.java:211)
	at org.springframework.security.web.FilterChainProxy.doFilter(FilterChainProxy.java:183)
	at org.springframework.web.filter.DelegatingFilterProxy.invokeDelegate(DelegatingFilterProxy.java:358)
	at org.springframework.web.filter.DelegatingFilterProxy.doFilter(DelegatingFilterProxy.java:271)
	at org.apache.catalina.core.ApplicationFilterChain.internalDoFilter(ApplicationFilterChain.java:189)
	at org.apache.catalina.core.ApplicationFilterChain.doFilter(ApplicationFilterChain.java:162)
	at org.springframework.web.filter.RequestContextFilter.doFilterInternal(RequestContextFilter.java:100)
	at org.springframework.web.filter.OncePerRequestFilter.doFilter(OncePerRequestFilter.java:119)
	at org.apache.catalina.core.ApplicationFilterChain.internalDoFilter(ApplicationFilterChain.java:189)
	at org.apache.catalina.core.ApplicationFilterChain.doFilter(ApplicationFilterChain.java:162)
	at org.springframework.web.filter.FormContentFilter.doFilterInternal(FormContentFilter.java:93)
	at org.springframework.web.filter.OncePerRequestFilter.doFilter(OncePerRequestFilter.java:119)
	at org.apache.catalina.core.ApplicationFilterChain.internalDoFilter(ApplicationFilterChain.java:189)
	at org.apache.catalina.core.ApplicationFilterChain.doFilter(ApplicationFilterChain.java:162)
	at org.springframework.web.filter.CharacterEncodingFilter.doFilterInternal(CharacterEncodingFilter.java:201)
	at org.springframework.web.filter.OncePerRequestFilter.doFilter(OncePerRequestFilter.java:119)
	at org.apache.catalina.core.ApplicationFilterChain.internalDoFilter(ApplicationFilterChain.java:189)
	at org.apache.catalina.core.ApplicationFilterChain.doFilter(ApplicationFilterChain.java:162)
	at org.apache.catalina.core.StandardWrapperValve.invoke(StandardWrapperValve.java:197)
	at org.apache.catalina.core.StandardContextValve.invoke(StandardContextValve.java:97)
	at org.apache.catalina.authenticator.AuthenticatorBase.invoke(AuthenticatorBase.java:540)
	at org.apache.catalina.core.StandardHostValve.invoke(StandardHostValve.java:135)
	at org.apache.catalina.valves.ErrorReportValve.invoke(ErrorReportValve.java:92)
	at org.apache.catalina.core.StandardEngineValve.invoke(StandardEngineValve.java:78)
	at org.apache.catalina.connector.CoyoteAdapter.service(CoyoteAdapter.java:357)
	at org.apache.coyote.http11.Http11Processor.service(Http11Processor.java:382)
	at org.apache.coyote.AbstractProcessorLight.process(AbstractProcessorLight.java:65)
	at org.apache.coyote.AbstractProtocol$ConnectionHandler.process(AbstractProtocol.java:895)
	at org.apache.tomcat.util.net.NioEndpoint$SocketProcessor.doRun(NioEndpoint.java:1722)
	at org.apache.tomcat.util.net.SocketProcessorBase.run(SocketProcessorBase.java:49)
	at org.apache.tomcat.util.threads.ThreadPoolExecutor.runWorker(ThreadPoolExecutor.java:1191)
	at org.apache.tomcat.util.threads.ThreadPoolExecutor$Worker.run(ThreadPoolExecutor.java:659)
	at org.apache.tomcat.util.threads.TaskThread$WrappingRunnable.run(TaskThread.java:61)
	at java.base/java.lang.Thread.run(Thread.java:840)

[2025-01-01T11:42:26.2666086] Failed to download all learning paths for user 13
[2025-01-01T11:44:17.586631] Starting comprehensive learning path verification for user 13
[2025-01-01T11:44:17.5928079] Checking path for user 13, course 126: EXISTS
[2025-01-01T11:44:17.5928079] Checking path for user 13, course 127: EXISTS
[2025-01-01T11:44:17.5928079] Checking path for user 13, course 128: NOT FOUND
[2025-01-01T11:44:17.5928079] Checking path for user 13, course 129: NOT FOUND
[2025-01-01T11:44:17.5928079] Starting download of missing learning paths for user 13: [128, 129]
[2025-01-01T11:44:17.5928079] Attempting to download learning path from URL: http://localhost:8000/learning_path/13/128
[2025-01-01T11:44:17.5928079] Target save location: C:\Users\mdfar\OneDrive\Desktop\finalupdated1\registration-login-spring-boot-security-thymeleaf\src\main\resources\static\data\data\learning_paths\13_128_path.json
[2025-01-01T11:45:12.3616251] Successfully downloaded learning path for user 13, course 128
[2025-01-01T11:45:12.3616251] Download details - Bytes transferred: 4315, Duration: 54768 ms
[2025-01-01T11:45:12.3626243] Verifying downloaded file - Size: 4315 bytes
[2025-01-01T11:45:12.381179] First few lines of the downloaded file:
[2025-01-01T11:45:12.381179]   {"learning_path":{"modules":[{"id":"M1","title":"Introduction to Graphic Design","description":"This module introduces the fundamental principles of graphic design, including color theory, typography, and composition.","sub_modules":[{"id":"M1-S1","title":"Color Theory 101","description":"Learn the basics of color theory, including the color wheel, primary and secondary colors, and how to apply them in design.","activities":[{"type":"Quizzes","frequency":"Every 2 weeks","id":"M1-S1-A1"},{"type":"Tutorials","description":"Interactive tutorials on color theory, including exercises and quizzes.","id":"M1-S1-A2"}]},{"id":"M1-S2","title":"Typography Fundamentals","description":"Understand the basics of typography, including font types, font sizes, and line spacing.","activities":[{"type":"Quizzes","frequency":"Every 2 weeks","id":"M1-S2-A1"},{"type":"Exercises","description":"Practice exercises on typography, including font pairing and layout.","id":"M1-S2-A2"}]},{"id":"M1-S3","title":"Composition Basics","description":"Learn the fundamentals of composition, including balance, contrast, and negative space.","activities":[{"type":"Quizzes","frequency":"Every 2 weeks","id":"M1-S3-A1"},{"type":"Design Exercises","description":"Create design exercises on composition, including balanced layouts and negative space.","id":"M1-S3-A2"}]}],"duration":"Illustration of time constraints: 4-6 weeks (12-16 hours)"},{"id":"M2","title":"Graphic Design Software","description":"Learn industry-standard graphic design software, including Adobe Creative Cloud.","sub_modules":[{"id":"M2-S1","title":"Adobe Photoshop Basics","description":"Understand the basics of Adobe Photoshop, including layers, masking, and editing tools.","activities":[{"type":"Tutorials","frequency":"Every 4 weeks","id":"M2-S1-A1"},{"type":"Quizzes","frequency":"Every 2 weeks","id":"M2-S1-A2"}]},{"id":"M2-S2","title":"Adobe Illustrator Basics","description":"Understand the basics of Adobe Illustrator, including vectors, shapes, and typography.","activities":[{"type":"Tutorials","frequency":"Every 4 weeks","id":"M2-S2-A1"},{"type":"Quizzes","frequency":"Every 2 weeks","id":"M2-S2-A2"}]},{"id":"M2-S3","title":"Adobe InDesign Basics","description":"Understand the basics of Adobe InDesign, including page layout, text formatting, and visual effects.","activities":[{"type":"Tutorials","frequency":"Every 4 weeks","id":"M2-S3-A1"},{"type":"Quizzes","frequency":"Every 2 weeks","id":"M2-S3-A2"}]}],"duration":"Illustration of time constraints: 8-12 weeks (24-32 hours)"},{"id":"M3","title":"Graphic Design Principles","description":"Apply graphic design principles to create effective designs, including branding, marketing, and visual identity.","sub_modules":[{"id":"M3-S1","title":"Branding and Identity","description":"Learn how to create a brand identity, including logos, color schemes, and typography.","activities":[{"type":"Case Studies","frequency":"Every 4 weeks","id":"M3-S1-A1"},{"type":"Quizzes","frequency":"Every 2 weeks","id":"M3-S1-A2"}]},{"id":"M3-S2","title":"Marketing Materials","description":"Learn how to create effective marketing materials, including brochures, flyers, and social media graphics.","activities":[{"type":"Design Exercises","frequency":"Every 4 weeks","id":"M3-S2-A1"},{"type":"Quizzes","frequency":"Every 2 weeks","id":"M3-S2-A2"}]},{"id":"M3-S3","title":"Visual Identity","description":"Understand the importance of visual identity, including logos, color schemes, and typography.","activities":[{"type":"Quizzes","frequency":"Every 2 weeks","id":"M3-S3-A1"},{"type":"Design Exercises","description":"Create design exercises on visual identity.","id":"M3-S3-A2"}]}],"duration":"Illustration of time constraints: 8-12 weeks (24-32 hours)"}],"quiz_adaptations":["Difficulty Level","Frequency","Quizzes"]},"course_id":128,"user_id":13,"quiz_performance":{"topic_scores":{"general":0.0,"problem_solving":50.0,"learning_style":0.0,"logical_reasoning":50.0,"mathematical":0.0,"motivation":100.0},"overall_score":30.0,"weak_areas":["general","problem_solving","learning_style","logical_reasoning","mathematical"],"strengths":["motivation"],"total_questions_answered":10,"question_distribution":{"general":1,"problem_solving":2,"learning_style":2,"logical_reasoning":2,"mathematical":2,"motivation":1}}}
[2025-01-01T11:45:12.3821666] Attempting to download learning path from URL: http://localhost:8000/learning_path/13/129
[2025-01-01T11:45:12.3821666] Target save location: C:\Users\mdfar\OneDrive\Desktop\finalupdated1\registration-login-spring-boot-security-thymeleaf\src\main\resources\static\data\data\learning_paths\13_129_path.json
[2025-01-01T11:50:47.2698948] Successfully downloaded learning path for user 13, course 129
[2025-01-01T11:50:47.2698948] Download details - Bytes transferred: 25549, Duration: 334886 ms
[2025-01-01T11:50:47.2698948] Verifying downloaded file - Size: 25549 bytes
[2025-01-01T11:50:47.2840181] First few lines of the downloaded file:
[2025-01-01T11:50:47.2840181]   {"learning_path":{"modules":[{"id":"M1","title":"Understanding Design Thinking Fundamentals","description":"This module provides an introduction to the design thinking process, its history, and key concepts.","sub_modules":[{"id":"M1-S1","title":"Design Thinking History","description":"Explore the evolution of design thinking from its roots in problem-solving to its current applications.","activities":[{"id":"M1-S1-A1","title":"Reading: Design Thinking History","description":"Read and analyze articles on the history of design thinking.","duration":60},{"id":"M1-S1-A2","title":"Discussion: Evolution of Design Thinking","description":"Participate in a discussion to understand how design thinking has evolved over time.","duration":90}],"learning_outcomes":["Understand the history and evolution of design thinking."]},{"id":"M1-S2","title":"Design Thinking Key Concepts","description":"Learn about key concepts in design thinking, including empathy, ideation, prototyping, and testing.","activities":[{"id":"M1-S2-A1","title":"Reading: Design Thinking Key Concepts","description":"Read articles on the key concepts of design thinking.","duration":90},{"id":"M1-S2-A2","title":"Case Study: Applying Design Thinking to a Problem","description":"Analyze a case study on applying design thinking to solve a real-world problem.","duration":120}],"learning_outcomes":["Understand the key concepts of design thinking and how they apply to solving problems."]}],"duration":"> 2 weeks"},{"id":"M2","title":"Empathy and Understanding User Needs","description":"This module focuses on empathy and understanding user needs, including researching users and creating personas.","sub_modules":[{"id":"M2-S1","title":"Researching Users","description":"Learn how to research users, including methods such as interviews, surveys, and observations.","activities":[{"id":"M2-S1-A1","title":"Interviews: Understanding User Needs","description":"Conduct mock interviews to understand user needs and behaviors.","duration":90},{"id":"M2-S1-A2","title":"Survey Design: Creating Effective Surveys","description":"Learn how to design effective surveys to gather user data.","duration":120}],"learning_outcomes":["Understand the importance of researching users and create personas that represent user needs."]},{"id":"M2-S2","title":"Creating Personas","description":"Learn how to create personas that represent user needs, including identifying user characteristics and behaviors.","activities":[{"id":"M2-S2-A1","title":"Persona Development: Understanding User Characteristics","description":"Develop a persona that represents user needs, including identifying user characteristics and behaviors.","duration":90},{"id":"M2-S2-A2","title":"Persona Analysis: Identifying User Patterns","description":"Analyze personas to identify patterns and trends in user behavior.","duration":120}],"learning_outcomes":["Create a persona that represents user needs and understands the characteristics and behaviors of users."]}],"duration":"> 2 weeks"},{"id":"M3","title":"Ideation and Creative Problem-Solving","description":"This module focuses on ideation and creative problem-solving, including techniques such as brainstorming and mind mapping.","sub_modules":[{"id":"M3-S1","title":"Brainstorming Techniques","description":"Learn various brainstorming techniques to generate ideas and solutions.","activities":[{"id":"M3-S1-A1","title":"Brainstorming Session: Generating Ideas","description":"Participate in a brainstorming session to generate ideas and solutions.","duration":90},{"id":"M3-S1-A2","title":"Mind Mapping: Visualizing Ideas","description":"Learn how to create mind maps to visualize and organize ideas.","duration":120}],"learning_outcomes":["Understand various brainstorming techniques and learn to generate effective ideas."]},{"id":"M3-S2","title":"Mind Mapping: Visualizing Ideas","description":"Learn how to create mind maps to visualize and organize ideas, including using symbols and colors.","activities":[{"id":"M3-S2-A1","title":"Mind Map Creation: Visualizing Ideas","description":"Create a mind map to visualize and organize ideas.","duration":90},{"id":"M3-S2-A2","title":"Mind Map Analysis: Identifying Patterns","description":"Analyze mind maps to identify patterns and trends in user behavior.","duration":120}],"learning_outcomes":["Create effective mind maps to visualize and organize ideas."]}],"duration":"> 2 weeks"},{"id":"M4","title":"Prototyping and Testing","description":"This module focuses on prototyping and testing, including creating prototypes and conducting user tests.","sub_modules":[{"id":"M4-S1","title":"Creating Prototypes","description":"Learn how to create prototypes that represent user needs, including using design tools such as Sketch or Figma.","activities":[{"id":"M4-S1-A1","title":"Prototype Development: Creating User-Centered Designs","description":"Create a prototype that represents user needs, including identifying user characteristics and behaviors.","duration":120},{"id":"M4-S1-A2","title":"Prototype Testing: Conducting User Tests","description":"Conduct user tests to validate prototypes and gather feedback from users.","duration":90}],"learning_outcomes":["Create effective prototypes that represent user needs."]},{"id":"M4-S2","title":"User Testing: Conducting Validated Tests","description":"Learn how to conduct validated user tests, including recruiting participants and analyzing results.","activities":[{"id":"M4-S2-A1","title":"Recruiting Participants: Understanding User Needs","description":"Understand how to recruit participants for user tests, including identifying user characteristics and behaviors.","duration":90},{"id":"M4-S2-A2","title":"Analyzing Results: Identifying Patterns and Trends","description":"Analyze results from user tests to identify patterns and trends in user behavior.","duration":120}],"learning_outcomes":["Conduct validated user tests to validate prototypes and gather feedback from users."]}],"duration":"> 2 weeks"},{"id":"M5","title":"Designing a Solution","description":"This module focuses on designing a solution that meets user needs, including creating a design concept and developing a design plan.","sub_modules":[{"id":"M5-S1","title":"Design Concept Development","description":"Learn how to develop a design concept that represents user needs, including using design tools such as Sketch or Figma.","activities":[{"id":"M5-S1-A1","title":"Design Concept Creation: Developing a User-Centered Design","description":"Develop a design concept that represents user needs, including identifying user characteristics and behaviors.","duration":120},{"id":"M5-S1-A2","title":"Design Concept Analysis: Identifying Patterns and Trends","description":"Analyze design concepts to identify patterns and trends in user behavior.","duration":90}],"learning_outcomes":["Develop effective design concepts that represent user needs."]},{"id":"M5-S2","title":"Design Plan Development","description":"Learn how to develop a design plan that meets user needs, including creating a design specification and developing a project timeline.","activities":[{"id":"M5-S2-A1","title":"Design Specification Creation: Developing a User-Centered Design","description":"Develop a design specification that represents user needs, including identifying user characteristics and behaviors.","duration":120},{"id":"M5-S2-A2","title":"Project Timeline Development: Creating a Project Schedule","description":"Create a project timeline that meets user needs, including identifying milestones and deadlines.","duration":90}],"learning_outcomes":["Develop effective design plans that meet user needs."]}],"duration":"> 2 weeks"},{"id":"M6","title":"Designing for Usability and Accessibility","description":"This module focuses on designing for usability and accessibility, including creating a user experience that is accessible to all users.","sub_modules":[{"id":"M6-S1","title":"Usability Testing: Conducting Validated Tests","description":"Learn how to conduct validated usability tests, including recruiting participants and analyzing results.","activities":[{"id":"M6-S1-A1","title":"Recruiting Participants: Understanding User Needs","description":"Understand how to recruit participants for usability tests, including identifying user characteristics and behaviors.","duration":90},{"id":"M6-S1-A2","title":"Analyzing Results: Identifying Patterns and Trends","description":"Analyze results from usability tests to identify patterns and trends in user behavior.","duration":120}],"learning_outcomes":["Conduct validated usability tests to validate user experience."]},{"id":"M6-S2","title":"Accessibility Testing: Conducting Validated Tests","description":"Learn how to conduct validated accessibility tests, including recruiting participants and analyzing results.","activities":[{"id":"M6-S2-A1","title":"Recruiting Participants: Understanding User Needs","description":"Understand how to recruit participants for accessibility tests, including identifying user characteristics and behaviors.","duration":90},{"id":"M6-S2-A2","title":"Analyzing Results: Identifying Patterns and Trends","description":"Analyze results from accessibility tests to identify patterns and trends in user behavior.","duration":120}],"learning_outcomes":["Conduct validated accessibility tests to validate user experience."]}],"duration":"> 2 weeks"},{"id":"M7","title":"Designing for Sustainability and Social Responsibility","description":"This module focuses on designing for sustainability and social responsibility, including creating a design concept that is sustainable and socially responsible.","sub_modules":[{"id":"M7-S1","title":"Sustainability Testing: Conducting Validated Tests","description":"Learn how to conduct validated sustainability tests, including recruiting participants and analyzing results.","activities":[{"id":"M7-S1-A1","title":"Recruiting Participants: Understanding User Needs","description":"Understand how to recruit participants for sustainability tests, including identifying user characteristics and behaviors.","duration":90},{"id":"M7-S1-A2","title":"Analyzing Results: Identifying Patterns and Trends","description":"Analyze results from sustainability tests to identify patterns and trends in user behavior.","duration":120}],"learning_outcomes":["Conduct validated sustainability tests to validate design."]},{"id":"M7-S2","title":"Social Responsibility Testing: Conducting Validated Tests","description":"Learn how to conduct validated social responsibility tests, including recruiting participants and analyzing results.","activities":[{"id":"M7-S2-A1","title":"Recruiting Participants: Understanding User Needs","description":"Understand how to recruit participants for social responsibility tests, including identifying user characteristics and behaviors.","duration":90},{"id":"M7-S2-A2","title":"Analyzing Results: Identifying Patterns and Trends","description":"Analyze results from social responsibility tests to identify patterns and trends in user behavior.","duration":120}],"learning_outcomes":["Conduct validated social responsibility tests to validate design."]}],"duration":"> 2 weeks"},{"id":"M8","title":"Finalizing and Presenting the Design","description":"This module focuses on finalizing and presenting the design, including creating a presentation that showcases the design's benefits and value.","sub_modules":[{"id":"M8-S1","title":"Design Finalization: Reviewing and Refining the Design","description":"Review and refine the design to ensure it meets user needs and is effective in achieving its goals.","activities":[{"id":"M8-S1-A1","title":"Conducting a Final Review of the Design","description":"Conduct a final review of the design to identify any areas for improvement and refine the design accordingly.","duration":120},{"id":"M8-S1-A2","title":"Refining the Design Based on Feedback","description":"Refine the design based on feedback from stakeholders, including identifying and addressing any concerns or issues.","duration":90}],"learning_outcomes":["Finalize the design by refining it to meet user needs."]},{"id":"M8-S2","title":"Creating a Presentation: Showcasing the Design's Benefits and Value","description":"Create a presentation that showcases the design's benefits and value, including identifying key features and highlighting their importance.","activities":[{"id":"M8-S2-A1","title":"Identifying Key Features of the Design","description":"Identify key features of the design and determine their relative importance in terms of user experience and business goals.","duration":120},{"id":"M8-S2-A2","title":"Creating a Presentation That Showcases the Design's Benefits and Value","description":"Create a presentation that showcases the design's benefits and value, including using visual aids to illustrate key points.","duration":90}],"learning_outcomes":["Create a presentation that effectively showcases the design's benefits and value."]}],"duration":"> 2 weeks"},{"id":"M9","title":"Designing for Technology and Emerging Trends","description":"This module focuses on designing for technology and emerging trends, including creating a design concept that incorporates emerging technologies and trends.","sub_modules":[{"id":"M9-S1","title":"Technology Research: Identifying Emerging Technologies and Trends","description":"Research emerging technologies and trends to identify their potential impact on user experience and business goals.","activities":[{"id":"M9-S1-A1","title":"Conducting a Review of Emerging Technologies and Trends","description":"Conduct a review of emerging technologies and trends to identify their potential impact on user experience and business goals.","duration":120},{"id":"M9-S1-A2","title":"Identifying Potential Impact on User Experience and Business Goals","description":"Analyze the potential impact of emerging technologies and trends on user experience and business goals.","duration":90}],"learning_outcomes":["Research emerging technologies and trends to identify their potential impact."]},{"id":"M9-S2","title":"Designing for Emerging Technologies and Trends","description":"Design a concept that incorporates emerging technologies and trends, including identifying key features and determining their relative importance.","activities":[{"id":"M9-S2-A1","title":"Identifying Key Features of the Design Concept","description":"Identify key features of the design concept and determine their relative importance in terms of user experience and business goals.","duration":120},{"id":"M9-S2-A2","title":"Designing the User Experience for Emerging Technologies and Trends","description":"Design a user experience that incorporates emerging technologies and trends, including using visual aids to illustrate key points.","duration":90}],"learning_outcomes":["Design a concept that effectively incorporates emerging technologies and trends."]}],"duration":"> 2 weeks"},{"id":"M10","title":"Creating a Sustainable Design Process","description":"This module focuses on creating a sustainable design process, including identifying key elements of a sustainable design process and designing for sustainability.","sub_modules":[{"id":"M10-S1","title":"Identifying Key Elements of a Sustainable Design Process","description":"Identify key elements of a sustainable design process, including reducing waste, using environmentally friendly materials, and promoting user well-being.","activities":[{"id":"M10-S1-A1","title":"Conducting a Review of Sustainable Design Principles","description":"Conduct a review of sustainable design principles to identify key elements of a sustainable design process.","duration":120},{"id":"M10-S1-A2","title":"Analyzing the Impact on User Well-being and Business Goals","description":"Analyze the impact of sustainable design principles on user well-being and business goals, including identifying potential benefits and challenges.","duration":90}],"learning_outcomes":["Identify key elements of a sustainable design process."]},{"id":"M10-S2","title":"Designing for Sustainability","description":"Design a concept that incorporates sustainable design principles, including reducing waste, using environmentally friendly materials, and promoting user well-being.","activities":[{"id":"M10-S2-A1","title":"Reducing Waste in the Design Process","description":"Reduce waste in the design process by minimizing the use of unnecessary materials and processes.","duration":120},{"id":"M10-S2-A2","title":"Designing for User Well-being and Business Goals","description":"Design a concept that promotes user well-being and achieves business goals, including using visual aids to illustrate key points.","duration":90}],"learning_outcomes":["Design a concept that effectively incorporates sustainable design principles."]}],"duration":"> 2 weeks"},{"id":"M11","title":"Final Project: Designing for Human-Centered Design Principles","description":"This module focuses on designing a final project that demonstrates human-centered design principles, including conducting user research, creating prototypes, and testing the design.","sub_modules":[{"id":"M11-S1","title":"Conducting User Research","description":"Conduct user research to identify user needs and goals, including gathering data through interviews, surveys, and usability tests.","activities":[{"id":"M11-S1-A1","title":"Designing a User Research Plan","description":"Design a user research plan that includes identifying target users, developing research methods, and collecting data.","duration":120},{"id":"M11-S1-A2","title":"Conducting User Interviews and Surveys","description":"Conduct user interviews and surveys to gather data on user needs and goals.","duration":90}],"learning_outcomes":["Conduct user research to identify user needs and goals."]},{"id":"M11-S2","title":"Creating Prototypes","description":"Create prototypes that demonstrate the design concept, including using visual aids to illustrate key points.","activities":[{"id":"M11-S2-A1","title":"Designing a Prototype Plan","description":"Design a prototype plan that includes identifying target users, developing design methods, and creating prototypes.","duration":120},{"id":"M11-S2-A2","title":"Creating Low-Fidelity Prototypes","description":"Create low-fidelity prototypes that demonstrate the design concept, including using visual aids to illustrate key points.","duration":90}],"learning_outcomes":["Create prototypes that effectively demonstrate the design concept."]},{"id":"M11-S3","title":"Testing Prototypes","description":"Test prototypes to gather feedback from users, including identifying usability issues and making design improvements.","activities":[{"id":"M11-S3-A1","title":"Designing a Testing Plan","description":"Design a testing plan that includes identifying target users, developing test methods, and creating test plans.","duration":120},{"id":"M11-S3-A2","title":"Conducting Usability Tests","description":"Conduct usability tests to gather feedback from users, including identifying usability issues and making design improvements.","duration":90}],"learning_outcomes":["Test prototypes to gather feedback from users."]},{"id":"M11-S4","title":"Refining the Design Concept","description":"Refine the design concept based on user feedback, including making design improvements and iterating on the design.","activities":[{"id":"M11-S4-A1","title":"Analyzing User Feedback","description":"Analyze user feedback to identify areas for improvement, including using visual aids to illustrate key points.","duration":120},{"id":"M11-S4-A2","title":"Designing the Final Design Concept","description":"Design a final design concept that incorporates user feedback and improves upon the original design.","duration":90}],"learning_outcomes":["Refine the design concept based on user feedback."]},{"id":"M11-S5","title":"Presenting the Final Project","description":"Present the final project to demonstrate human-centered design principles, including using visual aids to illustrate key points.","activities":[{"id":"M11-S5-A1","title":"Designing a Presentation Plan","description":"Design a presentation plan that includes identifying target audiences, developing presentation methods, and creating presentations.","duration":120},{"id":"M11-S5-A2","title":"Presenting the Final Project","description":"Present the final project to demonstrate human-centered design principles, including using visual aids to illustrate key points.","duration":90}],"learning_outcomes":["Present the final project to effectively demonstrate human-centered design principles."]}]},{"id":"M12","title":"Final Project Reflection and Evaluation","description":"Reflect on the final project and evaluate its success, including identifying key takeaways and areas for improvement.","sub_modules":[{"id":"M12-S1","title":"Reflecting on the Final Project","description":"Reflect on the final project to identify key successes and challenges, including using visual aids to illustrate key points.","activities":[{"id":"M12-S1-A1","title":"Analyzing Key Takeaways","description":"Analyze key takeaways from the final project, including identifying what went well and what didn't.","duration":120},{"id":"M12-S1-A2","title":"Reflecting on Design Process Challenges","description":"Reflect on design process challenges, including identifying areas for improvement and developing solutions.","duration":90}]},{"id":"M12-S2","title":"Evaluating the Final Project","description":"Evaluate the final project to determine its success, including using visual aids to illustrate key points.","activities":[{"id":"M12-S2-A1","title":"Assessing Design Outcomes","description":"Assess design outcomes, including identifying what was achieved and what could be improved.","duration":120},{"id":"M12-S2-A2","title":"Evaluating User Feedback","description":"Evaluate user feedback to determine its effectiveness in improving the final project, including using visual aids to illustrate key points.","duration":90}]}]},{"id":"M13","title":"Final Project Conclusion and Next Steps","description":"Conclude the final project by identifying next steps and developing a plan for ongoing improvement, including using visual aids to illustrate key points.","sub_modules":[{"id":"M13-S1","title":"Identifying Next Steps","description":"Identify next steps for improving future design projects, including developing a plan and setting goals.","activities":[{"id":"M13-S1-A1","title":"Developing an Improvement Plan","description":"Develop an improvement plan to address areas for improvement in the final project, including using visual aids to illustrate key points.","duration":120},{"id":"M13-S1-A2","title":"Setting Design Goals","description":"Set design goals and objectives for future projects, including identifying target audiences and developing strategies.","duration":90}]},{"id":"M13-S2","title":"Developing a Plan for Ongoing Improvement","description":"Develop a plan for ongoing improvement, including identifying resources needed and timelines.","activities":[{"id":"M13-S2-A1","title":"Identifying Resources Needed","description":"Identify resources needed to support ongoing improvement, including budget and personnel.","duration":120},{"id":"M13-S2-A2","title":"Developing a Timeline","description":"Develop a timeline for implementing the plan for ongoing improvement, including milestones and deadlines.","duration":90}]}]},{"id":"M14","title":"Final Project Completion Certification","description":"Obtain certification of completion by submitting a final project report and presentation, including using visual aids to illustrate key points.","sub_modules":[{"id":"M14-S1","title":"Preparing the Final Project Report","description":"Prepare a final project report that summarizes key findings and recommendations, including using visual aids to illustrate key points.","activities":[{"id":"M14-S1-A1","title":"Developing a Summary of Key Findings","description":"Develop a summary of key findings from the final project, including identifying major successes and challenges.","duration":120},{"id":"M14-S1-A2","title":"Preparing a Final Project Presentation","description":"Prepare a final project presentation that summarizes key findings and recommendations, including using visual aids to illustrate key points.","duration":90}]},{"id":"M14-S2","title":"Submitting the Final Project Report and Presentation","description":"Submit a final project report and presentation for certification of completion, including using visual aids to illustrate key points.","activities":[{"id":"M14-S2-A1","title":"Submitting the Report","description":"Submit the final project report for review and approval, including identifying key elements to highlight in the submission.","duration":120},{"id":"M14-S2-A2","title":"Presenting the Final Project Presentation","description":"Present a final project presentation that summarizes key findings and recommendations, including using visual aids to illustrate key points.","duration":90}]}]}]},"course_id":129,"user_id":13,"quiz_performance":{"topic_scores":{"general":0.0,"problem_solving":50.0,"learning_style":0.0,"logical_reasoning":50.0,"mathematical":0.0,"motivation":100.0},"overall_score":30.0,"weak_areas":["general","problem_solving","learning_style","logical_reasoning","mathematical"],"strengths":["motivation"],"total_questions_answered":10,"question_distribution":{"general":1,"problem_solving":2,"learning_style":2,"logical_reasoning":2,"mathematical":2,"motivation":1}}}
[2025-01-01T11:50:47.2850288] Successfully downloaded all missing learning paths for user 13
[2025-01-02T21:31:48.9732838] Starting comprehensive learning path verification for user 2
[2025-01-02T21:31:48.9761172] Checking path for user 2, course 161: NOT FOUND
[2025-01-02T21:31:48.9761172] Checking path for user 2, course 162: NOT FOUND
[2025-01-02T21:31:48.9761172] Starting download of missing learning paths for user 2: [161, 162]
[2025-01-02T21:31:48.9786875] Attempting to download learning path from URL: http://localhost:8000/learning_path/2/161
[2025-01-02T21:31:48.9786875] Target save location: C:\Users\mdfar\OneDrive\Desktop\contentcheckandget2\registration-login-spring-boot-security-thymeleaf\src\main\resources\static\data\data\learning_paths\2_161_path.json
[2025-01-02T21:33:48.7941257] Successfully downloaded learning path for user 2, course 161
[2025-01-02T21:33:48.7941257] Download details - Bytes transferred: 18902, Duration: 119816 ms
[2025-01-02T21:33:48.7964953] Verifying downloaded file - Size: 18902 bytes
[2025-01-02T21:33:48.8228707] First few lines of the downloaded file:
[2025-01-02T21:33:48.8244535]   {"learning_path":{"modules":[{"id":"M1","title":"Foundations of Business Leadership and Management","description":"This module introduces the basics of business leadership and management, including types of organizational structures, management styles, and leadership theories.","sub_modules":[{"id":"M1-S1","title":"Types of Organizational Structures","description":"This sub-module covers the different types of organizational structures, such as hierarchical, flat, matrix, and hybrid.","activities":[{"id":"M1-S1-A1","title":"Case Study: Analyzing an Organizational Structure","description":"Apply knowledge of different organizational structures to analyze a real-life case study."},{"id":"M1-S1-A2","title":"Quiz: Identifying Organizational Structures","description":"Test understanding of organizational structures through multiple-choice questions."}],"learning_outcomes":["Describe different types of organizational structures and their characteristics.","Explain how an organization's structure affects its performance."]},{"id":"M1-S2","title":"Management Styles","description":"This sub-module covers the different management styles, including autocratic, democratic, and laissez-faire.","activities":[{"id":"M1-S2-A1","title":"Case Study: Evaluating a Manager's Style","description":"Analyze a real-life case study to evaluate the effectiveness of a manager's style."},{"id":"M1-S2-A2","title":"Quiz: Understanding Management Styles","description":"Test understanding of different management styles through multiple-choice questions."}],"learning_outcomes":["Describe different management styles and their characteristics.","Explain how a manager's style affects team performance."]},{"id":"M1-S3","title":"Leadership Theories","description":"This sub-module covers the different leadership theories, including trait theory, contingency theory, and transformational theory.","activities":[{"id":"M1-S3-A1","title":"Case Study: Applying Leadership Theories","description":"Apply knowledge of leadership theories to a real-life case study."},{"id":"M1-S3-A2","title":"Quiz: Understanding Leadership Theories","description":"Test understanding of different leadership theories through multiple-choice questions."}],"learning_outcomes":["Describe the key principles of trait theory, contingency theory, and transformational theory.","Explain how these theories can be applied in real-life scenarios."]}]},{"id":"M2","title":"Strategic Management","description":"This module covers the different aspects of strategic management, including SWOT analysis and strategic planning.","sub_modules":[{"id":"M2-S1","title":"SWOT Analysis","description":"This sub-module covers the different tools used in SWOT analysis, including strengths, weaknesses, opportunities, and threats.","activities":[{"id":"M2-S1-A1","title":"Exercise: Conducting a SWOT Analysis","description":"Apply knowledge of SWOT analysis to a real-life case study."},{"id":"M2-S1-A2","title":"Quiz: Understanding SWOT Analysis Tools","description":"Test understanding of different tools used in SWOT analysis through multiple-choice questions."}],"learning_outcomes":["Describe the key elements of a SWOT analysis.","Explain how to use these elements to identify opportunities and threats."]},{"id":"M2-S2","title":"Strategic Planning","description":"This sub-module covers the different stages of strategic planning, including mission statement, vision statement, and action plan.","activities":[{"id":"M2-S2-A1","title":"Case Study: Developing a Strategic Plan","description":"Apply knowledge of strategic planning to develop a real-life case study's strategic plan."},{"id":"M2-S2-A2","title":"Quiz: Understanding Strategic Planning Stages","description":"Test understanding of the different stages of strategic planning through multiple-choice questions."}],"learning_outcomes":["Describe the key elements of a strategic plan.","Explain how to use these elements to achieve organizational goals."]},{"id":"M2-S3","title":"Competitive Analysis","description":"This sub-module covers the different tools used in competitive analysis, including Porter's Five Forces model and market segmentation.","activities":[{"id":"M2-S3-A1","title":"Exercise: Conducting a Competitive Analysis","description":"Apply knowledge of competitive analysis to a real-life case study."},{"id":"M2-S3-A2","title":"Quiz: Understanding Competitive Analysis Tools","description":"Test understanding of different tools used in competitive analysis through multiple-choice questions."}],"learning_outcomes":["Describe the key elements of Porter's Five Forces model and market segmentation.","Explain how to use these elements to identify competitors' strengths and weaknesses."]},{"id":"M2-S4","title":"Resource Allocation","description":"This sub-module covers the different methods used in resource allocation, including zero-base budgeting and activity-based costing.","activities":[{"id":"M2-S4-A1","title":"Exercise: Conducting a Resource Allocation Analysis","description":"Apply knowledge of resource allocation to a real-life case study."},{"id":"M2-S4-A2","title":"Quiz: Understanding Resource Allocation Methods","description":"Test understanding of different methods used in resource allocation through multiple-choice questions."}],"learning_outcomes":["Describe the key elements of zero-base budgeting and activity-based costing.","Explain how to use these elements to optimize resource allocation."]},{"id":"M2-S5","title":"Risk Management","description":"This sub-module covers the different tools used in risk management, including SWOT analysis and scenario planning.","activities":[{"id":"M2-S5-A1","title":"Exercise: Conducting a Risk Analysis","description":"Apply knowledge of risk management to a real-life case study."},{"id":"M2-S5-A2","title":"Quiz: Understanding Risk Management Tools","description":"Test understanding of different tools used in risk management through multiple-choice questions."}],"learning_outcomes":["Describe the key elements of SWOT analysis and scenario planning.","Explain how to use these elements to identify risks and develop mitigation strategies."]},{"id":"M2-S6","title":"Strategic Communication","description":"This sub-module covers the different aspects of strategic communication, including internal and external communications.","activities":[{"id":"M2-S6-A1","title":"Exercise: Developing a Strategic Communication Plan","description":"Apply knowledge of strategic communication to develop a real-life case study's plan."},{"id":"M2-S6-A2","title":"Quiz: Understanding Strategic Communication Principles","description":"Test understanding of different principles of strategic communication through multiple-choice questions."}],"learning_outcomes":["Describe the key elements of internal and external communications.","Explain how to use these elements to achieve organizational goals."]},{"id":"M2-S7","title":"Strategic Talent Management","description":"This sub-module covers the different aspects of strategic talent management, including succession planning and diversity and inclusion initiatives.","activities":[{"id":"M2-S7-A1","title":"Exercise: Developing a Succession Planning Strategy","description":"Apply knowledge of strategic talent management to develop a real-life case study's plan."},{"id":"M2-S7-A2","title":"Quiz: Understanding Strategic Talent Management Principles","description":"Test understanding of different principles of strategic talent management through multiple-choice questions."}],"learning_outcomes":["Describe the key elements of succession planning and diversity and inclusion initiatives.","Explain how to use these elements to achieve organizational goals."]},{"id":"M2-S8","title":"Strategic Change Management","description":"This sub-module covers the different aspects of strategic change management, including stakeholder engagement and organizational development.","activities":[{"id":"M2-S8-A1","title":"Exercise: Developing a Change Management Strategy","description":"Apply knowledge of strategic change management to develop a real-life case study's plan."},{"id":"M2-S8-A2","title":"Quiz: Understanding Strategic Change Management Principles","description":"Test understanding of different principles of strategic change management through multiple-choice questions."}],"learning_outcomes":["Describe the key elements of stakeholder engagement and organizational development.","Explain how to use these elements to achieve organizational goals."]},{"id":"M2-S9","title":"Strategic Performance Management","description":"This sub-module covers the different aspects of strategic performance management, including KPIs and benchmarking.","activities":[{"id":"M2-S9-A1","title":"Exercise: Developing a Performance Measurement Framework","description":"Apply knowledge of strategic performance management to develop a real-life case study's plan."},{"id":"M2-S9-A2","title":"Quiz: Understanding Strategic Performance Management Principles","description":"Test understanding of different principles of strategic performance management through multiple-choice questions."}],"learning_outcomes":["Describe the key elements of KPIs and benchmarking.","Explain how to use these elements to achieve organizational goals."]},{"id":"M2-S10","title":"Strategic Innovation","description":"This sub-module covers the different aspects of strategic innovation, including creative problem-solving and design thinking.","activities":[{"id":"M2-S10-A1","title":"Exercise: Developing a New Product or Service Idea","description":"Apply knowledge of strategic innovation to develop a real-life case study's plan."},{"id":"M2-S10-A2","title":"Quiz: Understanding Strategic Innovation Principles","description":"Test understanding of different principles of strategic innovation through multiple-choice questions."}],"learning_outcomes":["Describe the key elements of creative problem-solving and design thinking.","Explain how to use these elements to achieve organizational goals."]},{"id":"M2-S11","title":"Strategic Mergers and Acquisitions","description":"This sub-module covers the different aspects of strategic mergers and acquisitions, including due diligence and integration planning.","activities":[{"id":"M2-S11-A1","title":"Exercise: Conducting a Due Diligence Analysis","description":"Apply knowledge of strategic mergers and acquisitions to develop a real-life case study's plan."},{"id":"M2-S11-A2","title":"Quiz: Understanding Strategic Mergers and Acquisitions Principles","description":"Test understanding of different principles of strategic mergers and acquisitions through multiple-choice questions."}],"learning_outcomes":["Describe the key elements of due diligence and integration planning.","Explain how to use these elements to achieve organizational goals."]},{"id":"M2-S12","title":"Strategic Internationalization","description":"This sub-module covers the different aspects of strategic internationalization, including market research and export strategies.","activities":[{"id":"M2-S12-A1","title":"Exercise: Conducting a Market Research Analysis","description":"Apply knowledge of strategic internationalization to develop a real-life case study's plan."},{"id":"M2-S12-A2","title":"Quiz: Understanding Strategic Internationalization Principles","description":"Test understanding of different principles of strategic internationalization through multiple-choice questions."}],"learning_outcomes":["Describe the key elements of market research and export strategies.","Explain how to use these elements to achieve organizational goals."]},{"id":"M2-S13","title":"Strategic Sustainability","description":"This sub-module covers the different aspects of strategic sustainability, including environmental impact assessment and social responsibility.","activities":[{"id":"M2-S13-A1","title":"Exercise: Conducting an Environmental Impact Assessment","description":"Apply knowledge of strategic sustainability to develop a real-life case study's plan."},{"id":"M2-S13-A2","title":"Quiz: Understanding Strategic Sustainability Principles","description":"Test understanding of different principles of strategic sustainability through multiple-choice questions."}],"learning_outcomes":["Describe the key elements of environmental impact assessment and social responsibility.","Explain how to use these elements to achieve organizational goals."]},{"id":"M2-S14","title":"Strategic Risk Management","description":"This sub-module covers the different aspects of strategic risk management, including threat analysis and mitigation strategies.","activities":[{"id":"M2-S14-A1","title":"Exercise: Conducting a Threat Analysis","description":"Apply knowledge of strategic risk management to develop a real-life case study's plan."},{"id":"M2-S14-A2","title":"Quiz: Understanding Strategic Risk Management Principles","description":"Test understanding of different principles of strategic risk management through multiple-choice questions."}],"learning_outcomes":["Describe the key elements of threat analysis and mitigation strategies.","Explain how to use these elements to achieve organizational goals."]},{"id":"M2-S15","title":"Strategic Supply Chain Management","description":"This sub-module covers the different aspects of strategic supply chain management, including logistics and procurement planning.","activities":[{"id":"M2-S15-A1","title":"Exercise: Conducting a Logistics Analysis","description":"Apply knowledge of strategic supply chain management to develop a real-life case study's plan."},{"id":"M2-S15-A2","title":"Quiz: Understanding Strategic Supply Chain Management Principles","description":"Test understanding of different principles of strategic supply chain management through multiple-choice questions."}],"learning_outcomes":["Describe the key elements of logistics and procurement planning.","Explain how to use these elements to achieve organizational goals."]},{"id":"M2-S16","title":"Strategic Human Resources Management","description":"This sub-module covers the different aspects of strategic human resources management, including talent acquisition and employee engagement.","activities":[{"id":"M2-S16-A1","title":"Exercise: Conducting a Talent Acquisition Analysis","description":"Apply knowledge of strategic human resources management to develop a real-life case study's plan."},{"id":"M2-S16-A2","title":"Quiz: Understanding Strategic Human Resources Management Principles","description":"Test understanding of different principles of strategic human resources management through multiple-choice questions."}],"learning_outcomes":["Describe the key elements of talent acquisition and employee engagement.","Explain how to use these elements to achieve organizational goals."]},{"id":"M2-S17","title":"Strategic Information Technology Management","description":"This sub-module covers the different aspects of strategic information technology management, including IT strategy and implementation planning.","activities":[{"id":"M2-S17-A1","title":"Exercise: Conducting an IT Strategy Analysis","description":"Apply knowledge of strategic information technology management to develop a real-life case study's plan."},{"id":"M2-S17-A2","title":"Quiz: Understanding Strategic Information Technology Management Principles","description":"Test understanding of different principles of strategic information technology management through multiple-choice questions."}],"learning_outcomes":["Describe the key elements of IT strategy and implementation planning.","Explain how to use these elements to achieve organizational goals."]},{"id":"M2-S18","title":"Strategic Organizational Development","description":"This sub-module covers the different aspects of strategic organizational development, including organizational design and change management.","activities":[{"id":"M2-S18-A1","title":"Exercise: Conducting an Organizational Design Analysis","description":"Apply knowledge of strategic organizational development to develop a real-life case study's plan."},{"id":"M2-S18-A2","title":"Quiz: Understanding Strategic Organizational Development Principles","description":"Test understanding of different principles of strategic organizational development through multiple-choice questions."}],"learning_outcomes":["Describe the key elements of organizational design and change management.","Explain how to use these elements to achieve organizational goals."]},{"id":"M2-S19","title":"Strategic Business Continuity Management","description":"This sub-module covers the different aspects of strategic business continuity management, including disaster recovery planning and emergency response planning.","activities":[{"id":"M2-S19-A1","title":"Exercise: Conducting a Disaster Recovery Analysis","description":"Apply knowledge of strategic business continuity management to develop a real-life case study's plan."},{"id":"M2-S19-A2","title":"Quiz: Understanding Strategic Business Continuity Management Principles","description":"Test understanding of different principles of strategic business continuity management through multiple-choice questions."}],"learning_outcomes":["Describe the key elements of disaster recovery planning and emergency response planning.","Explain how to use these elements to achieve organizational goals."]},{"id":"M2-S20","title":"Strategic Innovation Management","description":"This sub-module covers the different aspects of strategic innovation management, including innovation strategy and implementation planning.","activities":[{"id":"M2-S20-A1","title":"Exercise: Conducting an Innovation Strategy Analysis","description":"Apply knowledge of strategic innovation management to develop a real-life case study's plan."},{"id":"M2-S20-A2","title":"Quiz: Understanding Strategic Innovation Management Principles","description":"Test understanding of different principles of strategic innovation management through multiple-choice questions."}],"learning_outcomes":["Describe the key elements of innovation strategy and implementation planning.","Explain how to use these elements to achieve organizational goals."]},{"id":"M2-S21","title":"Error","description":"ID 40 does not exist","activities":[{"id":"M2-S21-A1","title":"","description":""}]},{"id":"M2-S22","title":"Error","description":"ID 41 does not exist","activities":[{"id":"M2-S22-A1","title":"","description":""}]}]}]},"course_id":161,"user_id":2,"quiz_performance":{"topic_scores":{"general":100.0,"problem_solving":0.0,"learning_style":50.0,"logical_reasoning":100.0,"mathematical":100.0,"motivation":100.0},"overall_score":70.0,"weak_areas":["problem_solving","learning_style"],"strengths":["general","logical_reasoning","mathematical","motivation"],"total_questions_answered":10,"question_distribution":{"general":1,"problem_solving":2,"learning_style":2,"logical_reasoning":2,"mathematical":2,"motivation":1}}}
[2025-01-02T21:33:48.8250366] Attempting to download learning path from URL: http://localhost:8000/learning_path/2/162
[2025-01-02T21:33:48.8250366] Target save location: C:\Users\mdfar\OneDrive\Desktop\contentcheckandget2\registration-login-spring-boot-security-thymeleaf\src\main\resources\static\data\data\learning_paths\2_162_path.json
[2025-01-02T21:34:16.16106] Successfully downloaded learning path for user 2, course 162
[2025-01-02T21:34:16.16106] Download details - Bytes transferred: 3990, Duration: 27336 ms
[2025-01-02T21:34:16.165204] Verifying downloaded file - Size: 3990 bytes
[2025-01-02T21:34:16.1804528] First few lines of the downloaded file:
[2025-01-02T21:34:16.1804528]   {"learning_path":{"modules":[{"id":"M1","title":"Strategic Planning and Decision Making","description":"A comprehensive learning path for Strategic Planning and Decision Making with a focus on problem-solving, logical reasoning, motivation, and adaptive difficulty.","sub_modules":[{"id":"M1-S1","title":"Foundations of Strategic Planning","description":"This module introduces the basics of strategic planning, including goals, vision, mission statements, and SWOT analysis.","activities":[{"type":"Video Lecture","title":"Introduction to Strategic Planning","duration":30,"learning_objectives":["Define strategic planning","Understand the importance of a clear goal"],"id":"M1-S1-A1"},{"type":"Quiz","title":"Multiple Choice Questions on Goal Setting","id":"M1-S1-A2"},{"type":"Exercise","title":"Create a SWOT Analysis Template","id":"M1-S1-A3"}]},{"id":"M1-S2","title":"Strategic Decision Making and Problem Solving","description":"This module focuses on problem-solving, logical reasoning, and decision making in strategic planning.","activities":[{"type":"Case Study","title":"Analyzing a Strategic Business Problem","id":"M1-S2-A1"},{"type":"Video Lecture","title":"Logical Reasoning Techniques for Decision Making","id":"M1-S2-A2"},{"type":"Quiz","title":"Multiple Choice Questions on Logical Reasoning","id":"M1-S2-A3"}]}],"duration":"How Long Will it Take to Complete the Module?"},{"id":"M2","title":"Motivation and Learning Style in Strategic Planning","description":"This module addresses motivation, engagement, and individual learning styles.","sub_modules":[{"id":"M2-S1","title":"Understanding Your Learning Style","description":"Identify your learning preferences and how they impact your learning style.","activities":[{"type":"Quiz","title":"Learning Style Assessment","id":"M2-S1-A1"},{"type":"Video Lecture","title":"Understanding Different Learning Styles","id":"M2-S1-A2"}]},{"id":"M2-S2","title":"Boosting Motivation and Engagement in Strategic Planning","description":"Strategies to enhance motivation, engagement, and overall performance.","activities":[{"type":"Video Lecture","title":"Effective Learning Strategies","id":"M2-S2-A1"},{"type":"Exercise","title":"Identify Your Motivational Triggers","id":"M2-S2-A2"}]}],"duration":"How Will This Module Enhance My Strategic Planning Skills?"},{"id":"M3","title":"Putting it All Together: A Full-Strategic Planning Exercise","description":"Integrate the concepts and skills learned in all previous modules.","sub_modules":[{"id":"M3-S1","title":"Defining Goals and Objectives","description":"Identify your goals, create a clear vision, and set actionable objectives.","activities":[{"type":"Quiz","title":"Define Your Short-Term and Long-Term Goals","id":"M3-S1-A1"},{"type":"Video Lecture","title":"Creating a Vision Statement","id":"M3-S1-A2"}]},{"id":"M3-S2","title":"Strategic Business Planning","description":"Create a comprehensive business plan, including market analysis, competitive landscape, marketing strategies, financial projections, and resource allocation.","activities":[{"type":"Case Study","title":"Developing a Business Plan for a New Product","id":"M3-S2-A1"},{"type":"Video Lecture","title":"Understanding SWOT Analysis in Strategic Planning","id":"M3-S2-A2"}]}],"duration":"How Will This Module Help Me Apply My Knowledge?"}],"quiz_adaptations":["Quiz1: How Well Do You Understand the Goal Setting Principles?","Quiz2: Can You Apply Logical Reasoning Techniques in Strategic Decision Making?"]},"course_id":162,"user_id":2,"quiz_performance":{"topic_scores":{"general":100.0,"problem_solving":0.0,"learning_style":50.0,"logical_reasoning":100.0,"mathematical":100.0,"motivation":100.0},"overall_score":70.0,"weak_areas":["problem_solving","learning_style"],"strengths":["general","logical_reasoning","mathematical","motivation"],"total_questions_answered":10,"question_distribution":{"general":1,"problem_solving":2,"learning_style":2,"logical_reasoning":2,"mathematical":2,"motivation":1}}}
[2025-01-02T21:34:16.1804528] Successfully downloaded all missing learning paths for user 2
[2025-01-04T10:29:48.9530876] Starting comprehensive learning path verification for user 1
[2025-01-04T10:29:48.9697407] Checking path for user 1, course 163: NOT FOUND
[2025-01-04T10:29:48.9766081] Checking path for user 1, course 164: NOT FOUND
[2025-01-04T10:29:48.9766081] Checking path for user 1, course 165: NOT FOUND
[2025-01-04T10:29:48.9766081] Checking path for user 1, course 166: NOT FOUND
[2025-01-04T10:29:48.9766081] Starting download of missing learning paths for user 1: [163, 164, 165, 166]
[2025-01-04T10:29:48.9766081] Attempting to download learning path from URL: http://localhost:8000/learning_path/1/163
[2025-01-04T10:29:48.9766081] Target save location: C:\Users\mdfar\OneDrive\Desktop\contentcheckandget2\registration-login-spring-boot-security-thymeleaf\src\main\resources\static\data\data\learning_paths\1_163_path.json
[2025-01-04T10:30:29.0319793] Successfully downloaded learning path for user 1, course 163
[2025-01-04T10:30:29.0329789] Download details - Bytes transferred: 6055, Duration: 40050 ms
[2025-01-04T10:30:29.0339793] Verifying downloaded file - Size: 6055 bytes
[2025-01-04T10:30:29.0546411] First few lines of the downloaded file:
[2025-01-04T10:30:29.0570199]   {"learning_path":{"modules":[{"id":"M1","title":"Introduction to Design Principles","description":"This module will introduce the fundamental principles of design, including balance, proportion, emphasis, movement, pattern, unity, and contrast.","sub_modules":[{"id":"M1-S1","title":"Identify the Elements of Design","description":"This activity will introduce learners to the fundamental elements of design (line, shape, form, value, texture, color), and ask them to identify each element in a given image.","activities":[{"type":"Video Lecture","title":"What are the Elements of Design?","duration":20,"content":"A 20-minute video lecture explaining the elements of design, including their definitions and examples.","id":"M1-S1-A1"},{"type":"Interactive Quiz","title":"Identify the Elements of Design","duration":15,"content":"An interactive quiz that asks learners to identify the elements of design in a given image.","id":"M1-S1-A2"}]},{"id":"M1-S2","title":"Apply Design Principles to a Scenario","description":"This activity will ask learners to apply the design principles learned in this module to a real-world scenario, such as designing a room or creating a product label.","activities":[{"type":"Case Study","title":"Designing a Room","duration":30,"content":"A case study that provides learners with a hypothetical room design challenge and asks them to apply the design principles learned in this module to solve it.","id":"M1-S2-A1"},{"type":"Peer Review","title":"Reviewing Design Solutions","duration":20,"content":"A peer review activity where learners can share their designs with each other and provide feedback based on the design principles learned in this module.","id":"M1-S2-A2"}]}]},{"id":"M2","title":"Visual Elements of Design","description":"This module will delve deeper into the visual elements of design, including color, texture, and pattern.","sub_modules":[{"id":"M2-S1","title":"Understanding Color Theory","description":"This activity will introduce learners to the basics of color theory, including color harmony and contrast.","activities":[{"type":"Video Lecture","title":"Color Theory 101","duration":25,"content":"A 25-minute video lecture explaining the basics of color theory, including color harmony and contrast.","id":"M2-S1-A1"},{"type":"Interactive Quiz","title":"Color Theory Quiz","duration":20,"content":"An interactive quiz that tests learners' understanding of color theory.","id":"M2-S1-A2"}]},{"id":"M2-S2","title":"Applying Texture and Pattern","description":"This activity will ask learners to apply the concepts of texture and pattern learned in this module to a real-world scenario, such as designing a fabric or creating a graphic.","activities":[{"type":"Case Study","title":"Designing a Fabric","duration":30,"content":"A case study that provides learners with a hypothetical fabric design challenge and asks them to apply the concepts of texture and pattern learned in this module.","id":"M2-S2-A1"},{"type":"Collaborative Project","title":"Creating a Graphic","duration":40,"content":"A collaborative project where learners can work in pairs or groups to create a graphic design that incorporates texture and pattern.","id":"M2-S2-A2"}]}]},{"id":"M3","title":"Principles of Design","description":"This module will introduce learners to the principles of design, including balance, proportion, emphasis, movement, and contrast.","sub_modules":[{"id":"M3-S1","title":"Understanding Balance and Proportion","description":"This activity will introduce learners to the concepts of balance and proportion in design, including the principles of symmetry and asymmetry.","activities":[{"type":"Video Lecture","title":"Balance and Proportion 101","duration":25,"content":"A 25-minute video lecture explaining the concepts of balance and proportion in design.","id":"M3-S1-A1"},{"type":"Interactive Quiz","title":"Balance and Proportion Quiz","duration":20,"content":"An interactive quiz that tests learners' understanding of balance and proportion.","id":"M3-S1-A2"}]},{"id":"M3-S2","title":"Applying Emphasis and Movement","description":"This activity will ask learners to apply the concepts of emphasis and movement learned in this module to a real-world scenario, such as designing an advertisement or creating a product label.","activities":[{"type":"Case Study","title":"Designing an Advertisement","duration":30,"content":"A case study that provides learners with a hypothetical advertisement design challenge and asks them to apply the concepts of emphasis and movement learned in this module.","id":"M3-S2-A1"},{"type":"Peer Review","title":"Reviewing Emphasis and Movement","duration":20,"content":"A peer review activity where learners can share their designs with each other and provide feedback based on the principles of emphasis and movement learned in this module.","id":"M3-S2-A2"}]},{"id":"M3-S3","title":"Applying Contrast","description":"This activity will ask learners to apply the concept of contrast learned in this module to a real-world scenario, such as designing a logo or creating a graphic.","activities":[{"type":"Case Study","title":"Designing a Logo","duration":30,"content":"A case study that provides learners with a hypothetical logo design challenge and asks them to apply the concept of contrast learned in this module.","id":"M3-S3-A1"},{"type":"Collaborative Project","title":"Creating a Graphic","duration":40,"content":"A collaborative project where learners can work in pairs or groups to create a graphic design that incorporates contrast.","id":"M3-S3-A2"}]}]}]},"course_id":163,"user_id":1,"quiz_performance":{"topic_scores":{"general":0.0,"problem_solving":0.0,"learning_style":50.0,"logical_reasoning":100.0,"mathematical":0.0,"motivation":100.0},"overall_score":40.0,"weak_areas":["general","problem_solving","learning_style","mathematical"],"strengths":["logical_reasoning","motivation"],"total_questions_answered":10,"question_distribution":{"general":1,"problem_solving":2,"learning_style":2,"logical_reasoning":2,"mathematical":2,"motivation":1}}}
[2025-01-04T10:30:29.0570199] Attempting to download learning path from URL: http://localhost:8000/learning_path/1/164
[2025-01-04T10:30:29.0570199] Target save location: C:\Users\mdfar\OneDrive\Desktop\contentcheckandget2\registration-login-spring-boot-security-thymeleaf\src\main\resources\static\data\data\learning_paths\1_164_path.json
[2025-01-04T10:32:25.251691] Starting comprehensive learning path verification for user 1
[2025-01-04T10:32:25.2676942] Checking path for user 1, course 163: EXISTS
[2025-01-04T10:32:25.269012] Checking path for user 1, course 164: NOT FOUND
[2025-01-04T10:32:25.2695182] Checking path for user 1, course 165: NOT FOUND
[2025-01-04T10:32:25.2695182] Checking path for user 1, course 166: NOT FOUND
[2025-01-04T10:32:25.2700294] Starting download of missing learning paths for user 1: [164, 165, 166]
[2025-01-04T10:32:25.2705811] Attempting to download learning path from URL: http://localhost:8000/learning_path/1/164
[2025-01-04T10:32:25.2705811] Target save location: C:\Users\mdfar\OneDrive\Desktop\contentcheckandget2\registration-login-spring-boot-security-thymeleaf\src\main\resources\static\data\data\learning_paths\1_164_path.json
[2025-01-04T10:34:02.1837052] Detailed error downloading learning path for user 1, course 164:
[2025-01-04T10:34:02.1867103] Error message: null
[2025-01-04T10:34:02.188708] Error type: java.nio.channels.ClosedByInterruptException
[2025-01-04T10:34:02.1941523] Full error stack trace:
[2025-01-04T10:34:02.1951467] java.nio.channels.ClosedByInterruptException
	at java.base/java.nio.channels.spi.AbstractInterruptibleChannel.end(AbstractInterruptibleChannel.java:199)
	at java.base/sun.nio.ch.FileChannelImpl.endBlocking(FileChannelImpl.java:171)
	at java.base/sun.nio.ch.FileChannelImpl.size(FileChannelImpl.java:395)
	at java.base/sun.nio.ch.FileChannelImpl.transferFrom(FileChannelImpl.java:797)
	at com.example.demo.service.LearningPathVerificationService.downloadLearningPath(LearningPathVerificationService.java:94)
	at com.example.demo.service.LearningPathVerificationService.verifyAndFetchLearningPaths(LearningPathVerificationService.java:194)
	at com.example.demo.web.LearningPathController.verifyLearningPaths(LearningPathController.java:45)
	at java.base/jdk.internal.reflect.NativeMethodAccessorImpl.invoke0(Native Method)
	at java.base/jdk.internal.reflect.NativeMethodAccessorImpl.invoke(NativeMethodAccessorImpl.java:77)
	at java.base/jdk.internal.reflect.DelegatingMethodAccessorImpl.invoke(DelegatingMethodAccessorImpl.java:43)
	at java.base/java.lang.reflect.Method.invoke(Method.java:568)
	at org.springframework.web.method.support.InvocableHandlerMethod.doInvoke(InvocableHandlerMethod.java:205)
	at org.springframework.web.method.support.InvocableHandlerMethod.invokeForRequest(InvocableHandlerMethod.java:150)
	at org.springframework.web.servlet.mvc.method.annotation.ServletInvocableHandlerMethod.invokeAndHandle(ServletInvocableHandlerMethod.java:117)
	at org.springframework.web.servlet.mvc.method.annotation.RequestMappingHandlerAdapter.invokeHandlerMethod(RequestMappingHandlerAdapter.java:895)
	at org.springframework.web.servlet.mvc.method.annotation.RequestMappingHandlerAdapter.handleInternal(RequestMappingHandlerAdapter.java:808)
	at org.springframework.web.servlet.mvc.method.AbstractHandlerMethodAdapter.handle(AbstractHandlerMethodAdapter.java:87)
	at org.springframework.web.servlet.DispatcherServlet.doDispatch(DispatcherServlet.java:1067)
	at org.springframework.web.servlet.DispatcherServlet.doService(DispatcherServlet.java:963)
	at org.springframework.web.servlet.FrameworkServlet.processRequest(FrameworkServlet.java:1006)
	at org.springframework.web.servlet.FrameworkServlet.doPost(FrameworkServlet.java:909)
	at javax.servlet.http.HttpServlet.service(HttpServlet.java:681)
	at org.springframework.web.servlet.FrameworkServlet.service(FrameworkServlet.java:883)
	at javax.servlet.http.HttpServlet.service(HttpServlet.java:764)
	at org.apache.catalina.core.ApplicationFilterChain.internalDoFilter(ApplicationFilterChain.java:227)
	at org.apache.catalina.core.ApplicationFilterChain.doFilter(ApplicationFilterChain.java:162)
	at org.apache.tomcat.websocket.server.WsFilter.doFilter(WsFilter.java:53)
	at org.apache.catalina.core.ApplicationFilterChain.internalDoFilter(ApplicationFilterChain.java:189)
	at org.apache.catalina.core.ApplicationFilterChain.doFilter(ApplicationFilterChain.java:162)
	at org.springframework.security.web.FilterChainProxy$VirtualFilterChain.doFilter(FilterChainProxy.java:327)
	at org.springframework.security.web.access.intercept.FilterSecurityInterceptor.invoke(FilterSecurityInterceptor.java:115)
	at org.springframework.security.web.access.intercept.FilterSecurityInterceptor.doFilter(FilterSecurityInterceptor.java:81)
	at org.springframework.security.web.FilterChainProxy$VirtualFilterChain.doFilter(FilterChainProxy.java:336)
	at org.springframework.security.web.access.ExceptionTranslationFilter.doFilter(ExceptionTranslationFilter.java:122)
	at org.springframework.security.web.access.ExceptionTranslationFilter.doFilter(ExceptionTranslationFilter.java:116)
	at org.springframework.security.web.FilterChainProxy$VirtualFilterChain.doFilter(FilterChainProxy.java:336)
	at org.springframework.security.web.session.SessionManagementFilter.doFilter(SessionManagementFilter.java:126)
	at org.springframework.security.web.session.SessionManagementFilter.doFilter(SessionManagementFilter.java:81)
	at org.springframework.security.web.FilterChainProxy$VirtualFilterChain.doFilter(FilterChainProxy.java:336)
	at org.springframework.security.web.authentication.AnonymousAuthenticationFilter.doFilter(AnonymousAuthenticationFilter.java:109)
	at org.springframework.security.web.FilterChainProxy$VirtualFilterChain.doFilter(FilterChainProxy.java:336)
	at org.springframework.security.web.servletapi.SecurityContextHolderAwareRequestFilter.doFilter(SecurityContextHolderAwareRequestFilter.java:149)
	at org.springframework.security.web.FilterChainProxy$VirtualFilterChain.doFilter(FilterChainProxy.java:336)
	at org.springframework.security.web.savedrequest.RequestCacheAwareFilter.doFilter(RequestCacheAwareFilter.java:63)
	at org.springframework.security.web.FilterChainProxy$VirtualFilterChain.doFilter(FilterChainProxy.java:336)
	at org.springframework.security.web.session.ConcurrentSessionFilter.doFilter(ConcurrentSessionFilter.java:147)
	at org.springframework.security.web.session.ConcurrentSessionFilter.doFilter(ConcurrentSessionFilter.java:125)
	at org.springframework.security.web.FilterChainProxy$VirtualFilterChain.doFilter(FilterChainProxy.java:336)
	at org.springframework.security.web.authentication.AbstractAuthenticationProcessingFilter.doFilter(AbstractAuthenticationProcessingFilter.java:219)
	at org.springframework.security.web.authentication.AbstractAuthenticationProcessingFilter.doFilter(AbstractAuthenticationProcessingFilter.java:213)
	at org.springframework.security.web.FilterChainProxy$VirtualFilterChain.doFilter(FilterChainProxy.java:336)
	at org.springframework.security.web.authentication.logout.LogoutFilter.doFilter(LogoutFilter.java:103)
	at org.springframework.security.web.authentication.logout.LogoutFilter.doFilter(LogoutFilter.java:89)
	at org.springframework.security.web.FilterChainProxy$VirtualFilterChain.doFilter(FilterChainProxy.java:336)
	at org.springframework.security.web.header.HeaderWriterFilter.doHeadersAfter(HeaderWriterFilter.java:90)
	at org.springframework.security.web.header.HeaderWriterFilter.doFilterInternal(HeaderWriterFilter.java:75)
	at org.springframework.web.filter.OncePerRequestFilter.doFilter(OncePerRequestFilter.java:119)
	at org.springframework.security.web.FilterChainProxy$VirtualFilterChain.doFilter(FilterChainProxy.java:336)
	at org.springframework.security.web.context.SecurityContextPersistenceFilter.doFilter(SecurityContextPersistenceFilter.java:110)
	at org.springframework.security.web.context.SecurityContextPersistenceFilter.doFilter(SecurityContextPersistenceFilter.java:80)
	at org.springframework.security.web.FilterChainProxy$VirtualFilterChain.doFilter(FilterChainProxy.java:336)
	at org.springframework.security.web.context.request.async.WebAsyncManagerIntegrationFilter.doFilterInternal(WebAsyncManagerIntegrationFilter.java:55)
	at org.springframework.web.filter.OncePerRequestFilter.doFilter(OncePerRequestFilter.java:119)
	at org.springframework.security.web.FilterChainProxy$VirtualFilterChain.doFilter(FilterChainProxy.java:336)
	at org.springframework.security.web.FilterChainProxy.doFilterInternal(FilterChainProxy.java:211)
	at org.springframework.security.web.FilterChainProxy.doFilter(FilterChainProxy.java:183)
	at org.springframework.web.filter.DelegatingFilterProxy.invokeDelegate(DelegatingFilterProxy.java:358)
	at org.springframework.web.filter.DelegatingFilterProxy.doFilter(DelegatingFilterProxy.java:271)
	at org.apache.catalina.core.ApplicationFilterChain.internalDoFilter(ApplicationFilterChain.java:189)
	at org.apache.catalina.core.ApplicationFilterChain.doFilter(ApplicationFilterChain.java:162)
	at org.springframework.web.filter.RequestContextFilter.doFilterInternal(RequestContextFilter.java:100)
	at org.springframework.web.filter.OncePerRequestFilter.doFilter(OncePerRequestFilter.java:119)
	at org.apache.catalina.core.ApplicationFilterChain.internalDoFilter(ApplicationFilterChain.java:189)
	at org.apache.catalina.core.ApplicationFilterChain.doFilter(ApplicationFilterChain.java:162)
	at org.springframework.web.filter.FormContentFilter.doFilterInternal(FormContentFilter.java:93)
	at org.springframework.web.filter.OncePerRequestFilter.doFilter(OncePerRequestFilter.java:119)
	at org.apache.catalina.core.ApplicationFilterChain.internalDoFilter(ApplicationFilterChain.java:189)
	at org.apache.catalina.core.ApplicationFilterChain.doFilter(ApplicationFilterChain.java:162)
	at org.springframework.web.filter.CharacterEncodingFilter.doFilterInternal(CharacterEncodingFilter.java:201)
	at org.springframework.web.filter.OncePerRequestFilter.doFilter(OncePerRequestFilter.java:119)
	at org.apache.catalina.core.ApplicationFilterChain.internalDoFilter(ApplicationFilterChain.java:189)
	at org.apache.catalina.core.ApplicationFilterChain.doFilter(ApplicationFilterChain.java:162)
	at org.apache.catalina.core.StandardWrapperValve.invoke(StandardWrapperValve.java:197)
	at org.apache.catalina.core.StandardContextValve.invoke(StandardContextValve.java:97)
	at org.apache.catalina.authenticator.AuthenticatorBase.invoke(AuthenticatorBase.java:540)
	at org.apache.catalina.core.StandardHostValve.invoke(StandardHostValve.java:135)
	at org.apache.catalina.valves.ErrorReportValve.invoke(ErrorReportValve.java:92)
	at org.apache.catalina.core.StandardEngineValve.invoke(StandardEngineValve.java:78)
	at org.apache.catalina.connector.CoyoteAdapter.service(CoyoteAdapter.java:357)
	at org.apache.coyote.http11.Http11Processor.service(Http11Processor.java:382)
	at org.apache.coyote.AbstractProcessorLight.process(AbstractProcessorLight.java:65)
	at org.apache.coyote.AbstractProtocol$ConnectionHandler.process(AbstractProtocol.java:895)
	at org.apache.tomcat.util.net.NioEndpoint$SocketProcessor.doRun(NioEndpoint.java:1722)
	at org.apache.tomcat.util.net.SocketProcessorBase.run(SocketProcessorBase.java:49)
	at org.apache.tomcat.util.threads.ThreadPoolExecutor.runWorker(ThreadPoolExecutor.java:1191)
	at org.apache.tomcat.util.threads.ThreadPoolExecutor$Worker.run(ThreadPoolExecutor.java:659)
	at org.apache.tomcat.util.threads.TaskThread$WrappingRunnable.run(TaskThread.java:61)
	at java.base/java.lang.Thread.run(Thread.java:840)

[2025-01-04T10:34:02.2206377] Attempting to download learning path from URL: http://localhost:8000/learning_path/1/165
[2025-01-04T10:34:02.2216352] Target save location: C:\Users\mdfar\OneDrive\Desktop\contentcheckandget2\registration-login-spring-boot-security-thymeleaf\src\main\resources\static\data\data\learning_paths\1_165_path.json
[2025-01-04T11:10:19.4523074] Starting comprehensive learning path verification for user 3
[2025-01-04T11:10:19.4622358] Checking path for user 3, course 167: NOT FOUND
[2025-01-04T11:10:19.4622358] Checking path for user 3, course 168: NOT FOUND
[2025-01-04T11:10:19.4622358] Checking path for user 3, course 169: NOT FOUND
[2025-01-04T11:10:19.4622358] Checking path for user 3, course 170: NOT FOUND
[2025-01-04T11:10:19.4622358] Checking path for user 3, course 171: NOT FOUND
[2025-01-04T11:10:19.4622358] Starting download of missing learning paths for user 3: [167, 168, 169, 170, 171]
[2025-01-04T11:10:19.4622358] Attempting to download learning path from URL: http://localhost:8000/learning_path/3/167
[2025-01-04T11:10:19.4622358] Target save location: C:\Users\mdfar\OneDrive\Desktop\contentcheckandget2\registration-login-spring-boot-security-thymeleaf\src\main\resources\static\data\data\learning_paths\3_167_path.json
[2025-01-04T11:11:44.0653416] Successfully downloaded learning path for user 3, course 167
[2025-01-04T11:11:44.0676909] Download details - Bytes transferred: 8433, Duration: 84603 ms
[2025-01-04T11:11:44.0676909] Verifying downloaded file - Size: 8433 bytes
[2025-01-04T11:11:44.0970045] First few lines of the downloaded file:
[2025-01-04T11:11:44.1050375]   {"learning_path":{"modules":[{"id":"M1","title":"Mastering Problem Solving Skills","description":"Focus on developing strong problem-solving skills using real-world examples.","sub_modules":[{"id":"M1-S1","title":"Understanding Different Types of Problems","description":"Learn to identify and solve various types of problems, including algebraic, geometric, and trigonometric problems.","activities":[{"id":"M1-S1-A1","title":"Practical Problem Solving Exercise","duration":"02:00:00","description":"Solve a series of practice problems to develop problem-solving skills."},{"id":"M1-S1-A2","title":"In-Depth Analysis of Problem Types","duration":"01:30:00","description":"Watch video lessons that provide in-depth analysis of different types of problems."}],"learning_outcomes":["Identify and solve various types of problems, including algebraic, geometric, and trigonometric problems.","Understand the importance of problem-solving skills in mathematics."]},{"id":"M1-S2","title":"Real-World Problem Solving Applications","description":"Use real-world examples to develop problem-solving skills.","activities":[{"id":"M1-S2-A1","title":"In-Depth Analysis of Real-World Problems","duration":"01:45:00","description":"Watch video lessons that provide in-depth analysis of real-world problems."},{"id":"M1-S2-A2","title":"Practical Application of Problem-Solving Skills","duration":"03:30:00","description":"Solve a series of practice problems to develop problem-solving skills in real-world scenarios."}],"learning_outcomes":["Apply problem-solving skills to solve real-world problems.","Understand the importance of critical thinking and creativity in mathematics."]}]},{"id":"M2","title":"Understanding Your Learning Style","description":"Discover your learning style and develop strategies to improve your learning process.","sub_modules":[{"id":"M2-S1","title":"Identifying Your Strengths and Weaknesses","description":"Take a self-assessment quiz to identify your strengths and weaknesses in different areas of mathematics.","activities":[{"id":"M2-S1-A1","title":"Self-Assessment Quiz","duration":"01:30:00","description":"Complete a self-assessment quiz to identify your learning style."},{"id":"M2-S1-A2","title":"In-Depth Analysis of Learning Styles","duration":"02:15:00","description":"Watch video lessons that provide in-depth analysis of different learning styles."}],"learning_outcomes":["Identify your strengths and weaknesses in different areas of mathematics.","Understand the importance of learning style in mathematical learning."]},{"id":"M2-S2","title":"Developing Strategies to Improve Your Learning Process","description":"Learn strategies to improve your learning process based on your learning style.","activities":[{"id":"M2-S2-A1","title":"In-Depth Analysis of Strategies","duration":"02:00:00","description":"Watch video lessons that provide in-depth analysis of strategies to improve your learning process."},{"id":"M2-S2-A2","title":"Practical Application of Learning Style Strategies","duration":"03:15:00","description":"Complete practice exercises to develop strategies based on your learning style."}],"learning_outcomes":["Develop strategies to improve your learning process based on your learning style.","Understand the importance of active learning and engagement in mathematical learning."]}]},{"id":"M3","title":"Developing Logical Reasoning Skills","description":"Focus on developing strong logical reasoning skills using real-world examples.","sub_modules":[{"id":"M3-S1","title":"Understanding Basic Logical Reasoning Concepts","description":"Learn basic logical reasoning concepts, including rules of inference and logic puzzles.","activities":[{"id":"M3-S1-A1","title":"In-Depth Analysis of Basic Concepts","duration":"02:00:00","description":"Watch video lessons that provide in-depth analysis of basic logical reasoning concepts."},{"id":"M3-S1-A2","title":"Practical Application of Basic Logical Reasoning Concepts","duration":"03:15:00","description":"Complete practice exercises to develop logical reasoning skills based on basic concepts."}],"learning_outcomes":["Understand basic logical reasoning concepts, including rules of inference and logic puzzles.","Apply logical reasoning skills to solve problems in mathematics."]},{"id":"M3-S2","title":"Understanding Advanced Logical Reasoning Concepts","description":"Learn advanced logical reasoning concepts, including set theory and mathematical proofs.","activities":[{"id":"M3-S2-A1","title":"In-Depth Analysis of Advanced Concepts","duration":"02:45:00","description":"Watch video lessons that provide in-depth analysis of advanced logical reasoning concepts."},{"id":"M3-S2-A2","title":"Practical Application of Advanced Logical Reasoning Concepts","duration":"04:30:00","description":"Complete practice exercises to develop logical reasoning skills based on advanced concepts."}],"learning_outcomes":["Understand advanced logical reasoning concepts, including set theory and mathematical proofs.","Apply logical reasoning skills to solve problems in mathematics using advanced concepts."]}]},{"id":"M4","title":"Developing Mathematical Skills","description":"Focus on developing strong mathematical skills using real-world examples.","sub_modules":[{"id":"M4-S1","title":"Mastering Algebraic Concepts","description":"Learn algebraic concepts, including equations and functions.","activities":[{"id":"M4-S1-A1","title":"In-Depth Analysis of Algebraic Concepts","duration":"02:15:00","description":"Watch video lessons that provide in-depth analysis of algebraic concepts."},{"id":"M4-S1-A2","title":"Practical Application of Algebraic Concepts","duration":"03:30:00","description":"Complete practice exercises to develop mathematical skills based on algebraic concepts."}],"learning_outcomes":["Understand algebraic concepts, including equations and functions.","Apply algebraic concepts to solve problems in mathematics."]},{"id":"M4-S2","title":"Mastering Geometric Concepts","description":"Learn geometric concepts, including points, lines, and angles.","activities":[{"id":"M4-S2-A1","title":"In-Depth Analysis of Geometric Concepts","duration":"02:15:00","description":"Watch video lessons that provide in-depth analysis of geometric concepts."},{"id":"M4-S2-A2","title":"Practical Application of Geometric Concepts","duration":"03:30:00","description":"Complete practice exercises to develop mathematical skills based on geometric concepts."}],"learning_outcomes":["Understand geometric concepts, including points, lines, and angles.","Apply geometric concepts to solve problems in mathematics."]},{"id":"M4-S3","title":"Mastering Trigonometric Concepts","description":"Learn trigonometric concepts, including triangles and waves.","activities":[{"id":"M4-S3-A1","title":"In-Depth Analysis of Trigonometric Concepts","duration":"02:15:00","description":"Watch video lessons that provide in-depth analysis of trigonometric concepts."},{"id":"M4-S3-A2","title":"Practical Application of Trigonometric Concepts","duration":"03:30:00","description":"Complete practice exercises to develop mathematical skills based on trigonometric concepts."}],"learning_outcomes":["Understand trigonometric concepts, including triangles and waves.","Apply trigonometric concepts to solve problems in mathematics."]},{"id":"M4-S4","title":"Mastering Calculus Concepts","description":"Learn calculus concepts, including limits and derivatives.","activities":[{"id":"M4-S4-A1","title":"In-Depth Analysis of Calculus Concepts","duration":"02:45:00","description":"Watch video lessons that provide in-depth analysis of calculus concepts."},{"id":"M4-S4-A2","title":"Practical Application of Calculus Concepts","duration":"04:30:00","description":"Complete practice exercises to develop mathematical skills based on calculus concepts."}],"learning_outcomes":["Understand calculus concepts, including limits and derivatives.","Apply calculus concepts to solve problems in mathematics."]}]}]},"course_id":167,"user_id":3,"quiz_performance":{"topic_scores":{"problem_solving":0.0,"learning_style":50.0,"logical_reasoning":50.0,"mathematical":0.0,"motivation":100.0},"overall_score":33.33,"weak_areas":["problem_solving","learning_style","logical_reasoning","mathematical"],"strengths":["motivation"],"total_questions_answered":9,"question_distribution":{"problem_solving":2,"learning_style":2,"logical_reasoning":2,"mathematical":2,"motivation":1}}}
[2025-01-04T11:11:44.1050375] Attempting to download learning path from URL: http://localhost:8000/learning_path/3/168
[2025-01-04T11:11:44.1050375] Target save location: C:\Users\mdfar\OneDrive\Desktop\contentcheckandget2\registration-login-spring-boot-security-thymeleaf\src\main\resources\static\data\data\learning_paths\3_168_path.json
[2025-01-04T11:13:06.8709694] Successfully downloaded learning path for user 3, course 168
[2025-01-04T11:13:06.8709694] Download details - Bytes transferred: 8717, Duration: 82760 ms
[2025-01-04T11:13:06.87299] Verifying downloaded file - Size: 8717 bytes
[2025-01-04T11:13:06.8908876] First few lines of the downloaded file:
[2025-01-04T11:13:06.8934685]   {"learning_path":{"modules":[{"id":"M1","title":"Practical Application of Logical Reasoning","description":"This module will focus on applying logical reasoning to real-world scenarios, including puzzles, brain teasers, and logic grids.","sub_modules":[{"id":"M1-S1","title":"Puzzle Solving Fundamentals","description":"In this sub-module, students will learn the basics of puzzle solving, including how to approach different types of puzzles and common pitfalls to avoid.","activities":[{"id":"M1-S1-A1","title":"Puzzle Solving Challenges","description":"Students will work through a series of puzzles to practice their problem-solving skills."},{"id":"M1-S1-A2","title":"Logical Reasoning Exercises","description":"Students will complete logical reasoning exercises to develop their critical thinking skills."}],"learning_outcomes":["Apply logical reasoning to solve puzzles and brain teasers.","Identify common pitfalls in puzzle solving."]},{"id":"M1-S2","title":"Logic Grids and Sudoku","description":"In this sub-module, students will learn how to approach logic grids and Sudoku puzzles, including strategies for solving these types of puzzles.","activities":[{"id":"M1-S2-A1","title":"Logic Grid Challenges","description":"Students will work through a series of logic grid puzzles to practice their problem-solving skills."},{"id":"M1-S2-A2","title":"Sudoku Exercises","description":"Students will complete Sudoku exercises to develop their logical reasoning skills."}],"learning_outcomes":["Apply logical reasoning to solve logic grids and Sudoku puzzles.","Identify common strategies for solving these types of puzzles."]}]},{"id":"M2","title":"Mathematical Foundations of Logical Reasoning","description":"This module will cover the mathematical foundations of logical reasoning, including set theory, propositional logic, and predicate logic.","sub_modules":[{"id":"M2-S1","title":"Set Theory Fundamentals","description":"In this sub-module, students will learn the basics of set theory, including how to define sets, perform set operations, and use set notation.","activities":[{"id":"M2-S1-A1","title":"Set Theory Exercises","description":"Students will complete set theory exercises to develop their mathematical skills."},{"id":"M2-S1-A2","title":"Set Theory Challenges","description":"Students will work through a series of set theory challenges to practice their problem-solving skills."}],"learning_outcomes":["Apply set theory concepts to solve logical reasoning problems.","Identify common pitfalls in set notation and set operations."]},{"id":"M2-S2","title":"Propositional Logic Fundamentals","description":"In this sub-module, students will learn the basics of propositional logic, including how to define propositions, use logical operators, and construct arguments.","activities":[{"id":"M2-S2-A1","title":"Propositional Logic Exercises","description":"Students will complete propositional logic exercises to develop their critical thinking skills."},{"id":"M2-S2-A2","title":"Propositional Logic Challenges","description":"Students will work through a series of propositional logic challenges to practice their problem-solving skills."}],"learning_outcomes":["Apply propositional logic concepts to solve logical reasoning problems.","Identify common pitfalls in argument construction and logical inference."]},{"id":"M2-S3","title":"Predicate Logic Fundamentals","description":"In this sub-module, students will learn the basics of predicate logic, including how to define predicates, use quantifiers, and construct arguments.","activities":[{"id":"M2-S3-A1","title":"Predicate Logic Exercises","description":"Students will complete predicate logic exercises to develop their critical thinking skills."},{"id":"M2-S3-A2","title":"Predicate Logic Challenges","description":"Students will work through a series of predicate logic challenges to practice their problem-solving skills."}],"learning_outcomes":["Apply predicate logic concepts to solve logical reasoning problems.","Identify common pitfalls in argument construction and logical inference."]}]},{"id":"M3","title":"Advanced Logical Reasoning Techniques","description":"This module will cover advanced logical reasoning techniques, including modal logic, fuzzy logic, and decision theory.","sub_modules":[{"id":"M3-S1","title":"Modal Logic Fundamentals","description":"In this sub-module, students will learn the basics of modal logic, including how to define modal operators, use modal logic to solve problems, and construct arguments.","activities":[{"id":"M3-S1-A1","title":"Modal Logic Exercises","description":"Students will complete modal logic exercises to develop their critical thinking skills."},{"id":"M3-S1-A2","title":"Modal Logic Challenges","description":"Students will work through a series of modal logic challenges to practice their problem-solving skills."}],"learning_outcomes":["Apply modal logic concepts to solve logical reasoning problems.","Identify common pitfalls in argument construction and logical inference."]},{"id":"M3-S2","title":"Fuzzy Logic Fundamentals","description":"In this sub-module, students will learn the basics of fuzzy logic, including how to define fuzzy operators, use fuzzy logic to solve problems, and construct arguments.","activities":[{"id":"M3-S2-A1","title":"Fuzzy Logic Exercises","description":"Students will complete fuzzy logic exercises to develop their critical thinking skills."},{"id":"M3-S2-A2","title":"Fuzzy Logic Challenges","description":"Students will work through a series of fuzzy logic challenges to practice their problem-solving skills."}],"learning_outcomes":["Apply fuzzy logic concepts to solve logical reasoning problems.","Identify common pitfalls in argument construction and logical inference."]},{"id":"M3-S3","title":"Decision Theory Fundamentals","description":"In this sub-module, students will learn the basics of decision theory, including how to define decision rules, use decision theory to solve problems, and construct arguments.","activities":[{"id":"M3-S3-A1","title":"Decision Theory Exercises","description":"Students will complete decision theory exercises to develop their critical thinking skills."},{"id":"M3-S3-A2","title":"Decision Theory Challenges","description":"Students will work through a series of decision theory challenges to practice their problem-solving skills."}],"learning_outcomes":["Apply decision theory concepts to solve logical reasoning problems.","Identify common pitfalls in argument construction and logical inference."]}]},{"id":"M4","title":"Practical Applications of Logical Reasoning","description":"This module will cover practical applications of logical reasoning, including case studies and real-world examples.","sub_modules":[{"id":"M4-S1","title":"Case Studies in Logical Reasoning","description":"In this sub-module, students will learn how to apply logical reasoning techniques to solve complex problems through case studies and real-world examples.","activities":[{"id":"M4-S1-A1","title":"Case Study Exercises","description":"Students will complete case study exercises to develop their critical thinking skills."},{"id":"M4-S1-A2","title":"Case Study Challenges","description":"Students will work through a series of case studies challenges to practice their problem-solving skills."}],"learning_outcomes":["Apply logical reasoning techniques to solve complex problems in real-world scenarios.","Identify common pitfalls in argument construction and logical inference."]},{"id":"M4-S2","title":"Real-World Examples of Logical Reasoning","description":"In this sub-module, students will learn how to apply logical reasoning techniques to solve real-world problems through case studies and examples.","activities":[{"id":"M4-S2-A1","title":"Real-World Example Exercises","description":"Students will complete real-world example exercises to develop their critical thinking skills."},{"id":"M4-S2-A2","title":"Real-World Example Challenges","description":"Students will work through a series of real-world example challenges to practice their problem-solving skills."}],"learning_outcomes":["Apply logical reasoning techniques to solve real-world problems.","Identify common pitfalls in argument construction and logical inference."]}]}]},"course_id":168,"user_id":3,"quiz_performance":{"topic_scores":{"problem_solving":0.0,"learning_style":50.0,"logical_reasoning":50.0,"mathematical":0.0,"motivation":100.0},"overall_score":33.33,"weak_areas":["problem_solving","learning_style","logical_reasoning","mathematical"],"strengths":["motivation"],"total_questions_answered":9,"question_distribution":{"problem_solving":2,"learning_style":2,"logical_reasoning":2,"mathematical":2,"motivation":1}}}
[2025-01-04T11:13:06.8934685] Attempting to download learning path from URL: http://localhost:8000/learning_path/3/169
[2025-01-04T11:13:06.8934685] Target save location: C:\Users\mdfar\OneDrive\Desktop\contentcheckandget2\registration-login-spring-boot-security-thymeleaf\src\main\resources\static\data\data\learning_paths\3_169_path.json
[2025-01-04T11:14:03.5750825] Successfully downloaded learning path for user 3, course 169
[2025-01-04T11:14:03.5750825] Download details - Bytes transferred: 4970, Duration: 56681 ms
[2025-01-04T11:14:03.5760807] Verifying downloaded file - Size: 4970 bytes
[2025-01-04T11:14:03.586086] First few lines of the downloaded file:
[2025-01-04T11:14:03.5870852]   {"learning_path":{"modules":[{"id":"M1","title":"Introduction to Problem Solving","description":"This module introduces the concept of problem solving, its importance, and different types of problems. Learners will understand how to approach a problem effectively.","sub_modules":[{"id":"M1-S1","title":"Understanding the Concept of Problem Solving","description":"In this sub-module, learners will understand the different types of problems and how to categorize them.","activities":[{"id":"M1-S1-A1","title":"Quiz - Understanding the Concept of Problem Solving","description":"This quiz assesses learners' understanding of the concept of problem solving.","duration":"30 minutes"},{"id":"M1-S1-A2","title":"Case Study - Real-Life Scenario","description":"In this activity, learners will analyze a real-life scenario and apply problem-solving strategies.","duration":"45 minutes"}]},{"id":"M1-S2","title":"Approaching a Problem Effectively","description":"In this sub-module, learners will learn how to approach a problem effectively using a structured methodology.","activities":[{"id":"M1-S2-A1","title":"Guided Exercise - Approaching a Problem Effectively","description":"In this activity, learners will practice approaching a problem effectively using a structured methodology.","duration":"45 minutes"},{"id":"M1-S2-A2","title":"Quiz - Approaching a Problem Effectively","description":"This quiz assesses learners' ability to approach a problem effectively.","duration":"30 minutes"}]}],"duration":"120 minutes"},{"id":"M2","title":"Problem-Specific Strategies","description":"This module focuses on specific strategies for solving different types of problems.","sub_modules":[{"id":"M2-S1","title":"Logical Reasoning Strategies","description":"In this sub-module, learners will learn logical reasoning strategies to solve problems that require critical thinking.","activities":[{"id":"M2-S1-A1","title":"Guided Exercise - Logical Reasoning Strategies","description":"In this activity, learners will practice using logical reasoning strategies to solve problems.","duration":"45 minutes"},{"id":"M2-S1-A2","title":"Quiz - Logical Reasoning Strategies","description":"This quiz assesses learners' ability to apply logical reasoning strategies.","duration":"30 minutes"}]},{"id":"M2-S2","title":"Mathematical Strategies","description":"In this sub-module, learners will learn mathematical strategies to solve problems that require numerical calculations.","activities":[{"id":"M2-S2-A1","title":"Guided Exercise - Mathematical Strategies","description":"In this activity, learners will practice using mathematical strategies to solve problems.","duration":"45 minutes"},{"id":"M2-S2-A2","title":"Quiz - Mathematical Strategies","description":"This quiz assesses learners' ability to apply mathematical strategies.","duration":"30 minutes"}]}],"duration":"120 minutes"},{"id":"M3","title":"Learning Style and Motivation","description":"This module focuses on learners' learning style and motivation to improve their problem-solving skills.","sub_modules":[{"id":"M3-S1","title":"Understanding Your Learning Style","description":"In this sub-module, learners will understand different learning styles and how to identify theirs.","activities":[{"id":"M3-S1-A1","title":"Quiz - Understanding Your Learning Style","description":"This quiz assesses learners' understanding of their learning style.","duration":"30 minutes"},{"id":"M3-S1-A2","title":"Self-Assessment - Identifying Learning Style","description":"In this activity, learners will assess their own learning style and identify areas for improvement.","duration":"45 minutes"}]},{"id":"M3-S2","title":"Building Motivation","description":"In this sub-module, learners will learn strategies to build their motivation and persistence in problem-solving.","activities":[{"id":"M3-S2-A1","title":"Guided Exercise - Building Motivation","description":"In this activity, learners will practice building motivation and persistence in problem-solving.","duration":"45 minutes"},{"id":"M3-S2-A2","title":"Quiz - Building Motivation","description":"This quiz assesses learners' ability to build motivation and persistence.","duration":"30 minutes"}]}],"duration":"120 minutes"}],"quiz_adaptations":["Activity_1.2.2: Quiz - Approaching a Problem Effectively","Activity_2.1.2: Quiz - Logical Reasoning Strategies","Activity_2.2.2: Quiz - Mathematical Strategies","Activity_3.1.1: Quiz - Understanding Your Learning Style","Activity_3.2.2: Quiz - Building Motivation"]},"course_id":169,"user_id":3,"quiz_performance":{"topic_scores":{"problem_solving":0.0,"learning_style":50.0,"logical_reasoning":50.0,"mathematical":0.0,"motivation":100.0},"overall_score":33.33,"weak_areas":["problem_solving","learning_style","logical_reasoning","mathematical"],"strengths":["motivation"],"total_questions_answered":9,"question_distribution":{"problem_solving":2,"learning_style":2,"logical_reasoning":2,"mathematical":2,"motivation":1}}}
[2025-01-04T11:14:03.5870852] Attempting to download learning path from URL: http://localhost:8000/learning_path/3/170
[2025-01-04T11:14:03.5870852] Target save location: C:\Users\mdfar\OneDrive\Desktop\contentcheckandget2\registration-login-spring-boot-security-thymeleaf\src\main\resources\static\data\data\learning_paths\3_170_path.json
[2025-01-04T11:14:25.4430779] Successfully downloaded learning path for user 3, course 170
[2025-01-04T11:14:25.4430779] Download details - Bytes transferred: 2347, Duration: 21855 ms
[2025-01-04T11:14:25.4430779] Verifying downloaded file - Size: 2347 bytes
[2025-01-04T11:14:25.4568499] First few lines of the downloaded file:
[2025-01-04T11:14:25.4568499]   {"learning_path":{"modules":[{"id":"M1","title":"Problem Solving Strategies","description":"This module is designed to help working professionals improve their problem-solving skills, focusing on logical reasoning and mathematical concepts.","sub_modules":[{"id":"M1-S1","title":"Breaking Down Complex Problems","description":"In this sub-module, students will learn how to break down complex problems into manageable parts, identify key elements, and prioritize tasks.","activities":[{"id":"M1-S1-A1","type":"quiz","title":"Complex Problem Analysis","description":"Students will be given a complex problem to analyze and present their solution in a group discussion.","duration":30,"learning_objectives":[{"id":"ob_1","title":"Identify key elements of the problem"},{"id":"ob_2","title":"Prioritize tasks and create a solution plan"}]},{"id":"M1-S1-A2","title":"Logical Reasoning Techniques","description":"In this sub-module, students will learn about logical reasoning techniques, such as deductive and inductive reasoning.","activities":[{"id":"activity_2","type":"lecture","title":"Introduction to Logical Reasoning","description":"The instructor will introduce the concept of logical reasoning and its applications in problem-solving.","duration":45,"learning_objectives":[{"id":"ob_3","title":"Understand the basics of logical reasoning"},{"id":"ob_4","title":"Apply logical reasoning techniques to solve problems"}]}]}],"learning_outcomes":["By the end of this module, students will be able to break down complex problems into manageable parts, identify key elements, and prioritize tasks. They will also understand the basics of logical reasoning and apply these techniques to solve problems."]}],"duration":"],  ","difficulty_level":"advanced","prerequisites":["previous_knowledge_base"]}],"prerequisites":["previous_knowledge_base"],"quiz_adaptations":["activity_1","activity_2"]},"course_id":170,"user_id":3,"quiz_performance":{"topic_scores":{"problem_solving":0.0,"learning_style":50.0,"logical_reasoning":50.0,"mathematical":0.0,"motivation":100.0},"overall_score":33.33,"weak_areas":["problem_solving","learning_style","logical_reasoning","mathematical"],"strengths":["motivation"],"total_questions_answered":9,"question_distribution":{"problem_solving":2,"learning_style":2,"logical_reasoning":2,"mathematical":2,"motivation":1}}}
[2025-01-04T11:14:25.4568499] Attempting to download learning path from URL: http://localhost:8000/learning_path/3/171
[2025-01-04T11:14:25.4568499] Target save location: C:\Users\mdfar\OneDrive\Desktop\contentcheckandget2\registration-login-spring-boot-security-thymeleaf\src\main\resources\static\data\data\learning_paths\3_171_path.json
[2025-01-04T11:15:28.0492939] Successfully downloaded learning path for user 3, course 171
[2025-01-04T11:15:28.0507761] Download details - Bytes transferred: 6343, Duration: 62580 ms
[2025-01-04T11:15:28.0517893] Verifying downloaded file - Size: 6343 bytes
[2025-01-04T11:15:28.0746653] First few lines of the downloaded file:
[2025-01-04T11:15:28.0756654]   {"learning_path":{"modules":[{"id":"M1","title":"Understanding Academic Learning Styles","description":"This module introduces learners to the concept of academic learning styles, their different types, and how they impact learning outcomes.","sub_modules":[{"id":"M1-S1","title":"Types of Learning Styles","description":"Learners will explore the different types of learning styles, such as visual, auditory, and kinesthetic, and understand their characteristics.","activities":[{"activity_type":"quiz","title":"Learning Style Quiz","description":"Learners will complete a quiz to determine their primary learning style.","id":"M1-S1-A1"}]},{"id":"M1-S2","title":"Assessing Learning Style Strengths and Weaknesses","description":"Learners will identify their strengths and weaknesses in terms of learning style and understand how to use this information to improve their learning.","activities":[{"activity_type":"self-assessment","title":"Learning Style Self-Assessment","description":"Learners will complete a self-assessment exercise to identify their strengths and weaknesses in terms of learning style.","id":"M1-S2-A1"}]}],"duration":"2 hours"},{"id":"M2","title":"Developing Effective Problem-Solving Strategies","description":"This module focuses on developing effective problem-solving strategies that cater to different learning styles.","sub_modules":[{"id":"M2-S1","title":"Visual Problem-Solving Techniques","description":"Learners will explore visual problem-solving techniques, such as mind mapping and diagramming, and learn how to apply them in practical situations.","activities":[{"activity_type":"guided_practice","title":"Visual Problem-Solving Guided Practice","description":"Learners will complete a guided practice exercise to develop their visual problem-solving skills.","id":"M2-S1-A1"}]},{"id":"M2-S2","title":"Auditory Problem-Solving Techniques","description":"Learners will explore auditory problem-solving techniques, such as brainstorming and debate, and learn how to apply them in practical situations.","activities":[{"activity_type":"group_discussion","title":"Auditory Problem-Solving Group Discussion","description":"Learners will participate in a group discussion to develop their auditory problem-solving skills.","id":"M2-S2-A1"}]},{"id":"M2-S3","title":"Kinesthetic Problem-Solving Techniques","description":"Learners will explore kinesthetic problem-solving techniques, such as hands-on experimentation and prototyping, and learn how to apply them in practical situations.","activities":[{"activity_type":"hands-on_project","title":"Kinesthetic Problem-Solving Hands-On Project","description":"Learners will complete a hands-on project to develop their kinesthetic problem-solving skills.","id":"M2-S3-A1"}]}],"duration":"4 hours"},{"id":"M3","title":"Developing Logical Reasoning Skills","description":"This module focuses on developing logical reasoning skills that cater to different learning styles.","sub_modules":[{"id":"M3-S1","title":"Logical Reasoning Techniques","description":"Learners will explore logical reasoning techniques, such as deductive and inductive reasoning, and learn how to apply them in practical situations.","activities":[{"activity_type":"guided_practice","title":"Logical Reasoning Guided Practice","description":"Learners will complete a guided practice exercise to develop their logical reasoning skills.","id":"M3-S1-A1"}]},{"id":"M3-S2","title":"Applying Logical Reasoning in Problem-Solving","description":"Learners will learn how to apply logical reasoning techniques in problem-solving situations.","activities":[{"activity_type":"case_study","title":"Logical Reasoning Case Study","description":"Learners will complete a case study to apply logical reasoning techniques in a practical situation.","id":"M3-S2-A1"}]}],"duration":"4 hours"},{"id":"M4","title":"Developing Mathematical Skills","description":"This module focuses on developing mathematical skills that cater to different learning styles.","sub_modules":[{"id":"M4-S1","title":"Mathematical Techniques","description":"Learners will explore mathematical techniques, such as algebra and geometry, and learn how to apply them in practical situations.","activities":[{"activity_type":"guided_practice","title":"Mathematical Technique Guided Practice","description":"Learners will complete a guided practice exercise to develop their mathematical skills.","id":"M4-S1-A1"}]},{"id":"M4-S2","title":"Applying Mathematical Skills in Problem-Solving","description":"Learners will learn how to apply mathematical techniques in problem-solving situations.","activities":[{"activity_type":"case_study","title":"Mathematical Technique Case Study","description":"Learners will complete a case study to apply mathematical techniques in a practical situation.","id":"M4-S2-A1"}]}],"duration":"4 hours"},{"id":"M5","title":"Motivation and Learning Style","description":"This module focuses on the importance of motivation and learning style in academic success.","sub_modules":[{"id":"M5-S1","title":"Understanding Motivation","description":"Learners will explore the different types of motivation, such as intrinsic and extrinsic motivation, and understand how to cultivate intrinsic motivation.","activities":[{"activity_type":"self-reflection","title":"Motivation Self-Reflection","description":"Learners will complete a self-reflection exercise to identify their motivations and goals.","id":"M5-S1-A1"}]},{"id":"M5-S2","title":"Applying Learning Style in Academic Success","description":"Learners will learn how to apply their learning style in academic success, including setting goals and developing a study plan.","activities":[{"activity_type":"planning_session","title":"Learning Style Planning Session","description":"Learners will participate in a planning session to develop a personalized study plan.","id":"M5-S2-A1"}]}],"duration":"2 hours"}]},"course_id":171,"user_id":3,"quiz_performance":{"topic_scores":{"problem_solving":0.0,"learning_style":50.0,"logical_reasoning":50.0,"mathematical":0.0,"motivation":100.0},"overall_score":33.33,"weak_areas":["problem_solving","learning_style","logical_reasoning","mathematical"],"strengths":["motivation"],"total_questions_answered":9,"question_distribution":{"problem_solving":2,"learning_style":2,"logical_reasoning":2,"mathematical":2,"motivation":1}}}
[2025-01-04T11:15:28.0756654] Successfully downloaded all missing learning paths for user 3
[2025-02-13T13:06:45.8453043] Starting comprehensive learning path verification for user 2
[2025-02-13T13:06:45.8609445] Checking path for user 2, course 50: NOT FOUND
[2025-02-13T13:06:45.8619582] Checking path for user 2, course 51: NOT FOUND
[2025-02-13T13:06:45.8644942] Checking path for user 2, course 52: NOT FOUND
[2025-02-13T13:06:45.8660148] Starting download of missing learning paths for user 2: [50, 51, 52]
[2025-02-13T13:06:45.8681296] Attempting to download learning path from URL: http://localhost:8000/learning_path/2/50
[2025-02-13T13:06:45.8716496] Target save location: C:\Users\mdfar\OneDrive\Desktop\withfeedback\registration-login-spring-boot-security-thymeleaf\src\main\resources\static\data\data\learning_paths\2_50_path.json
[2025-02-13T13:07:14.3819419] Successfully downloaded learning path for user 2, course 50
[2025-02-13T13:07:14.3834741] Download details - Bytes transferred: 4344, Duration: 28508 ms
[2025-02-13T13:07:14.3850264] Verifying downloaded file - Size: 4344 bytes
[2025-02-13T13:07:14.5630774] First few lines of the downloaded file:
[2025-02-13T13:07:14.6043487]   {"learning_path":{"modules":[{"id":"M1","title":"Academic Foundations - General Knowledge","description":"This module provides an overview of academic foundations, including general knowledge, learning styles, and motivation.","sub_modules":[{"id":"M1-S1","title":"Understanding Academic Disciplines","description":"Learn about the different academic disciplines and their characteristics.","activities":[{"type":"Video Lecture","name":"Introduction to Academic Disciplines","id":"M1-S1-A1"},{"type":"Quiz","name":"Academic Discipline Quiz 1","id":"M1-S1-A2"}],"learning_outcomes":["Describe the main characteristics of each academic discipline.","Identify the relationships between different academic disciplines."]},{"id":"M1-S2","title":"Learning Styles and Strategies","description":"Explore various learning styles and strategies to improve academic performance.","activities":[{"type":"Interactive Simulation","name":"Learning Style Assessment","id":"M1-S2-A1"},{"type":"Group Discussion","name":"Strategies for Improving Academic Performance","id":"M1-S2-A2"}],"learning_outcomes":["Identify their learning style and strengths.","Develop strategies to improve academic performance."]}],"duration":"40 hours","difficulty_level":null,"prerequisites":[]},{"id":"M2","title":"Academic Foundations - Problem-Solving and Logical Reasoning","description":"This module focuses on developing problem-solving skills, logical reasoning, and mathematical abilities.","sub_modules":[{"id":"M2-S1","title":"Building Problem-Solving Skills","description":"Learn how to approach problems effectively and develop critical thinking skills.","activities":[{"type":"Case Study Analysis","name":"Problem-Solving Strategies","id":"M2-S1-A1"},{"type":"Peer Review","name":"Sharing Problem-Solving Experiences","id":"M2-S1-A2"}],"learning_outcomes":["Apply problem-solving strategies to real-world problems.","Develop critical thinking skills."]},{"id":"M2-S2","title":"Logical Reasoning and Mathematical Ability","description":"Improve logical reasoning and mathematical abilities through interactive exercises and quizzes.","activities":[{"type":"Mathematical Puzzle-Solving","name":"Logical Reasoning and Math Exercises","id":"M2-S2-A1"},{"type":"Quiz","name":"Logical Reasoning and Math Quiz 1","id":"M2-S2-A2"}],"learning_outcomes":["Develop logical reasoning skills.","Improve mathematical abilities."]}],"duration":"40 hours","difficulty_level":null,"prerequisites":[]},{"id":"M3","title":"Academic Foundations - Motivation and Learning Style","description":"This module helps students understand their motivation and learning style, and provides strategies to overcome obstacles.","sub_modules":[{"id":"M3-S1","title":"Understanding Motivation and Goal-Setting","description":"Explore the factors that influence motivation and learn how to set effective goals.","activities":[{"type":"Self-Assessment Quiz","name":"Motivation Assessment","id":"M3-S1-A1"},{"type":"Collaborative Discussion","name":"Goal-Setting Strategies","id":"M3-S1-A2"}],"learning_outcomes":["Identify the factors that influence motivation.","Develop effective goal-setting strategies."]},{"id":"M3-S2","title":"Adapting to Different Learning Styles","description":"Learn how to adapt to different learning styles and develop strategies for success.","activities":[{"type":"Learning Style Quiz","name":"Learning Style Assessment","id":"M3-S2-A1"},{"type":"Peer-to-Peer Discussion","name":"Sharing Learning Style Experiences","id":"M3-S2-A2"}],"learning_outcomes":["Identify their learning style and strengths.","Develop strategies to adapt to different learning styles."]}],"duration":"20 hours","difficulty_level":null,"prerequisites":[]}],"quiz_adaptations":["Quiz_1: General Knowledge Quiz","Quiz_2: Problem-Solving and Logical Reasoning Quiz","Quiz_3: Motivation and Learning Style Quiz"]},"course_id":50,"user_id":2,"quiz_performance":{"topic_scores":{"general":0.0,"problem_solving":0.0,"learning_style":50.0,"logical_reasoning":0.0,"mathematical":50.0,"motivation":0.0},"overall_score":20.0,"weak_areas":["general","problem_solving","learning_style","logical_reasoning","mathematical","motivation"],"strengths":[],"total_questions_answered":10,"question_distribution":{"general":1,"problem_solving":2,"learning_style":2,"logical_reasoning":2,"mathematical":2,"motivation":1}}}
[2025-02-13T13:07:14.6058528] Attempting to download learning path from URL: http://localhost:8000/learning_path/2/51
[2025-02-13T13:07:14.6058528] Target save location: C:\Users\mdfar\OneDrive\Desktop\withfeedback\registration-login-spring-boot-security-thymeleaf\src\main\resources\static\data\data\learning_paths\2_51_path.json
[2025-02-13T13:07:25.6666197] Successfully downloaded learning path for user 2, course 51
[2025-02-13T13:07:25.6672381] Download details - Bytes transferred: 2477, Duration: 11061 ms
[2025-02-13T13:07:25.6677533] Verifying downloaded file - Size: 2477 bytes
[2025-02-13T13:07:25.6806198] First few lines of the downloaded file:
[2025-02-13T13:07:25.6806198]   {"learning_path":{"modules":[{"id":"M1","title":"Module 1: Understanding Study Skills","description":"This module introduces the concept of study skills and their importance for academic success.","sub_modules":[{"id":"M1-S1","title":"Module 1.1: Identifying Strengths and Weaknesses","description":"In this sub-module, learners will identify their strengths and weaknesses in various study skills areas.","activities":[],"learning_outcomes":[]},{"id":"M1-S2","title":"Module 1.2: Setting Goals and Priorities","description":"In this sub-module, learners will learn how to set realistic goals and prioritize their study time.","activities":[],"learning_outcomes":[]}],"duration":"My response cannot continue without the correct number of modules"},{"id":"M2","title":"Module 2: Effective Learning Strategies","description":"This module covers various effective learning strategies, including active recall and spaced repetition.","sub_modules":[{"id":"M2-S1","title":"Module 2.1: Active Recall Techniques","description":"In this sub-module, learners will learn how to use active recall techniques to improve retention.","activities":[],"learning_outcomes":[]},{"id":"M2-S2","title":"Module 2.2: Spaced Repetition","description":"In this sub-module, learners will learn how to use spaced repetition to optimize their learning.","activities":[],"learning_outcomes":[]}],"duration":null},{"id":"M3","title":"Module 3: Managing Time and Motivation","description":"This module covers how to manage time effectively and maintain motivation.","sub_modules":[{"id":"M3-S1","title":"Module 3.1: Time Management Strategies","description":"In this sub-module, learners will learn how to create a schedule and prioritize tasks.","activities":[],"learning_outcomes":[]},{"id":"M3-S2","title":"Module 3.2: Overcoming Motivational Barriers","description":"In this sub-module, learners will learn how to overcome common motivational barriers.","activities":[],"learning_outcomes":[]}],"duration":null}]},"course_id":51,"user_id":2,"quiz_performance":{"topic_scores":{"general":0.0,"problem_solving":0.0,"learning_style":50.0,"logical_reasoning":0.0,"mathematical":50.0,"motivation":0.0},"overall_score":20.0,"weak_areas":["general","problem_solving","learning_style","logical_reasoning","mathematical","motivation"],"strengths":[],"total_questions_answered":10,"question_distribution":{"general":1,"problem_solving":2,"learning_style":2,"logical_reasoning":2,"mathematical":2,"motivation":1}}}
[2025-02-13T13:07:25.6816179] Attempting to download learning path from URL: http://localhost:8000/learning_path/2/52
[2025-02-13T13:07:25.6816179] Target save location: C:\Users\mdfar\OneDrive\Desktop\withfeedback\registration-login-spring-boot-security-thymeleaf\src\main\resources\static\data\data\learning_paths\2_52_path.json
[2025-02-13T13:09:00.4644122] Detailed error downloading learning path for user 2, course 52:
[2025-02-13T13:09:00.4654584] Error message: Connection refused: connect
[2025-02-13T13:09:00.4670225] Error type: java.net.ConnectException
[2025-02-13T13:09:00.4822358] Full error stack trace:
[2025-02-13T13:09:00.4825667] java.net.ConnectException: Connection refused: connect
	at java.base/sun.nio.ch.Net.connect0(Native Method)
	at java.base/sun.nio.ch.Net.connect(Net.java:579)
	at java.base/sun.nio.ch.Net.connect(Net.java:568)
	at java.base/sun.nio.ch.NioSocketImpl.connect(NioSocketImpl.java:593)
	at java.base/java.net.Socket.connect(Socket.java:633)
	at java.base/java.net.Socket.connect(Socket.java:583)
	at java.base/sun.net.NetworkClient.doConnect(NetworkClient.java:183)
	at java.base/sun.net.www.http.HttpClient.openServer(HttpClient.java:533)
	at java.base/sun.net.www.http.HttpClient.openServer(HttpClient.java:638)
	at java.base/sun.net.www.http.HttpClient.parseHTTP(HttpClient.java:781)
	at java.base/sun.net.www.protocol.http.HttpURLConnection.getInputStream0(HttpURLConnection.java:1688)
	at java.base/sun.net.www.protocol.http.HttpURLConnection.getInputStream(HttpURLConnection.java:1589)
	at java.base/java.net.URL.openStream(URL.java:1161)
	at com.example.demo.service.LearningPathVerificationService.downloadLearningPath(LearningPathVerificationService.java:91)
	at com.example.demo.service.LearningPathVerificationService.verifyAndFetchLearningPaths(LearningPathVerificationService.java:194)
	at com.example.demo.web.LearningPathController.verifyLearningPaths(LearningPathController.java:45)
	at java.base/jdk.internal.reflect.NativeMethodAccessorImpl.invoke0(Native Method)
	at java.base/jdk.internal.reflect.NativeMethodAccessorImpl.invoke(NativeMethodAccessorImpl.java:77)
	at java.base/jdk.internal.reflect.DelegatingMethodAccessorImpl.invoke(DelegatingMethodAccessorImpl.java:43)
	at java.base/java.lang.reflect.Method.invoke(Method.java:568)
	at org.springframework.web.method.support.InvocableHandlerMethod.doInvoke(InvocableHandlerMethod.java:205)
	at org.springframework.web.method.support.InvocableHandlerMethod.invokeForRequest(InvocableHandlerMethod.java:150)
	at org.springframework.web.servlet.mvc.method.annotation.ServletInvocableHandlerMethod.invokeAndHandle(ServletInvocableHandlerMethod.java:117)
	at org.springframework.web.servlet.mvc.method.annotation.RequestMappingHandlerAdapter.invokeHandlerMethod(RequestMappingHandlerAdapter.java:895)
	at org.springframework.web.servlet.mvc.method.annotation.RequestMappingHandlerAdapter.handleInternal(RequestMappingHandlerAdapter.java:808)
	at org.springframework.web.servlet.mvc.method.AbstractHandlerMethodAdapter.handle(AbstractHandlerMethodAdapter.java:87)
	at org.springframework.web.servlet.DispatcherServlet.doDispatch(DispatcherServlet.java:1067)
	at org.springframework.web.servlet.DispatcherServlet.doService(DispatcherServlet.java:963)
	at org.springframework.web.servlet.FrameworkServlet.processRequest(FrameworkServlet.java:1006)
	at org.springframework.web.servlet.FrameworkServlet.doPost(FrameworkServlet.java:909)
	at javax.servlet.http.HttpServlet.service(HttpServlet.java:681)
	at org.springframework.web.servlet.FrameworkServlet.service(FrameworkServlet.java:883)
	at javax.servlet.http.HttpServlet.service(HttpServlet.java:764)
	at org.apache.catalina.core.ApplicationFilterChain.internalDoFilter(ApplicationFilterChain.java:227)
	at org.apache.catalina.core.ApplicationFilterChain.doFilter(ApplicationFilterChain.java:162)
	at org.apache.tomcat.websocket.server.WsFilter.doFilter(WsFilter.java:53)
	at org.apache.catalina.core.ApplicationFilterChain.internalDoFilter(ApplicationFilterChain.java:189)
	at org.apache.catalina.core.ApplicationFilterChain.doFilter(ApplicationFilterChain.java:162)
	at org.springframework.security.web.FilterChainProxy$VirtualFilterChain.doFilter(FilterChainProxy.java:327)
	at org.springframework.security.web.access.intercept.FilterSecurityInterceptor.invoke(FilterSecurityInterceptor.java:115)
	at org.springframework.security.web.access.intercept.FilterSecurityInterceptor.doFilter(FilterSecurityInterceptor.java:81)
	at org.springframework.security.web.FilterChainProxy$VirtualFilterChain.doFilter(FilterChainProxy.java:336)
	at org.springframework.security.web.access.ExceptionTranslationFilter.doFilter(ExceptionTranslationFilter.java:122)
	at org.springframework.security.web.access.ExceptionTranslationFilter.doFilter(ExceptionTranslationFilter.java:116)
	at org.springframework.security.web.FilterChainProxy$VirtualFilterChain.doFilter(FilterChainProxy.java:336)
	at org.springframework.security.web.session.SessionManagementFilter.doFilter(SessionManagementFilter.java:126)
	at org.springframework.security.web.session.SessionManagementFilter.doFilter(SessionManagementFilter.java:81)
	at org.springframework.security.web.FilterChainProxy$VirtualFilterChain.doFilter(FilterChainProxy.java:336)
	at org.springframework.security.web.authentication.AnonymousAuthenticationFilter.doFilter(AnonymousAuthenticationFilter.java:109)
	at org.springframework.security.web.FilterChainProxy$VirtualFilterChain.doFilter(FilterChainProxy.java:336)
	at org.springframework.security.web.servletapi.SecurityContextHolderAwareRequestFilter.doFilter(SecurityContextHolderAwareRequestFilter.java:149)
	at org.springframework.security.web.FilterChainProxy$VirtualFilterChain.doFilter(FilterChainProxy.java:336)
	at org.springframework.security.web.savedrequest.RequestCacheAwareFilter.doFilter(RequestCacheAwareFilter.java:63)
	at org.springframework.security.web.FilterChainProxy$VirtualFilterChain.doFilter(FilterChainProxy.java:336)
	at org.springframework.security.web.session.ConcurrentSessionFilter.doFilter(ConcurrentSessionFilter.java:147)
	at org.springframework.security.web.session.ConcurrentSessionFilter.doFilter(ConcurrentSessionFilter.java:125)
	at org.springframework.security.web.FilterChainProxy$VirtualFilterChain.doFilter(FilterChainProxy.java:336)
	at org.springframework.security.web.authentication.AbstractAuthenticationProcessingFilter.doFilter(AbstractAuthenticationProcessingFilter.java:219)
	at org.springframework.security.web.authentication.AbstractAuthenticationProcessingFilter.doFilter(AbstractAuthenticationProcessingFilter.java:213)
	at org.springframework.security.web.FilterChainProxy$VirtualFilterChain.doFilter(FilterChainProxy.java:336)
	at org.springframework.security.web.authentication.logout.LogoutFilter.doFilter(LogoutFilter.java:103)
	at org.springframework.security.web.authentication.logout.LogoutFilter.doFilter(LogoutFilter.java:89)
	at org.springframework.security.web.FilterChainProxy$VirtualFilterChain.doFilter(FilterChainProxy.java:336)
	at org.springframework.security.web.header.HeaderWriterFilter.doHeadersAfter(HeaderWriterFilter.java:90)
	at org.springframework.security.web.header.HeaderWriterFilter.doFilterInternal(HeaderWriterFilter.java:75)
	at org.springframework.web.filter.OncePerRequestFilter.doFilter(OncePerRequestFilter.java:119)
	at org.springframework.security.web.FilterChainProxy$VirtualFilterChain.doFilter(FilterChainProxy.java:336)
	at org.springframework.security.web.context.SecurityContextPersistenceFilter.doFilter(SecurityContextPersistenceFilter.java:110)
	at org.springframework.security.web.context.SecurityContextPersistenceFilter.doFilter(SecurityContextPersistenceFilter.java:80)
	at org.springframework.security.web.FilterChainProxy$VirtualFilterChain.doFilter(FilterChainProxy.java:336)
	at org.springframework.security.web.context.request.async.WebAsyncManagerIntegrationFilter.doFilterInternal(WebAsyncManagerIntegrationFilter.java:55)
	at org.springframework.web.filter.OncePerRequestFilter.doFilter(OncePerRequestFilter.java:119)
	at org.springframework.security.web.FilterChainProxy$VirtualFilterChain.doFilter(FilterChainProxy.java:336)
	at org.springframework.security.web.FilterChainProxy.doFilterInternal(FilterChainProxy.java:211)
	at org.springframework.security.web.FilterChainProxy.doFilter(FilterChainProxy.java:183)
	at org.springframework.web.filter.DelegatingFilterProxy.invokeDelegate(DelegatingFilterProxy.java:358)
	at org.springframework.web.filter.DelegatingFilterProxy.doFilter(DelegatingFilterProxy.java:271)
	at org.apache.catalina.core.ApplicationFilterChain.internalDoFilter(ApplicationFilterChain.java:189)
	at org.apache.catalina.core.ApplicationFilterChain.doFilter(ApplicationFilterChain.java:162)
	at org.springframework.web.filter.RequestContextFilter.doFilterInternal(RequestContextFilter.java:100)
	at org.springframework.web.filter.OncePerRequestFilter.doFilter(OncePerRequestFilter.java:119)
	at org.apache.catalina.core.ApplicationFilterChain.internalDoFilter(ApplicationFilterChain.java:189)
	at org.apache.catalina.core.ApplicationFilterChain.doFilter(ApplicationFilterChain.java:162)
	at org.springframework.web.filter.FormContentFilter.doFilterInternal(FormContentFilter.java:93)
	at org.springframework.web.filter.OncePerRequestFilter.doFilter(OncePerRequestFilter.java:119)
	at org.apache.catalina.core.ApplicationFilterChain.internalDoFilter(ApplicationFilterChain.java:189)
	at org.apache.catalina.core.ApplicationFilterChain.doFilter(ApplicationFilterChain.java:162)
	at org.springframework.web.filter.CharacterEncodingFilter.doFilterInternal(CharacterEncodingFilter.java:201)
	at org.springframework.web.filter.OncePerRequestFilter.doFilter(OncePerRequestFilter.java:119)
	at org.apache.catalina.core.ApplicationFilterChain.internalDoFilter(ApplicationFilterChain.java:189)
	at org.apache.catalina.core.ApplicationFilterChain.doFilter(ApplicationFilterChain.java:162)
	at org.apache.catalina.core.StandardWrapperValve.invoke(StandardWrapperValve.java:197)
	at org.apache.catalina.core.StandardContextValve.invoke(StandardContextValve.java:97)
	at org.apache.catalina.authenticator.AuthenticatorBase.invoke(AuthenticatorBase.java:540)
	at org.apache.catalina.core.StandardHostValve.invoke(StandardHostValve.java:135)
	at org.apache.catalina.valves.ErrorReportValve.invoke(ErrorReportValve.java:92)
	at org.apache.catalina.core.StandardEngineValve.invoke(StandardEngineValve.java:78)
	at org.apache.catalina.connector.CoyoteAdapter.service(CoyoteAdapter.java:357)
	at org.apache.coyote.http11.Http11Processor.service(Http11Processor.java:382)
	at org.apache.coyote.AbstractProcessorLight.process(AbstractProcessorLight.java:65)
	at org.apache.coyote.AbstractProtocol$ConnectionHandler.process(AbstractProtocol.java:895)
	at org.apache.tomcat.util.net.NioEndpoint$SocketProcessor.doRun(NioEndpoint.java:1722)
	at org.apache.tomcat.util.net.SocketProcessorBase.run(SocketProcessorBase.java:49)
	at org.apache.tomcat.util.threads.ThreadPoolExecutor.runWorker(ThreadPoolExecutor.java:1191)
	at org.apache.tomcat.util.threads.ThreadPoolExecutor$Worker.run(ThreadPoolExecutor.java:659)
	at org.apache.tomcat.util.threads.TaskThread$WrappingRunnable.run(TaskThread.java:61)
	at java.base/java.lang.Thread.run(Thread.java:840)

[2025-02-13T13:09:00.5262676] Failed to download all learning paths for user 2
[2025-02-13T13:16:04.97215] Starting comprehensive learning path verification for user 1
[2025-02-13T13:16:04.9786549] Checking path for user 1, course 53: NOT FOUND
[2025-02-13T13:16:04.9797333] Checking path for user 1, course 54: NOT FOUND
[2025-02-13T13:16:04.9797333] Checking path for user 1, course 55: NOT FOUND
[2025-02-13T13:16:04.9807436] Checking path for user 1, course 56: NOT FOUND
[2025-02-13T13:16:04.9807436] Starting download of missing learning paths for user 1: [53, 54, 55, 56]
[2025-02-13T13:16:04.9822539] Attempting to download learning path from URL: http://localhost:8000/learning_path/1/53
[2025-02-13T13:16:04.9840068] Target save location: C:\Users\mdfar\OneDrive\Desktop\withfeedback\registration-login-spring-boot-security-thymeleaf\src\main\resources\static\data\data\learning_paths\1_53_path.json
[2025-02-13T13:16:06.7888221] Starting comprehensive learning path verification for user 1
[2025-02-13T13:16:06.7936155] Checking path for user 1, course 53: NOT FOUND
[2025-02-13T13:16:06.7954316] Checking path for user 1, course 54: NOT FOUND
[2025-02-13T13:16:06.7976323] Checking path for user 1, course 55: NOT FOUND
[2025-02-13T13:16:06.7997241] Checking path for user 1, course 56: NOT FOUND
[2025-02-13T13:16:06.8008165] Starting download of missing learning paths for user 1: [53, 54, 55, 56]
[2025-02-13T13:16:06.8039904] Attempting to download learning path from URL: http://localhost:8000/learning_path/1/53
[2025-02-13T13:16:06.8050622] Target save location: C:\Users\mdfar\OneDrive\Desktop\withfeedback\registration-login-spring-boot-security-thymeleaf\src\main\resources\static\data\data\learning_paths\1_53_path.json
[2025-02-13T13:16:35.510704] Starting comprehensive learning path verification for user 1
[2025-02-13T13:16:35.5155945] Checking path for user 1, course 53: NOT FOUND
[2025-02-13T13:16:35.5173587] Checking path for user 1, course 54: NOT FOUND
[2025-02-13T13:16:35.5185201] Checking path for user 1, course 55: NOT FOUND
[2025-02-13T13:16:35.520181] Checking path for user 1, course 56: NOT FOUND
[2025-02-13T13:16:35.521299] Starting download of missing learning paths for user 1: [53, 54, 55, 56]
[2025-02-13T13:16:35.5229353] Attempting to download learning path from URL: http://localhost:8000/learning_path/1/53
[2025-02-13T13:16:35.5248601] Target save location: C:\Users\mdfar\OneDrive\Desktop\withfeedback\registration-login-spring-boot-security-thymeleaf\src\main\resources\static\data\data\learning_paths\1_53_path.json
[2025-02-13T13:16:36.1996164] Starting comprehensive learning path verification for user 1
[2025-02-13T13:16:36.2015266] Checking path for user 1, course 53: NOT FOUND
[2025-02-13T13:16:36.2045756] Checking path for user 1, course 54: NOT FOUND
[2025-02-13T13:16:36.2055745] Checking path for user 1, course 55: NOT FOUND
[2025-02-13T13:16:36.2070831] Checking path for user 1, course 56: NOT FOUND
[2025-02-13T13:16:36.2082148] Starting download of missing learning paths for user 1: [53, 54, 55, 56]
[2025-02-13T13:16:36.2092387] Attempting to download learning path from URL: http://localhost:8000/learning_path/1/53
[2025-02-13T13:16:36.2111315] Target save location: C:\Users\mdfar\OneDrive\Desktop\withfeedback\registration-login-spring-boot-security-thymeleaf\src\main\resources\static\data\data\learning_paths\1_53_path.json
[2025-02-13T13:16:36.615565] Starting comprehensive learning path verification for user 1
[2025-02-13T13:16:36.6179628] Checking path for user 1, course 53: NOT FOUND
[2025-02-13T13:16:36.6204379] Checking path for user 1, course 54: NOT FOUND
[2025-02-13T13:16:36.6219769] Checking path for user 1, course 55: NOT FOUND
[2025-02-13T13:16:36.6240116] Checking path for user 1, course 56: NOT FOUND
[2025-02-13T13:16:36.6257286] Starting download of missing learning paths for user 1: [53, 54, 55, 56]
[2025-02-13T13:16:36.6270578] Attempting to download learning path from URL: http://localhost:8000/learning_path/1/53
[2025-02-13T13:16:36.6285994] Target save location: C:\Users\mdfar\OneDrive\Desktop\withfeedback\registration-login-spring-boot-security-thymeleaf\src\main\resources\static\data\data\learning_paths\1_53_path.json
[2025-02-13T13:16:36.8115103] Starting comprehensive learning path verification for user 1
[2025-02-13T13:16:36.814027] Checking path for user 1, course 53: NOT FOUND
[2025-02-13T13:16:36.8162385] Checking path for user 1, course 54: NOT FOUND
[2025-02-13T13:16:36.817489] Checking path for user 1, course 55: NOT FOUND
[2025-02-13T13:16:36.8180217] Checking path for user 1, course 56: NOT FOUND
[2025-02-13T13:16:36.8200245] Starting download of missing learning paths for user 1: [53, 54, 55, 56]
[2025-02-13T13:16:36.8220182] Attempting to download learning path from URL: http://localhost:8000/learning_path/1/53
[2025-02-13T13:16:36.824444] Target save location: C:\Users\mdfar\OneDrive\Desktop\withfeedback\registration-login-spring-boot-security-thymeleaf\src\main\resources\static\data\data\learning_paths\1_53_path.json
[2025-02-13T13:16:36.9779886] Starting comprehensive learning path verification for user 1
[2025-02-13T13:16:36.980648] Checking path for user 1, course 53: NOT FOUND
[2025-02-13T13:16:36.9823004] Checking path for user 1, course 54: NOT FOUND
[2025-02-13T13:16:36.9823004] Checking path for user 1, course 55: NOT FOUND
[2025-02-13T13:16:36.9838487] Checking path for user 1, course 56: NOT FOUND
[2025-02-13T13:16:36.9838487] Starting download of missing learning paths for user 1: [53, 54, 55, 56]
[2025-02-13T13:16:36.9858585] Attempting to download learning path from URL: http://localhost:8000/learning_path/1/53
[2025-02-13T13:16:36.9878298] Target save location: C:\Users\mdfar\OneDrive\Desktop\withfeedback\registration-login-spring-boot-security-thymeleaf\src\main\resources\static\data\data\learning_paths\1_53_path.json
[2025-02-13T13:16:37.148076] Starting comprehensive learning path verification for user 1
[2025-02-13T13:16:37.1495812] Checking path for user 1, course 53: NOT FOUND
[2025-02-13T13:16:37.1505901] Checking path for user 1, course 54: NOT FOUND
[2025-02-13T13:16:37.1515909] Checking path for user 1, course 55: NOT FOUND
[2025-02-13T13:16:37.153755] Checking path for user 1, course 56: NOT FOUND
[2025-02-13T13:16:37.1555921] Starting download of missing learning paths for user 1: [53, 54, 55, 56]
[2025-02-13T13:16:37.1566856] Attempting to download learning path from URL: http://localhost:8000/learning_path/1/53
[2025-02-13T13:16:37.1577574] Target save location: C:\Users\mdfar\OneDrive\Desktop\withfeedback\registration-login-spring-boot-security-thymeleaf\src\main\resources\static\data\data\learning_paths\1_53_path.json
[2025-02-13T13:16:46.0491329] Successfully downloaded learning path for user 1, course 53
[2025-02-13T13:16:46.0491329] Download details - Bytes transferred: 8322, Duration: 41065 ms
[2025-02-13T13:16:46.0501424] Verifying downloaded file - Size: 8322 bytes
[2025-02-13T13:16:46.0712222] First few lines of the downloaded file:
[2025-02-13T13:16:46.0722743]   {"learning_path":{"modules":[{"id":"M1","title":"Introduction to Machine Learning","description":"This module provides an overview of machine learning, its history, and applications.","sub_modules":[{"id":"M1-S1","title":"What is Machine Learning?","description":"In this sub-module, students will learn the basics of machine learning, including types of ML, advantages, and disadvantages.","activities":[{"type":"Video Lecture","title":"Introduction to Machine Learning","duration":"3 hours","id":"M1-S1-A1"},{"type":"Interactive Quiz","title":"What is Machine Learning?","duration":"30 minutes","score":70.0,"id":"M1-S1-A2"}],"learning_outcomes":["Define machine learning and its types.","Explain the advantages and disadvantages of machine learning."]},{"id":"M1-S2","title":"History of Machine Learning","description":"This sub-module covers the history of machine learning, including early applications and pioneers.","activities":[{"type":"Video Lecture","title":"A Brief History of Machine Learning","duration":"2 hours","id":"M1-S2-A1"},{"type":"Case Study","title":"Early Applications of Machine Learning","duration":"1 hour","score":80.0,"id":"M1-S2-A2"}],"learning_outcomes":["Describe the early history of machine learning.","Explain how machine learning was applied in early projects."]},{"id":"M1-S3","title":"Applications of Machine Learning","description":"In this sub-module, students will learn about various applications of machine learning, including computer vision, natural language processing, and recommender systems.","activities":[{"type":"Video Lecture","title":"Applications of Machine Learning","duration":"4 hours","id":"M1-S3-A1"},{"type":"Interactive Quiz","title":"Applications of Machine Learning","duration":"45 minutes","score":75.0,"id":"M1-S3-A2"}],"learning_outcomes":["Explain the different applications of machine learning.","Describe how machine learning is used in computer vision, natural language processing, and recommender systems."]},{"id":"M1-S4","title":"Machine Learning Algorithms","description":"This sub-module covers various machine learning algorithms, including supervised and unsupervised learning.","activities":[{"type":"Video Lecture","title":"Machine Learning Algorithms","duration":"5 hours","id":"M1-S4-A1"},{"type":"Interactive Quiz","title":"Machine Learning Algorithms","duration":"1 hour","score":90.0,"id":"M1-S4-A2"}],"learning_outcomes":["Describe the different types of machine learning algorithms.","Explain how to implement supervised and unsupervised learning."]},{"id":"M1-S5","title":"Model Evaluation and Selection","description":"In this sub-module, students will learn about model evaluation metrics and techniques for selecting the best model.","activities":[{"type":"Video Lecture","title":"Model Evaluation and Selection","duration":"3 hours","id":"M1-S5-A1"},{"type":"Interactive Quiz","title":"Model Evaluation and Selection","duration":"30 minutes","score":85.0,"id":"M1-S5-A2"}],"learning_outcomes":["Explain model evaluation metrics.","Describe techniques for selecting the best model."]},{"id":"M1-S6","title":"Deployment and Maintenance of Machine Learning Models","description":"This sub-module covers how to deploy and maintain machine learning models in production.","activities":[{"type":"Video Lecture","title":"Deployment and Maintenance of Machine Learning Models","duration":"4 hours","id":"M1-S6-A1"},{"type":"Interactive Quiz","title":"Deployment and Maintenance of Machine Learning Models","duration":"45 minutes","score":80.0,"id":"M1-S6-A2"}],"learning_outcomes":["Describe how to deploy machine learning models in production.","Explain techniques for maintaining machine learning models."]}],"duration":"20 hours"},{"id":"M2","title":"Advanced Topics","description":"In this module, students will learn about advanced topics in machine learning, including deep learning and transfer learning.","sub_modules":[{"id":"M2-S1","title":"Deep Learning","description":"This sub-module covers the basics of deep learning, including neural networks and convolutional neural networks.","activities":[{"type":"Video Lecture","title":"Introduction to Deep Learning","duration":"5 hours","id":"M2-S1-A1"},{"type":"Interactive Quiz","title":"Deep Learning Basics","duration":"1 hour","score":85.0,"id":"M2-S1-A2"}],"learning_outcomes":["Explain the basics of deep learning.","Describe how to implement convolutional neural networks."]},{"id":"M2-S2","title":"Transfer Learning","description":"In this sub-module, students will learn about transfer learning and its applications in machine learning.","activities":[{"type":"Video Lecture","title":"Introduction to Transfer Learning","duration":"3 hours","id":"M2-S2-A1"},{"type":"Interactive Quiz","title":"Transfer Learning Applications","duration":"30 minutes","score":80.0,"id":"M2-S2-A2"}],"learning_outcomes":["Explain the concept of transfer learning.","Describe how to apply transfer learning in machine learning."]},{"id":"M2-S3","title":"Reinforcement Learning","description":"This sub-module covers the basics of reinforcement learning, including Q-learning and policy gradients.","activities":[{"type":"Video Lecture","title":"Introduction to Reinforcement Learning","duration":"4 hours","id":"M2-S3-A1"},{"type":"Interactive Quiz","title":"Reinforcement Learning Basics","duration":"45 minutes","score":90.0,"id":"M2-S3-A2"}],"learning_outcomes":["Explain the basics of reinforcement learning.","Describe how to implement Q-learning and policy gradients."]},{"id":"M2-S4","title":"Unsupervised Learning","description":"In this sub-module, students will learn about unsupervised learning, including clustering and dimensionality reduction.","activities":[{"type":"Video Lecture","title":"Introduction to Unsupervised Learning","duration":"4 hours","id":"M2-S4-A1"},{"type":"Interactive Quiz","title":"Unsupervised Learning Basics","duration":"45 minutes","score":85.0,"id":"M2-S4-A2"}],"learning_outcomes":["Explain the basics of unsupervised learning.","Describe how to implement clustering and dimensionality reduction."]},{"id":"M2-S5","title":"Model Interpretability","description":"This sub-module covers techniques for interpreting machine learning models, including feature importance and partial dependence plots.","activities":[{"type":"Video Lecture","title":"Introduction to Model Interpretability","duration":"3 hours","id":"M2-S5-A1"},{"type":"Interactive Quiz","title":"Model Interpretability Techniques","duration":"30 minutes","score":80.0,"id":"M2-S5-A2"}],"learning_outcomes":["Explain model interpretability techniques.","Describe how to implement feature importance and partial dependence plots."]},{"id":"M2-S6","title":"Bias-Variance Tradeoff","description":"In this sub-module, students will learn about the bias-variance tradeoff and its implications for machine learning models.","activities":[{"type":"Video Lecture","title":"Introduction to Bias-Variance Tradeoff","duration":"2 hours","id":"M2-S6-A1"},{"type":"Interactive Quiz","title":"Bias-Variance Tradeoff Implications","duration":"15 minutes","score":75.0,"id":"M2-S6-A2"}],"learning_outcomes":["Explain the bias-variance tradeoff.","Describe its implications for machine learning models."]},{"id":"M2-S7","title":"Overfitting and Underfitting","description":"This sub-module covers techniques for avoiding overfitting and underfitting, including regularization and cross-validation.","activities":[{"type":"Video Lecture","title":"Introduction to Overfitting and Underfitting","duration":"2 hours","id":"M2-S7-A1"},{"type":"Interactive Quiz","title":"Overfitting and Underfitting Techniques","duration":"15 minutes","score":75.0,"id":"M2-S7-A2"}],"learning_outcomes":["Explain techniques for avoiding overfitting.","Describe techniques for avoiding underfitting."]}],"duration":"10 hours"}]},"course_id":53,"user_id":1,"quiz_performance":{"topic_scores":{"general":100.0,"problem_solving":0.0,"learning_style":50.0,"logical_reasoning":100.0,"mathematical":100.0,"motivation":100.0},"overall_score":70.0,"weak_areas":["problem_solving","learning_style"],"strengths":["general","logical_reasoning","mathematical","motivation"],"total_questions_answered":10,"question_distribution":{"general":1,"problem_solving":2,"learning_style":2,"logical_reasoning":2,"mathematical":2,"motivation":1}}}
[2025-02-13T13:16:46.0738972] Attempting to download learning path from URL: http://localhost:8000/learning_path/1/54
[2025-02-13T13:16:46.0744278] Target save location: C:\Users\mdfar\OneDrive\Desktop\withfeedback\registration-login-spring-boot-security-thymeleaf\src\main\resources\static\data\data\learning_paths\1_54_path.json
[2025-02-13T13:18:02.7569177] Starting comprehensive learning path verification for user 1
[2025-02-13T13:18:02.7619523] Checking path for user 1, course 53: EXISTS
[2025-02-13T13:18:02.7634907] Checking path for user 1, course 54: NOT FOUND
[2025-02-13T13:18:02.7647172] Checking path for user 1, course 55: NOT FOUND
[2025-02-13T13:18:02.7657351] Checking path for user 1, course 56: NOT FOUND
[2025-02-13T13:18:02.7674432] Starting download of missing learning paths for user 1: [54, 55, 56]
[2025-02-13T13:18:02.7719969] Attempting to download learning path from URL: http://localhost:8000/learning_path/1/54
[2025-02-13T13:18:02.7739993] Target save location: C:\Users\mdfar\OneDrive\Desktop\withfeedback\registration-login-spring-boot-security-thymeleaf\src\main\resources\static\data\data\learning_paths\1_54_path.json
[2025-02-13T13:18:18.5406584] Starting comprehensive learning path verification for user 1
[2025-02-13T13:18:18.5423479] Checking path for user 1, course 53: EXISTS
[2025-02-13T13:18:18.5434427] Checking path for user 1, course 54: NOT FOUND
[2025-02-13T13:18:18.5445609] Checking path for user 1, course 55: NOT FOUND
[2025-02-13T13:18:18.5462034] Checking path for user 1, course 56: NOT FOUND
[2025-02-13T13:18:18.5479064] Starting download of missing learning paths for user 1: [54, 55, 56]
[2025-02-13T13:18:18.5479064] Attempting to download learning path from URL: http://localhost:8000/learning_path/1/54
[2025-02-13T13:18:18.5494389] Target save location: C:\Users\mdfar\OneDrive\Desktop\withfeedback\registration-login-spring-boot-security-thymeleaf\src\main\resources\static\data\data\learning_paths\1_54_path.json
[2025-02-13T13:19:09.4694128] Starting comprehensive learning path verification for user 1
[2025-02-13T13:19:09.4731429] Checking path for user 1, course 53: EXISTS
[2025-02-13T13:19:09.4760357] Checking path for user 1, course 54: NOT FOUND
[2025-02-13T13:19:09.4776682] Checking path for user 1, course 55: NOT FOUND
[2025-02-13T13:19:09.4781945] Checking path for user 1, course 56: NOT FOUND
[2025-02-13T13:19:09.4792791] Starting download of missing learning paths for user 1: [54, 55, 56]
[2025-02-13T13:19:09.4803842] Attempting to download learning path from URL: http://localhost:8000/learning_path/1/54
[2025-02-13T13:19:09.4842687] Target save location: C:\Users\mdfar\OneDrive\Desktop\withfeedback\registration-login-spring-boot-security-thymeleaf\src\main\resources\static\data\data\learning_paths\1_54_path.json
[2025-02-13T13:19:35.3290742] Starting comprehensive learning path verification for user 1
[2025-02-13T13:19:35.3342018] Checking path for user 1, course 53: EXISTS
[2025-02-13T13:19:35.3392462] Checking path for user 1, course 54: NOT FOUND
[2025-02-13T13:19:35.3412653] Checking path for user 1, course 55: NOT FOUND
[2025-02-13T13:19:35.3458007] Checking path for user 1, course 56: NOT FOUND
[2025-02-13T13:19:35.3475122] Starting download of missing learning paths for user 1: [54, 55, 56]
[2025-02-13T13:19:35.3500952] Attempting to download learning path from URL: http://localhost:8000/learning_path/1/54
[2025-02-13T13:19:35.3529567] Target save location: C:\Users\mdfar\OneDrive\Desktop\withfeedback\registration-login-spring-boot-security-thymeleaf\src\main\resources\static\data\data\learning_paths\1_54_path.json
[2025-02-13T13:20:00.0807309] Starting comprehensive learning path verification for user 1
[2025-02-13T13:20:00.0822592] Checking path for user 1, course 53: EXISTS
[2025-02-13T13:20:00.0839064] Checking path for user 1, course 54: NOT FOUND
[2025-02-13T13:20:00.0859847] Checking path for user 1, course 55: NOT FOUND
[2025-02-13T13:20:00.087596] Checking path for user 1, course 56: NOT FOUND
[2025-02-13T13:20:00.0886004] Starting download of missing learning paths for user 1: [54, 55, 56]
[2025-02-13T13:20:00.089925] Attempting to download learning path from URL: http://localhost:8000/learning_path/1/54
[2025-02-13T13:20:00.089925] Target save location: C:\Users\mdfar\OneDrive\Desktop\withfeedback\registration-login-spring-boot-security-thymeleaf\src\main\resources\static\data\data\learning_paths\1_54_path.json
[2025-02-13T13:20:46.7410333] Starting comprehensive learning path verification for user 1
[2025-02-13T13:20:46.7466252] Checking path for user 1, course 53: EXISTS
[2025-02-13T13:20:46.7482503] Checking path for user 1, course 54: NOT FOUND
[2025-02-13T13:20:46.7503457] Checking path for user 1, course 55: NOT FOUND
[2025-02-13T13:20:46.7521923] Checking path for user 1, course 56: NOT FOUND
[2025-02-13T13:20:46.7539449] Starting download of missing learning paths for user 1: [54, 55, 56]
[2025-02-13T13:20:46.7570808] Attempting to download learning path from URL: http://localhost:8000/learning_path/1/54
[2025-02-13T13:20:46.7583438] Target save location: C:\Users\mdfar\OneDrive\Desktop\withfeedback\registration-login-spring-boot-security-thymeleaf\src\main\resources\static\data\data\learning_paths\1_54_path.json
[2025-02-13T13:22:01.3643792] Starting comprehensive learning path verification for user 1
[2025-02-13T13:22:01.3676357] Checking path for user 1, course 53: EXISTS
[2025-02-13T13:22:01.3688699] Checking path for user 1, course 54: NOT FOUND
[2025-02-13T13:22:01.3708835] Checking path for user 1, course 55: NOT FOUND
[2025-02-13T13:22:01.3730173] Checking path for user 1, course 56: NOT FOUND
[2025-02-13T13:22:01.3742323] Starting download of missing learning paths for user 1: [54, 55, 56]
[2025-02-13T13:22:01.3753081] Attempting to download learning path from URL: http://localhost:8000/learning_path/1/54
[2025-02-13T13:22:01.3764535] Target save location: C:\Users\mdfar\OneDrive\Desktop\withfeedback\registration-login-spring-boot-security-thymeleaf\src\main\resources\static\data\data\learning_paths\1_54_path.json
[2025-02-13T13:24:59.5950793] Detailed error downloading learning path for user 1, course 54:
[2025-02-13T13:24:59.5950793] Detailed error downloading learning path for user 1, course 54:
[2025-02-13T13:24:59.5950793] Detailed error downloading learning path for user 1, course 54:
[2025-02-13T13:24:59.5950793] Detailed error downloading learning path for user 1, course 54:
[2025-02-13T13:24:59.5950793] Detailed error downloading learning path for user 1, course 54:
[2025-02-13T13:24:59.5950793] Detailed error downloading learning path for user 1, course 54:
[2025-02-13T13:24:59.5950793] Detailed error downloading learning path for user 1, course 54:
[2025-02-13T13:24:59.5991199] Error message: Connection refused: connect
[2025-02-13T13:24:59.6001309] Error message: Connection refused: connect
[2025-02-13T13:24:59.6001309] Error message: Connection refused: connect
[2025-02-13T13:24:59.6001309] Error message: Connection refused: connect
[2025-02-13T13:24:59.6001309] Error message: Connection refused: connect
[2025-02-13T13:24:59.6001309] Error message: Connection refused: connect
[2025-02-13T13:24:59.6001309] Error message: Connection refused: connect
[2025-02-13T13:24:59.6016385] Error type: java.net.ConnectException
[2025-02-13T13:24:59.602241] Error type: java.net.ConnectException
[2025-02-13T13:24:59.602241] Error type: java.net.ConnectException
[2025-02-13T13:24:59.602241] Error type: java.net.ConnectException
[2025-02-13T13:24:59.602241] Error type: java.net.ConnectException
[2025-02-13T13:24:59.603496] Error type: java.net.ConnectException
[2025-02-13T13:24:59.603496] Error type: java.net.ConnectException
[2025-02-13T13:24:59.6089138] Full error stack trace:
[2025-02-13T13:24:59.6089138] Full error stack trace:
[2025-02-13T13:24:59.6089138] Full error stack trace:
[2025-02-13T13:24:59.6089138] Full error stack trace:
[2025-02-13T13:24:59.6089138] Full error stack trace:
[2025-02-13T13:24:59.6089138] Full error stack trace:
[2025-02-13T13:24:59.6089138] Full error stack trace:
[2025-02-13T13:24:59.613424] java.net.ConnectException: Connection refused: connect
	at java.base/sun.nio.ch.Net.connect0(Native Method)
	at java.base/sun.nio.ch.Net.connect(Net.java:579)
	at java.base/sun.nio.ch.Net.connect(Net.java:568)
	at java.base/sun.nio.ch.NioSocketImpl.connect(NioSocketImpl.java:593)
	at java.base/java.net.Socket.connect(Socket.java:633)
	at java.base/java.net.Socket.connect(Socket.java:583)
	at java.base/sun.net.NetworkClient.doConnect(NetworkClient.java:183)
	at java.base/sun.net.www.http.HttpClient.openServer(HttpClient.java:533)
	at java.base/sun.net.www.http.HttpClient.openServer(HttpClient.java:638)
	at java.base/sun.net.www.http.HttpClient.parseHTTP(HttpClient.java:781)
	at java.base/sun.net.www.protocol.http.HttpURLConnection.getInputStream0(HttpURLConnection.java:1688)
	at java.base/sun.net.www.protocol.http.HttpURLConnection.getInputStream(HttpURLConnection.java:1589)
	at java.base/java.net.URL.openStream(URL.java:1161)
	at com.example.demo.service.LearningPathVerificationService.downloadLearningPath(LearningPathVerificationService.java:91)
	at com.example.demo.service.LearningPathVerificationService.verifyAndFetchLearningPaths(LearningPathVerificationService.java:194)
	at com.example.demo.web.LearningPathController.verifyLearningPaths(LearningPathController.java:45)
	at java.base/jdk.internal.reflect.NativeMethodAccessorImpl.invoke0(Native Method)
	at java.base/jdk.internal.reflect.NativeMethodAccessorImpl.invoke(NativeMethodAccessorImpl.java:77)
	at java.base/jdk.internal.reflect.DelegatingMethodAccessorImpl.invoke(DelegatingMethodAccessorImpl.java:43)
	at java.base/java.lang.reflect.Method.invoke(Method.java:568)
	at org.springframework.web.method.support.InvocableHandlerMethod.doInvoke(InvocableHandlerMethod.java:205)
	at org.springframework.web.method.support.InvocableHandlerMethod.invokeForRequest(InvocableHandlerMethod.java:150)
	at org.springframework.web.servlet.mvc.method.annotation.ServletInvocableHandlerMethod.invokeAndHandle(ServletInvocableHandlerMethod.java:117)
	at org.springframework.web.servlet.mvc.method.annotation.RequestMappingHandlerAdapter.invokeHandlerMethod(RequestMappingHandlerAdapter.java:895)
	at org.springframework.web.servlet.mvc.method.annotation.RequestMappingHandlerAdapter.handleInternal(RequestMappingHandlerAdapter.java:808)
	at org.springframework.web.servlet.mvc.method.AbstractHandlerMethodAdapter.handle(AbstractHandlerMethodAdapter.java:87)
	at org.springframework.web.servlet.DispatcherServlet.doDispatch(DispatcherServlet.java:1067)
	at org.springframework.web.servlet.DispatcherServlet.doService(DispatcherServlet.java:963)
	at org.springframework.web.servlet.FrameworkServlet.processRequest(FrameworkServlet.java:1006)
	at org.springframework.web.servlet.FrameworkServlet.doPost(FrameworkServlet.java:909)
	at javax.servlet.http.HttpServlet.service(HttpServlet.java:681)
	at org.springframework.web.servlet.FrameworkServlet.service(FrameworkServlet.java:883)
	at javax.servlet.http.HttpServlet.service(HttpServlet.java:764)
	at org.apache.catalina.core.ApplicationFilterChain.internalDoFilter(ApplicationFilterChain.java:227)
	at org.apache.catalina.core.ApplicationFilterChain.doFilter(ApplicationFilterChain.java:162)
	at org.apache.tomcat.websocket.server.WsFilter.doFilter(WsFilter.java:53)
	at org.apache.catalina.core.ApplicationFilterChain.internalDoFilter(ApplicationFilterChain.java:189)
	at org.apache.catalina.core.ApplicationFilterChain.doFilter(ApplicationFilterChain.java:162)
	at org.springframework.security.web.FilterChainProxy$VirtualFilterChain.doFilter(FilterChainProxy.java:327)
	at org.springframework.security.web.access.intercept.FilterSecurityInterceptor.invoke(FilterSecurityInterceptor.java:115)
	at org.springframework.security.web.access.intercept.FilterSecurityInterceptor.doFilter(FilterSecurityInterceptor.java:81)
	at org.springframework.security.web.FilterChainProxy$VirtualFilterChain.doFilter(FilterChainProxy.java:336)
	at org.springframework.security.web.access.ExceptionTranslationFilter.doFilter(ExceptionTranslationFilter.java:122)
	at org.springframework.security.web.access.ExceptionTranslationFilter.doFilter(ExceptionTranslationFilter.java:116)
	at org.springframework.security.web.FilterChainProxy$VirtualFilterChain.doFilter(FilterChainProxy.java:336)
	at org.springframework.security.web.session.SessionManagementFilter.doFilter(SessionManagementFilter.java:126)
	at org.springframework.security.web.session.SessionManagementFilter.doFilter(SessionManagementFilter.java:81)
	at org.springframework.security.web.FilterChainProxy$VirtualFilterChain.doFilter(FilterChainProxy.java:336)
	at org.springframework.security.web.authentication.AnonymousAuthenticationFilter.doFilter(AnonymousAuthenticationFilter.java:109)
	at org.springframework.security.web.FilterChainProxy$VirtualFilterChain.doFilter(FilterChainProxy.java:336)
	at org.springframework.security.web.servletapi.SecurityContextHolderAwareRequestFilter.doFilter(SecurityContextHolderAwareRequestFilter.java:149)
	at org.springframework.security.web.FilterChainProxy$VirtualFilterChain.doFilter(FilterChainProxy.java:336)
	at org.springframework.security.web.savedrequest.RequestCacheAwareFilter.doFilter(RequestCacheAwareFilter.java:63)
	at org.springframework.security.web.FilterChainProxy$VirtualFilterChain.doFilter(FilterChainProxy.java:336)
	at org.springframework.security.web.session.ConcurrentSessionFilter.doFilter(ConcurrentSessionFilter.java:147)
	at org.springframework.security.web.session.ConcurrentSessionFilter.doFilter(ConcurrentSessionFilter.java:125)
	at org.springframework.security.web.FilterChainProxy$VirtualFilterChain.doFilter(FilterChainProxy.java:336)
	at org.springframework.security.web.authentication.AbstractAuthenticationProcessingFilter.doFilter(AbstractAuthenticationProcessingFilter.java:219)
	at org.springframework.security.web.authentication.AbstractAuthenticationProcessingFilter.doFilter(AbstractAuthenticationProcessingFilter.java:213)
	at org.springframework.security.web.FilterChainProxy$VirtualFilterChain.doFilter(FilterChainProxy.java:336)
	at org.springframework.security.web.authentication.logout.LogoutFilter.doFilter(LogoutFilter.java:103)
	at org.springframework.security.web.authentication.logout.LogoutFilter.doFilter(LogoutFilter.java:89)
	at org.springframework.security.web.FilterChainProxy$VirtualFilterChain.doFilter(FilterChainProxy.java:336)
	at org.springframework.security.web.header.HeaderWriterFilter.doHeadersAfter(HeaderWriterFilter.java:90)
	at org.springframework.security.web.header.HeaderWriterFilter.doFilterInternal(HeaderWriterFilter.java:75)
	at org.springframework.web.filter.OncePerRequestFilter.doFilter(OncePerRequestFilter.java:119)
	at org.springframework.security.web.FilterChainProxy$VirtualFilterChain.doFilter(FilterChainProxy.java:336)
	at org.springframework.security.web.context.SecurityContextPersistenceFilter.doFilter(SecurityContextPersistenceFilter.java:110)
	at org.springframework.security.web.context.SecurityContextPersistenceFilter.doFilter(SecurityContextPersistenceFilter.java:80)
	at org.springframework.security.web.FilterChainProxy$VirtualFilterChain.doFilter(FilterChainProxy.java:336)
	at org.springframework.security.web.context.request.async.WebAsyncManagerIntegrationFilter.doFilterInternal(WebAsyncManagerIntegrationFilter.java:55)
	at org.springframework.web.filter.OncePerRequestFilter.doFilter(OncePerRequestFilter.java:119)
	at org.springframework.security.web.FilterChainProxy$VirtualFilterChain.doFilter(FilterChainProxy.java:336)
	at org.springframework.security.web.FilterChainProxy.doFilterInternal(FilterChainProxy.java:211)
	at org.springframework.security.web.FilterChainProxy.doFilter(FilterChainProxy.java:183)
	at org.springframework.web.filter.DelegatingFilterProxy.invokeDelegate(DelegatingFilterProxy.java:358)
	at org.springframework.web.filter.DelegatingFilterProxy.doFilter(DelegatingFilterProxy.java:271)
	at org.apache.catalina.core.ApplicationFilterChain.internalDoFilter(ApplicationFilterChain.java:189)
	at org.apache.catalina.core.ApplicationFilterChain.[2025-02-13T13:24:59.613424] java.net.ConnectException: Connection refused: connect
	at java.base/sun.nio.ch.Net.connect0(Native Method)
	at java.base/sun.nio.ch.Net.connect(Net.java:579)
	at java.base/sun.nio.ch.Net.connect(Net.java:568)
	at java.base/sun.nio.ch.NioSocketImpl.connect(NioSocketImpl.java:593)
	at java.base/java.net.Socket.connect(Socket.java:633)
	at java.base/java.net.Socket.connect(Socket.java:583)
	at java.base/sun.net.NetworkClient.doConnect(NetworkClient.java:183)
	at java.base/sun.net.www.http.HttpClient.openServer(HttpClient.java:533)
	at java.base/sun.net.www.http.HttpClient.openServer(HttpClient.java:638)
	at java.base/sun.net.www.http.HttpClient.parseHTTP(HttpClient.java:781)
	at java.base/sun.net.www.protocol.http.HttpURLConnection.getInputStream0(HttpURLConnection.java:1688)
	at java.base/sun.net.www.protocol.http.HttpURLConnection.getInputStream(HttpURLConnection.java:1589)
	at java.base/java.net.URL.openStream(URL.java:1161)
	at com.example.demo.service.LearningPathVerificationService.downloadLearningPath(LearningPathVerificationService.java:91)
	at com.example.demo.service.LearningPathVerificationService.verifyAndFetchLearningPaths(LearningPathVerificationService.java:194)
	at com.example.demo.web.LearningPathController.verifyLearningPaths(LearningPathController.java:45)
	at java.base/jdk.internal.reflect.NativeMethodAccessorImpl.invoke0(Native Method)
	at java.base/jdk.internal.reflect.NativeMethodAccessorImpl.invoke(NativeMethodAccessorImpl.java:77)
	at java.base/jdk.internal.reflect.DelegatingMethodAccessorImpl.invoke(DelegatingMethodAccessorImpl.java:43)
	at java.base/java.lang.reflect.Method.invoke(Method.java:568)
	at org.springframework.web.method.support.InvocableHandlerMethod.doInvoke(InvocableHandlerMethod.java:205)
	at org.springframework.web.method.support.InvocableHandlerMethod.invokeForRequest(InvocableHandlerMethod.java:150)
	at org.springframework.web.servlet.mvc.method.annotation.ServletInvocableHandlerMethod.invokeAndHandle(ServletInvocableHandlerMethod.java:117)
	at org.springframework.web.servlet.mvc.method.annotation.RequestMappingHandlerAdapter.invokeHandlerMethod(RequestMappingHandlerAdapter.java:895)
	at org.springframework.web.servlet.mvc.method.annotation.RequestMappingHandlerAdapter.handleInternal(RequestMappingHandlerAdapter.java:808)
	at org.springframework.web.servlet.mvc.method.AbstractHandlerMethodAdapter.handle(AbstractHandlerMethodAdapter.java:87)
	at org.springframework.web.servlet.DispatcherServlet.doDispatch(DispatcherServlet.java:1067)
	at org.springframework.web.servlet.DispatcherServlet.doService(DispatcherServlet.java:963)
	at org.springframework.web.servlet.FrameworkServlet.processRequest(FrameworkServlet.java:1006)
	at org.springframework.web.servlet.FrameworkServlet.doPost(FrameworkServlet.java:909)
	at javax.servlet.http.HttpServlet.service(HttpServlet.java:681)
	at org.springframework.web.servlet.FrameworkServlet.service(FrameworkServlet.java:883)
	at javax.servlet.http.HttpServlet.service(HttpServlet.java:764)
	at org.apache.catalina.core.ApplicationFilterChain.internalDoFilter(ApplicationFilterChain.java:227)
	at org.apache.catalina.core.ApplicationFilterChain.doFilter(ApplicationFilterChain.java:162)
	at org.apache.tomcat.websocket.server.WsFilter.doFilter(WsFilter.java:53)
	at org.apache.catalina.core.ApplicationFilterChain.internalDoFilter(ApplicationFilterChain.java:189)
	at org.apache.catalina.core.ApplicationFilterChain.doFilter(ApplicationFilterChain.java:162)
	at org.springframework.security.web.FilterChainProxy$VirtualFilterChain.doFilter(FilterChainProxy.java:327)
	at org.springframework.security.web.access.intercept.FilterSecurityInterceptor.invoke(FilterSecurityInterceptor.java:115)
	at org.springframework.security.web.access.intercept.FilterSecurityInterceptor.doFilter(FilterSecurityInterceptor.java:81)
	at org.springframework.security.web.FilterChainProxy$VirtualFilterChain.doFilter(FilterChainProxy.java:336)
	at org.springframework.security.web.access.ExceptionTranslationFilter.doFilter(ExceptionTranslationFilter.java:122)
	at org.springframework.security.web.access.ExceptionTranslationFilter.doFilter(ExceptionTranslationFilter.java:116)
	at org.springframework.security.web.FilterChainProxy$VirtualFilterChain.doFilter(FilterChainProxy.java:336)
	at org.springframework.security.web.session.SessionManagementFilter.doFilter(SessionManagementFilter.java:126)
	at org.springframework.security.web.session.SessionManagementFilter.doFilter(SessionManagementFilter.java:81)
	at org.springframework.security.web.FilterChainProxy$VirtualFilterChain.doFilter(FilterChainProxy.java:336)
	at org.springframework.security.web.authentication.AnonymousAuthenticationFilter.doFilter(AnonymousAuthenticationFilter.java:109)
	at org.springframework.security.web.FilterChainProxy$VirtualFilterChain.doFilter(FilterChainProxy.java:336)
	at org.springframework.security.web.servletapi.SecurityContextHolderAwareRequestFilter.doFilter(SecurityContextHolderAwareRequestFilter.java:149)
	at org.springframework.security.web.FilterChainProxy$VirtualFilterChain.doFilter(FilterChainProxy.java:336)
	at org.springframework.security.web.savedrequest.RequestCacheAwareFilter.doFilter(RequestCacheAwareFilter.java:63)
	at org.springframework.security.web.FilterChainProxy$VirtualFilterChain.doFilter(FilterChainProxy.java:336)
	at org.springframework.security.web.session.ConcurrentSessionFilter.doFilter(ConcurrentSessionFilter.java:147)
	at org.springframework.security.web.session.ConcurrentSessionFilter.doFilter(ConcurrentSessionFilter.java:125)
	at org.springframework.security.web.FilterChainProxy$VirtualFilterChain.doFilter(FilterChainProxy.java:336)
	at org.springframework.security.web.authentication.AbstractAuthenticationProcessingFilter.doFilter(AbstractAuthenticationProcessingFilter.java:219)
	at org.springframework.security.web.authentication.AbstractAuthenticationProcessingFilter.doFilter(AbstractAuthenticationProcessingFilter.java:213)
	at org.springframework.security.web.FilterChainProxy$VirtualFilterChain.doFilter(FilterChainProxy.java:336)
	at org.springframework.security.web.authentication.logout.LogoutFilter.doFilter(LogoutFilter.java:103)
	at org.springframework.security.web.authentication.logout.LogoutFilter.doFilter(LogoutFilter.java:89)
	at org.springframework.security.web.FilterChainProxy$VirtualFilterChain.doFilter(FilterChainProxy.java:336)
	at org.springframework.security.web.header.HeaderWriterFilter.doHeadersAfter(HeaderWriterFilter.java:90)
	at org.springframework.security.web.header.HeaderWriterFilter.doFilterInternal(HeaderWriterFilter.java:75)
	at org.springframework.web.filter.OncePerRequestFilter.doFilter(OncePerRequestFilter.java:119)
	at org.springframework.security.web.FilterChainProxy$VirtualFilterChain.doFilter(FilterChainProxy.java:336)
	at org.springframework.security.web.context.SecurityContextPersistenceFilter.doFilter(SecurityContextPersistenceFilter.java:110)
	at org.springframework.security.web.context.SecurityContextPersistenceFilter.doFilter(SecurityContextPersistenceFilter.java:80)
	at org.springframework.security.web.FilterChainProxy$VirtualFilterChain.doFilter(FilterChainProxy.java:336)
	at org.springframework.security.web.context.request.async.WebAsyncManagerIntegrationFilter.doFilterInternal(WebAsyncManagerIntegrationFilter.java:55)
	at org.springframework.web.filter.OncePerRequestFilter.doFilter(OncePerRequestFilter.java:119)
	at org.springframework.security.web.FilterChainProxy$VirtualFilterChain.doFilter(FilterChainProxy.java:336)
	at org.springframework.security.web.FilterChainProxy.doFilterInternal(FilterChainProxy.java:211)
	at org.springframework.security.web.FilterChainProxy.doFilter(FilterChainProxy.java:183)
	at org.springframework.web.filter.DelegatingFilterProxy.invokeDelegate(DelegatingFilterProxy.java:358)
	at org.springframework.web.filter.DelegatingFilterProxy.doFilter(DelegatingFilterProxy.java:271)
	at org.apache.catalina.core.ApplicationFilterChain.internalDoFilter(ApplicationFilterChain.java:189)
	at org.apache.catalina.core.ApplicationFilterChain.[2025-02-13T13:24:59.613424] java.net.ConnectException: Connection refused: connect
	at java.base/sun.nio.ch.Net.connect0(Native Method)
	at java.base/sun.nio.ch.Net.connect(Net.java:579)
	at java.base/sun.nio.ch.Net.connect(Net.java:568)
	at java.base/sun.nio.ch.NioSocketImpl.connect(NioSocketImpl.java:593)
	at java.base/java.net.Socket.connect(Socket.java:633)
	at java.base/java.net.Socket.connect(Socket.java:583)
	at java.base/sun.net.NetworkClient.doConnect(NetworkClient.java:183)
	at java.base/sun.net.www.http.HttpClient.openServer(HttpClient.java:533)
	at java.base/sun.net.www.http.HttpClient.openServer(HttpClient.java:638)
	at java.base/sun.net.www.http.HttpClient.parseHTTP(HttpClient.java:781)
	at java.base/sun.net.www.protocol.http.HttpURLConnection.getInputStream0(HttpURLConnection.java:1688)
	at java.base/sun.net.www.protocol.http.HttpURLConnection.getInputStream(HttpURLConnection.java:1589)
	at java.base/java.net.URL.openStream(URL.java:1161)
	at com.example.demo.service.LearningPathVerificationService.downloadLearningPath(LearningPathVerificationService.java:91)
	at com.example.demo.service.LearningPathVerificationService.verifyAndFetchLearningPaths(LearningPathVerificationService.java:194)
	at com.example.demo.web.LearningPathController.verifyLearningPaths(LearningPathController.java:45)
	at java.base/jdk.internal.reflect.NativeMethodAccessorImpl.invoke0(Native Method)
	at java.base/jdk.internal.reflect.NativeMethodAccessorImpl.invoke(NativeMethodAccessorImpl.java:77)
	at java.base/jdk.internal.reflect.DelegatingMethodAccessorImpl.invoke(DelegatingMethodAccessorImpl.java:43)
	at java.base/java.lang.reflect.Method.invoke(Method.java:568)
	at org.springframework.web.method.support.InvocableHandlerMethod.doInvoke(InvocableHandlerMethod.java:205)
	at org.springframework.web.method.support.InvocableHandlerMethod.invokeForRequest(InvocableHandlerMethod.java:150)
	at org.springframework.web.servlet.mvc.method.annotation.ServletInvocableHandlerMethod.invokeAndHandle(ServletInvocableHandlerMethod.java:117)
	at org.springframework.web.servlet.mvc.method.annotation.RequestMappingHandlerAdapter.invokeHandlerMethod(RequestMappingHandlerAdapter.java:895)
	at org.springframework.web.servlet.mvc.method.annotation.RequestMappingHandlerAdapter.handleInternal(RequestMappingHandlerAdapter.java:808)
	at org.springframework.web.servlet.mvc.method.AbstractHandlerMethodAdapter.handle(AbstractHandlerMethodAdapter.java:87)
	at org.springframework.web.servlet.DispatcherServlet.doDispatch(DispatcherServlet.java:1067)
	at org.springframework.web.servlet.DispatcherServlet.doService(DispatcherServlet.java:963)
	at org.springframework.web.servlet.FrameworkServlet.processRequest(FrameworkServlet.java:1006)
	at org.springframework.web.servlet.FrameworkServlet.doPost(FrameworkServlet.java:909)
	at javax.servlet.http.HttpServlet.service(HttpServlet.java:681)
	at org.springframework.web.servlet.FrameworkServlet.service(FrameworkServlet.java:883)
	at javax.servlet.http.HttpServlet.service(HttpServlet.java:764)
	at org.apache.catalina.core.ApplicationFilterChain.internalDoFilter(ApplicationFilterChain.java:227)
	at org.apache.catalina.core.ApplicationFilterChain.doFilter(ApplicationFilterChain.java:162)
	at org.apache.tomcat.websocket.server.WsFilter.doFilter(WsFilter.java:53)
	at org.apache.catalina.core.ApplicationFilterChain.internalDoFilter(ApplicationFilterChain.java:189)
	at org.apache.catalina.core.ApplicationFilterChain.doFilter(ApplicationFilterChain.java:162)
	at org.springframework.security.web.FilterChainProxy$VirtualFilterChain.doFilter(FilterChainProxy.java:327)
	at org.springframework.security.web.access.intercept.FilterSecurityInterceptor.invoke(FilterSecurityInterceptor.java:115)
	at org.springframework.security.web.access.intercept.FilterSecurityInterceptor.doFilter(FilterSecurityInterceptor.java:81)
	at org.springframework.security.web.FilterChainProxy$VirtualFilterChain.doFilter(FilterChainProxy.java:336)
	at org.springframework.security.web.access.ExceptionTranslationFilter.doFilter(ExceptionTranslationFilter.java:122)
	at org.springframework.security.web.access.ExceptionTranslationFilter.doFilter(ExceptionTranslationFilter.java:116)
	at org.springframework.security.web.FilterChainProxy$VirtualFilterChain.doFilter(FilterChainProxy.java:336)
	at org.springframework.security.web.session.SessionManagementFilter.doFilter(SessionManagementFilter.java:126)
	at org.springframework.security.web.session.SessionManagementFilter.doFilter(SessionManagementFilter.java:81)
	at org.springframework.security.web.FilterChainProxy$VirtualFilterChain.doFilter(FilterChainProxy.java:336)
	at org.springframework.security.web.authentication.AnonymousAuthenticationFilter.doFilter(AnonymousAuthenticationFilter.java:109)
	at org.springframework.security.web.FilterChainProxy$VirtualFilterChain.doFilter(FilterChainProxy.java:336)
	at org.springframework.security.web.servletapi.SecurityContextHolderAwareRequestFilter.doFilter(SecurityContextHolderAwareRequestFilter.java:149)
	at org.springframework.security.web.FilterChainProxy$VirtualFilterChain.doFilter(FilterChainProxy.java:336)
	at org.springframework.security.web.savedrequest.RequestCacheAwareFilter.doFilter(RequestCacheAwareFilter.java:63)
	at org.springframework.security.web.FilterChainProxy$VirtualFilterChain.doFilter(FilterChainProxy.java:336)
	at org.springframework.security.web.session.ConcurrentSessionFilter.doFilter(ConcurrentSessionFilter.java:147)
	at org.springframework.security.web.session.ConcurrentSessionFilter.doFilter(ConcurrentSessionFilter.java:125)
	at org.springframework.security.web.FilterChainProxy$VirtualFilterChain.doFilter(FilterChainProxy.java:336)
	at org.springframework.security.web.authentication.AbstractAuthenticationProcessingFilter.doFilter(AbstractAuthenticationProcessingFilter.java:219)
	at org.springframework.security.web.authentication.AbstractAuthenticationProcessingFilter.doFilter(AbstractAuthenticationProcessingFilter.java:213)
	at org.springframework.security.web.FilterChainProxy$VirtualFilterChain.doFilter(FilterChainProxy.java:336)
	at org.springframework.security.web.authentication.logout.LogoutFilter.doFilter(LogoutFilter.java:103)
	at org.springframework.security.web.authentication.logout.LogoutFilter.doFilter(LogoutFilter.java:89)
	at org.springframework.security.web.FilterChainProxy$VirtualFilterChain.doFilter(FilterChainProxy.java:336)
	at org.springframework.security.web.header.HeaderWriterFilter.doHeadersAfter(HeaderWriterFilter.java:90)
	at org.springframework.security.web.header.HeaderWriterFilter.doFilterInternal(HeaderWriterFilter.java:75)
	at org.springframework.web.filter.OncePerRequestFilter.doFilter(OncePerRequestFilter.java:119)
	at org.springframework.security.web.FilterChainProxy$VirtualFilterChain.doFilter(FilterChainProxy.java:336)
	at org.springframework.security.web.context.SecurityContextPersistenceFilter.doFilter(SecurityContextPersistenceFilter.java:110)
	at org.springframework.security.web.context.SecurityContextPersistenceFilter.doFilter(SecurityContextPersistenceFilter.java:80)
	at org.springframework.security.web.FilterChainProxy$VirtualFilterChain.doFilter(FilterChainProxy.java:336)
	at org.springframework.security.web.context.request.async.WebAsyncManagerIntegrationFilter.doFilterInternal(WebAsyncManagerIntegrationFilter.java:55)
	at org.springframework.web.filter.OncePerRequestFilter.doFilter(OncePerRequestFilter.java:119)
	at org.springframework.security.web.FilterChainProxy$VirtualFilterChain.doFilter(FilterChainProxy.java:336)
	at org.springframework.security.web.FilterChainProxy.doFilterInternal(FilterChainProxy.java:211)
	at org.springframework.security.web.FilterChainProxy.doFilter(FilterChainProxy.java:183)
	at org.springframework.web.filter.DelegatingFilterProxy.invokeDelegate(DelegatingFilterProxy.java:358)
	at org.springframework.web.filter.DelegatingFilterProxy.doFilter(DelegatingFilterProxy.java:271)
	at org.apache.catalina.core.ApplicationFilterChain.internalDoFilter(ApplicationFilterChain.java:189)
	at org.apache.catalina.core.ApplicationFilterChain.doFilter(ApplicationFilterChain.java:162)
	at org.springframework.web.filter.RequestContextFilter.doFilterInternal(RequestContextFilter.java:100)
	at org.springframework.web.filter.OncePerRequestFilter.doFilter(OncePerRequestFilter.java:119)
	at org.apache.catalina.core.ApplicationFilterChain.internalDoFilter(ApplicationFilterChain.java:189)
	at org.apache.catalina.core.ApplicationFilterChain.doFilter(ApplicationFilterChain.java:162)
	at org.springframework.web.filter.FormContentFilter.doFilterInternal(FormContentFilter.java:93)
	at org.springframework.web.filter.OncePerRequestFilter.doFilter(OncePerRequestFilter.java:119)
	at org.apache.catalina.core.ApplicationFilterChain.internalDoFilter(ApplicationFilterChain.java:189)
	at org.apache.catalina.core.ApplicationFilterChain.doFilter(ApplicationFilterChain.java:162)
	at org.springframework.web.filter.CharacterEncodingFilter.doFilterInternal(CharacterEncodingFilter.java:201)
	at org.springframework.web.filter.OncePerRequestFilter.doFilter(OncePerRequestFilter.java:119)
	at org.apache.catalina.core.ApplicationFilterChain.internalDoFilter(ApplicationFilterChain.java:189)
	at org.apache.catalina.core.ApplicationFilterChain.doFilter(ApplicationFilterChain.java:162)
	at org.apache.catalina.core.StandardWrapperValve.invoke(StandardWrapperValve.java:197)
	at org.apache.catalina.core.StandardContextValve.invoke(StandardContextValve.java:97)
	at org.apache.catalina.authenticator.AuthenticatorBase.invoke(AuthenticatorBase.java:540)
	at org.apache.catalina.core.StandardHostValve.invoke(StandardHostValve.java:135)
	at org.apache.catalina.valves.ErrorReportValve.invoke(ErrorReportValve.java:92)
	at org.apache.catalina.core.StandardEngineValve.invoke(StandardEngineValve.java:78)
	at org.apache.catalina.connector.CoyoteAdapter.service(CoyoteAdapter.java:357)
	at org.apache.coyote.http11.Http11Processor.service(Http11Processor.java:382)
	at org.apache.coyote.AbstractProcessorLight.process(AbstractProcessorLight.java:65)
	at org.apache.coyote.AbstractProtocol$ConnectionHandler.process(AbstractProtocol.java:895)
	at org.apache.tomcat.util.net.NioEndpoint$SocketProcessor.doRun(NioEndpoint.java:1722)
	at org.apache.tomcat.util.net.SocketProcessorBase.run(SocketProcessorBase.java:49)
	at org.apache.tomcat.util.threads.ThreadPoolExecutor.runWorker(ThreadPoolExecutor.java:1191)
	at org.apache.tomcat.util.threads.ThreadPoolExecutor$Worker.run(ThreadPoolExecutor.java:659)
	at org.apache.tomcat.util.threads.TaskThread$WrappingRunnable.run(TaskThread.java:61)
	at java.base/java.lang.Thread.run(Thread.java:840)

doFilter(ApplicationFilterChain.java:162)
	at org.springframework.web.filter.RequestContextFilter.doFilterInternal(RequestContextFilter.java:100)
	at org.springframework.web.filter.OncePerRequestFilter.doFilter(OncePerRequestFilter.java:119)
	at org.apache.catalina.core.ApplicationFilterChain.internalDoFilter(ApplicationFilterChain.java:189)
	at org.apache.catalina.core.ApplicationFilterChain.doFilter(ApplicationFilterChain.java:162)
	at org.springframework.web.filter.FormContentFilter.doFilterInternal(FormContentFilter.java:93)
	at org.springframework.web.filter.OncePerRequestFilter.doFilter(OncePerRequestFilter.java:119)
	at org.apache.catalina.core.ApplicationFilterChain.internalDoFilter(ApplicationFilterChain.java:189)
	at org.apache.catalina.core.ApplicationFilterChain.doFilter(ApplicationFilterChain.java:162)
	at org.springframework.web.filter.CharacterEncodingFilter.doFilterInternal(CharacterEncodingFilter.java:201)
	at org.springframework.web.filter.OncePerRequestFilter.doFilter(OncePerRequestFilter.java:119)
	at org.apache.catalina.core.ApplicationFilterChain.internalDoFilter(ApplicationFilterChain.java:189)
	at org.apache.catalina.core.ApplicationFilterChain.doFilter(ApplicationFilterChain.java:162)
	at org.apache.catalina.core.StandardWrapperValve.invoke(StandardWrapperValve.java:197)
	at org.apache.catalina.core.StandardContextValve.invoke(StandardContextValve.java:97)
	at org.apache.catalina.authenticator.AuthenticatorBase.invoke(AuthenticatorBase.java:540)
	at org.apache.catalina.core.StandardHostValve.invoke(StandardHostValve.java:135)
	at org.apache.catalina.valves.ErrorReportValve.invoke(ErrorReportValve.java:92)
	at org.apache.catalina.core.StandardEngineValve.invoke(StandardEngineValve.java:78)
	at org.apache.catalina.connector.CoyoteAdapter.service(CoyoteAdapter.java:357)
	at org.apache.coyote.http11.Http11Processor.service(Http11Processor.java:382)
	at org.apache.coyote.AbstractProcessorLight.process(AbstractProcessorLight.java:65)
	at org.apache.coyote.AbstractProtocol$ConnectionHandler.process(AbstractProtocol.java:895)
	at org.apache.tomcat.util.net.NioEndpoint$SocketProcessor.doRun(NioEndpoint.java:1722)
	at org.apache.tomcat.util.net.SocketProcessorBase.run(SocketProcessorBase.java:49)
	at org.apache.tomcat.util.threads.ThreadPoolExecutor.runWorker(ThreadPoolExecutor.java:1191)
	at org.apache.tomcat.util.threads.ThreadPoolExecutor$Worker.run(ThreadPoolExecutor.java:659)
	at org.apache.tomcat.util.threads.TaskThread$WrappingRunnable.run(TaskThread.java:61)
	at java.base/java.lang.Thread.run(Thread.java:840)

[2025-02-13T13:24:59.613424] java.net.ConnectException: Connection refused: connect
	at java.base/sun.nio.ch.Net.connect0(Native Method)
	at java.base/sun.nio.ch.Net.connect(Net.java:579)
	at java.base/sun.nio.ch.Net.connect(Net.java:568)
	at java.base/sun.nio.ch.NioSocketImpl.connect(NioSocketImpl.java:593)
	at java.base/java.net.Socket.connect(Socket.java:633)
	at java.base/java.net.Socket.connect(Socket.java:583)
	at java.base/sun.net.NetworkClient.doConnect(NetworkClient.java:183)
	at java.base/sun.net.www.http.HttpClient.openServer(HttpClient.java:533)
	at java.base/sun.net.www.http.HttpClient.openServer(HttpClient.java:638)
	at java.base/sun.net.www.http.HttpClient.parseHTTP(HttpClient.java:781)
	at java.base/sun.net.www.protocol.http.HttpURLConnection.getInputStream0(HttpURLConnection.java:1688)
	at java.base/sun.net.www.protocol.http.HttpURLConnection.getInputStream(HttpURLConnection.java:1589)
	at java.base/java.net.URL.openStream(URL.java:1161)
	at com.example.demo.service.LearningPathVerificationService.downloadLearningPath(LearningPathVerificationService.java:91)
	at com.example.demo.service.LearningPathVerificationService.verifyAndFetchLearningPaths(LearningPathVerificationService.java:194)
	at com.example.demo.web.LearningPathController.verifyLearningPaths(LearningPathController.java:45)
	at java.base/jdk.internal.reflect.NativeMethodAccessorImpl.invoke0(Native Method)
	at java.base/jdk.internal.reflect.NativeMethodAccessorImpl.invoke(NativeMethodAccessorImpl.java:77)
	at java.base/jdk.internal.reflect.DelegatingMethodAccessorImpl.invoke(DelegatingMethodAccessorImpl.java:43)
	at java.base/java.lang.reflect.Method.invoke(Method.java:568)
	at org.springframework.web.method.support.InvocableHandlerMethod.doInvoke(InvocableHandlerMethod.java:205)
	at org.springframework.web.method.support.InvocableHandlerMethod.invokeForRequest(InvocableHandlerMethod.java:150)
	at org.springframework.web.servlet.mvc.method.annotation.ServletInvocableHandlerMethod.invokeAndHandle(ServletInvocableHandlerMethod.java:117)
	at org.springframework.web.servlet.mvc.method.annotation.RequestMappingHandlerAdapter.invokeHandlerMethod(RequestMappingHandlerAdapter.java:895)
	at org.springframework.web.servlet.mvc.method.annotation.RequestMappingHandlerAdapter.handleInternal(RequestMappingHandlerAdapter.java:808)
	at org.springframework.web.servlet.mvc.method.AbstractHandlerMethodAdapter.handle(AbstractHandlerMethodAdapter.java:87)
	at org.springframework.web.servlet.DispatcherServlet.doDispatch(DispatcherServlet.java:1067)
	at org.springframework.web.servlet.DispatcherServlet.doService(DispatcherServlet.java:963)
	at org.springframework.web.servlet.FrameworkServlet.processRequest(FrameworkServlet.java:1006)
	at org.springframework.web.servlet.FrameworkServlet.doPost(FrameworkServlet.java:909)
	at javax.servlet.http.HttpServlet.service(HttpServlet.java:681)
	at org.springframework.web.servlet.FrameworkServlet.service(FrameworkServlet.java:883)
	at javax.servlet.http.HttpServlet.service(HttpServlet.java:764)
	at org.apache.catalina.core.ApplicationFilterChain.internalDoFilter(ApplicationFilterChain.java:227)
	at org.apache.catalina.core.ApplicationFilterChain.doFilter(ApplicationFilterChain.java:162)
	at org.apache.tomcat.websocket.server.WsFilter.doFilter(WsFilter.java:53)
	at org.apache.catalina.core.ApplicationFilterChain.internalDoFilter(ApplicationFilterChain.java:189)
	at org.apache.catalina.core.ApplicationFilterChain.doFilter(ApplicationFilterChain.java:162)
	at org.springframework.security.web.FilterChainProxy$VirtualFilterChain.doFilter(FilterChainProxy.java:327)
	at org.springframework.security.web.access.intercept.FilterSecurityInterceptor.invoke(FilterSecurityInterceptor.java:115)
	at org.springframework.security.web.access.intercept.FilterSecurityInterceptor.doFilter(FilterSecurityInterceptor.java:81)
	at org.springframework.security.web.FilterChainProxy$VirtualFilterChain.doFilter(FilterChainProxy.java:336)
	at org.springframework.security.web.access.ExceptionTranslationFilter.doFilter(ExceptionTranslationFilter.java:122)
	at org.springframework.security.web.access.ExceptionTranslationFilter.doFilter(ExceptionTranslationFilter.java:116)
	at org.springframework.security.web.FilterChainProxy$VirtualFilterChain.doFilter(FilterChainProxy.java:336)
	at org.springframework.security.web.session.SessionManagementFilter.doFilter(SessionManagementFilter.java:126)
	at org.springframework.security.web.session.SessionManagementFilter.doFilter(SessionManagementFilter.java:81)
	at org.springframework.security.web.FilterChainProxy$VirtualFilterChain.doFilter(FilterChainProxy.java:336)
	at org.springframework.security.web.authentication.AnonymousAuthenticationFilter.doFilter(AnonymousAuthenticationFilter.java:109)
	at org.springframework.security.web.FilterChainProxy$VirtualFilterChain.doFilter(FilterChainProxy.java:336)
	at org.springframework.security.web.servletapi.SecurityContextHolderAwareRequestFilter.doFilter(SecurityContextHolderAwareRequestFilter.java:149)
	at org.springframework.security.web.FilterChainProxy$VirtualFilterChain.doFilter(FilterChainProxy.java:336)
	at org.springframework.security.web.savedrequest.RequestCacheAwareFilter.doFilter(RequestCacheAwareFilter.java:63)
	at org.springframework.security.web.FilterChainProxy$VirtualFilterChain.doFilter(FilterChainProxy.java:336)
	at org.springframework.security.web.session.ConcurrentSessionFilter.doFilter(ConcurrentSessionFilter.java:147)
	at org.springframework.security.web.session.ConcurrentSessionFilter.doFilter(ConcurrentSessionFilter.java:125)
	at org.springframework.security.web.FilterChainProxy$VirtualFilterChain.doFilter(FilterChainProxy.java:336)
	at org.springframework.security.web.authentication.AbstractAuthenticationProcessingFilter.doFilter(AbstractAuthenticationProcessingFilter.java:219)
	at org.springframework.security.web.authentication.AbstractAuthenticationProcessingFilter.doFilter(AbstractAuthenticationProcessingFilter.java:213)
	at org.springframework.security.web.FilterChainProxy$VirtualFilterChain.doFilter(FilterChainProxy.java:336)
	at org.springframework.security.web.authentication.logout.LogoutFilter.doFilter(LogoutFilter.java:103)
	at org.springframework.security.web.authentication.logout.LogoutFilter.doFilter(LogoutFilter.java:89)
	at org.springframework.security.web.FilterChainProxy$VirtualFilterChain.doFilter(FilterChainProxy.java:336)
	at org.springframework.security.web.header.HeaderWriterFilter.doHeadersAfter(HeaderWriterFilter.java:90)
	at org.springframework.security.web.header.HeaderWriterFilter.doFilterInternal(HeaderWriterFilter.java:75)
	at org.springframework.web.filter.OncePerRequestFilter.doFilter(OncePerRequestFilter.java:119)
	at org.springframework.security.web.FilterChainProxy$VirtualFilterChain.doFilter(FilterChainProxy.java:336)
	at org.springframework.security.web.context.SecurityContextPersistenceFilter.doFilter(SecurityContextPersistenceFilter.java:110)
	at org.springframework.security.web.context.SecurityContextPersistenceFilter.doFilter(SecurityContextPersistenceFilter.java:80)
	at org.springframework.security.web.FilterChainProxy$VirtualFilterChain.doFilter(FilterChainProxy.java:336)
	at org.springframework.security.web.context.request.async.WebAsyncManagerIntegrationFilter.doFilterInternal(WebAsyncManagerIntegrationFilter.java:55)
	at org.springframework.web.filter.OncePerRequestFilter.doFilter(OncePerRequestFilter.java:119)
	at org.springframework.security.web.FilterChainProxy$VirtualFilterChain.doFilter(FilterChainProxy.java:336)
	at org.springframework.security.web.FilterChainProxy.doFilterInternal(FilterChainProxy.java:211)
	at org.springframework.security.web.FilterChainProxy.doFilter(FilterChainProxy.java:183)
	at org.springframework.web.filter.DelegatingFilterProxy.invokeDelegate(DelegatingFilterProxy.java:358)
	at org.springframework.web.filter.DelegatingFilterProxy.doFilter(DelegatingFilterProxy.java:271)
	at org.apache.catalina.core.ApplicationFilterChain.internalDoFilter(ApplicationFilterChain.java:189)
	at org.apache.catalina.core.ApplicationFilterChain.[2025-02-13T13:24:59.613424] java.net.ConnectException: Connection refused: connect
	at java.base/sun.nio.ch.Net.connect0(Native Method)
	at java.base/sun.nio.ch.Net.connect(Net.java:579)
	at java.base/sun.nio.ch.Net.connect(Net.java:568)
	at java.base/sun.nio.ch.NioSocketImpl.connect(NioSocketImpl.java:593)
	at java.base/java.net.Socket.connect(Socket.java:633)
	at java.base/java.net.Socket.connect(Socket.java:583)
	at java.base/sun.net.NetworkClient.doConnect(NetworkClient.java:183)
	at java.base/sun.net.www.http.HttpClient.openServer(HttpClient.java:533)
	at java.base/sun.net.www.http.HttpClient.openServer(HttpClient.java:638)
	at java.base/sun.net.www.http.HttpClient.parseHTTP(HttpClient.java:781)
	at java.base/sun.net.www.protocol.http.HttpURLConnection.getInputStream0(HttpURLConnection.java:1688)
	at java.base/sun.net.www.protocol.http.HttpURLConnection.getInputStream(HttpURLConnection.java:1589)
	at java.base/java.net.URL.openStream(URL.java:1161)
	at com.example.demo.service.LearningPathVerificationService.downloadLearningPath(LearningPathVerificationService.java:91)
	at com.example.demo.service.LearningPathVerificationService.verifyAndFetchLearningPaths(LearningPathVerificationService.java:194)
	at com.example.demo.web.LearningPathController.verifyLearningPaths(LearningPathController.java:45)
	at java.base/jdk.internal.reflect.NativeMethodAccessorImpl.invoke0(Native Method)
	at java.base/jdk.internal.reflect.NativeMethodAccessorImpl.invoke(NativeMethodAccessorImpl.java:77)
	at java.base/jdk.internal.reflect.DelegatingMethodAccessorImpl.invoke(DelegatingMethodAccessorImpl.java:43)
	at java.base/java.lang.reflect.Method.invoke(Method.java:568)
	at org.springframework.web.method.support.InvocableHandlerMethod.doInvoke(InvocableHandlerMethod.java:205)
	at org.springframework.web.method.support.InvocableHandlerMethod.invokeForRequest(InvocableHandlerMethod.java:150)
	at org.springframework.web.servlet.mvc.method.annotation.ServletInvocableHandlerMethod.invokeAndHandle(ServletInvocableHandlerMethod.java:117)
	at org.springframework.web.servlet.mvc.method.annotation.RequestMappingHandlerAdapter.invokeHandlerMethod(RequestMappingHandlerAdapter.java:895)
	at org.springframework.web.servlet.mvc.method.annotation.RequestMappingHandlerAdapter.handleInternal(RequestMappingHandlerAdapter.java:808)
	at org.springframework.web.servlet.mvc.method.AbstractHandlerMethodAdapter.handle(AbstractHandlerMethodAdapter.java:87)
	at org.springframework.web.servlet.DispatcherServlet.doDispatch(DispatcherServlet.java:1067)
	at org.springframework.web.servlet.DispatcherServlet.doService(DispatcherServlet.java:963)
	at org.springframework.web.servlet.FrameworkServlet.processRequest(FrameworkServlet.java:1006)
	at org.springframework.web.servlet.FrameworkServlet.doPost(FrameworkServlet.java:909)
	at javax.servlet.http.HttpServlet.service(HttpServlet.java:681)
	at org.springframework.web.servlet.FrameworkServlet.service(FrameworkServlet.java:883)
	at javax.servlet.http.HttpServlet.service(HttpServlet.java:764)
	at org.apache.catalina.core.ApplicationFilterChain.internalDoFilter(ApplicationFilterChain.java:227)
	at org.apache.catalina.core.ApplicationFilterChain.doFilter(ApplicationFilterChain.java:162)
	at org.apache.tomcat.websocket.server.WsFilter.doFilter(WsFilter.java:53)
	at org.apache.catalina.core.ApplicationFilterChain.internalDoFilter(ApplicationFilterChain.java:189)
	at org.apache.catalina.core.ApplicationFilterChain.doFilter(ApplicationFilterChain.java:162)
	at org.springframework.security.web.FilterChainProxy$VirtualFilterChain.doFilter(FilterChainProxy.java:327)
	at org.springframework.security.web.access.intercept.FilterSecurityInterceptor.invoke(FilterSecurityInterceptor.java:115)
	at org.springframework.security.web.access.intercept.FilterSecurityInterceptor.doFilter(FilterSecurityInterceptor.java:81)
	at org.springframework.security.web.FilterChainProxy$VirtualFilterChain.doFilter(FilterChainProxy.java:336)
	at org.springframework.security.web.access.ExceptionTranslationFilter.doFilter(ExceptionTranslationFilter.java:122)
	at org.springframework.security.web.access.ExceptionTranslationFilter.doFilter(ExceptionTranslationFilter.java:116)
	at org.springframework.security.web.FilterChainProxy$VirtualFilterChain.doFilter(FilterChainProxy.java:336)
	at org.springframework.security.web.session.SessionManagementFilter.doFilter(SessionManagementFilter.java:126)
	at org.springframework.security.web.session.SessionManagementFilter.doFilter(SessionManagementFilter.java:81)
	at org.springframework.security.web.FilterChainProxy$VirtualFilterChain.doFilter(FilterChainProxy.java:336)
	at org.springframework.security.web.authentication.AnonymousAuthenticationFilter.doFilter(AnonymousAuthenticationFilter.java:109)
	at org.springframework.security.web.FilterChainProxy$VirtualFilterChain.doFilter(FilterChainProxy.java:336)
	at org.springframework.security.web.servletapi.SecurityContextHolderAwareRequestFilter.doFilter(SecurityContextHolderAwareRequestFilter.java:149)
	at org.springframework.security.web.FilterChainProxy$VirtualFilterChain.doFilter(FilterChainProxy.java:336)
	at org.springframework.security.web.savedrequest.RequestCacheAwareFilter.doFilter(RequestCacheAwareFilter.java:63)
	at org.springframework.security.web.FilterChainProxy$VirtualFilterChain.doFilter(FilterChainProxy.java:336)
	at org.springframework.security.web.session.ConcurrentSessionFilter.doFilter(ConcurrentSessionFilter.java:147)
	at org.springframework.security.web.session.ConcurrentSessionFilter.doFilter(ConcurrentSessionFilter.java:125)
	at org.springframework.security.web.FilterChainProxy$VirtualFilterChain.doFilter(FilterChainProxy.java:336)
	at org.springframework.security.web.authentication.AbstractAuthenticationProcessingFilter.doFilter(AbstractAuthenticationProcessingFilter.java:219)
	at org.springframework.security.web.authentication.AbstractAuthenticationProcessingFilter.doFilter(AbstractAuthenticationProcessingFilter.java:213)
	at org.springframework.security.web.FilterChainProxy$VirtualFilterChain.doFilter(FilterChainProxy.java:336)
	at org.springframework.security.web.authentication.logout.LogoutFilter.doFilter(LogoutFilter.java:103)
	at org.springframework.security.web.authentication.logout.LogoutFilter.doFilter(LogoutFilter.java:89)
	at org.springframework.security.web.FilterChainProxy$VirtualFilterChain.doFilter(FilterChainProxy.java:336)
	at org.springframework.security.web.header.HeaderWriterFilter.doHeadersAfter(HeaderWriterFilter.java:90)
	at org.springframework.security.web.header.HeaderWriterFilter.doFilterInternal(HeaderWriterFilter.java:75)
	at org.springframework.web.filter.OncePerRequestFilter.doFilter(OncePerRequestFilter.java:119)
	at org.springframework.security.web.FilterChainProxy$VirtualFilterChain.doFilter(FilterChainProxy.java:336)
	at org.springframework.security.web.context.SecurityContextPersistenceFilter.doFilter(SecurityContextPersistenceFilter.java:110)
	at org.springframework.security.web.context.SecurityContextPersistenceFilter.doFilter(SecurityContextPersistenceFilter.java:80)
	at org.springframework.security.web.FilterChainProxy$VirtualFilterChain.doFilter(FilterChainProxy.java:336)
	at org.springframework.security.web.context.request.async.WebAsyncManagerIntegrationFilter.doFilterInternal(WebAsyncManagerIntegrationFilter.java:55)
	at org.springframework.web.filter.OncePerRequestFilter.doFilter(OncePerRequestFilter.java:119)
	at org.springframework.security.web.FilterChainProxy$VirtualFilterChain.doFilter(FilterChainProxy.java:336)
	at org.springframework.security.web.FilterChainProxy.doFilterInternal(FilterChainProxy.java:211)
	at org.springframework.security.web.FilterChainProxy.doFilter(FilterChainProxy.java:183)
	at org.springframework.web.filter.DelegatingFilterProxy.invokeDelegate(DelegatingFilterProxy.java:358)
	at org.springframework.web.filter.DelegatingFilterProxy.doFilter(DelegatingFilterProxy.java:271)
	at org.apache.catalina.core.ApplicationFilterChain.internalDoFilter(ApplicationFilterChain.java:189)
	at org.apache.catalina.core.ApplicationFilterChain.doFilter(ApplicationFilterChain.java:162)
	at org.springframework.web.filter.RequestContextFilter.doFilterInternal(RequestContextFilter.java:100)
	at org.springframework.web.filter.OncePerRequestFilter.doFilter(OncePerRequestFilter.java:119)
	at org.apache.catalina.core.ApplicationFilterChain.internalDoFilter(ApplicationFilterChain.java:189)
	at org.apache.catalina.core.ApplicationFilterChain.doFilter(ApplicationFilterChain.java:162)
	at org.springframework.web.filter.FormContentFilter.doFilterInternal(FormContentFilter.java:93)
	at org.springframework.web.filter.OncePerRequestFilter.doFilter(OncePerRequestFilter.java:119)
	at org.apache.catalina.core.ApplicationFilterChain.internalDoFilter(ApplicationFilterChain.java:189)
	at org.apache.catalina.core.ApplicationFilterChain.doFilter(ApplicationFilterChain.java:162)
	at org.springframework.web.filter.CharacterEncodingFilter.doFilterInternal(CharacterEncodingFilter.java:201)
	at org.springframework.web.filter.OncePerRequestFilter.doFilter(OncePerRequestFilter.java:119)
	at org.apache.catalina.core.ApplicationFilterChain.internalDoFilter(ApplicationFilterChain.java:189)
	at org.apache.catalina.core.ApplicationFilterChain.doFilter(ApplicationFilterChain.java:162)
	at org.apache.catalina.core.StandardWrapperValve.invoke(StandardWrapperValve.java:197)
	at org.apache.catalina.core.StandardContextValve.invoke(StandardContextValve.java:97)
	at org.apache.catalina.authenticator.AuthenticatorBase.invoke(AuthenticatorBase.java:540)
	at org.apache.catalina.core.StandardHostValve.invoke(StandardHostValve.java:135)
	at org.apache.catalina.valves.ErrorReportValve.invoke(ErrorReportValve.java:92)
	at org.apache.catalina.core.StandardEngineValve.invoke(StandardEngineValve.java:78)
	at org.apache.catalina.connector.CoyoteAdapter.service(CoyoteAdapter.java:357)
	at org.apache.coyote.http11.Http11Processor.service(Http11Processor.java:382)
	at org.apache.coyote.AbstractProcessorLight.process(AbstractProcessorLight.java:65)
	at org.apache.coyote.AbstractProtocol$ConnectionHandler.process(AbstractProtocol.java:895)
	at org.apache.tomcat.util.net.NioEndpoint$SocketProcessor.doRun(NioEndpoint.java:1722)
	at org.apache.tomcat.util.net.SocketProcessorBase.run(SocketProcessorBase.java:49)
	at org.apache.tomcat.util.threads.ThreadPoolExecutor.runWorker(ThreadPoolExecutor.java:1191)
	at org.apache.tomcat.util.threads.ThreadPoolExecutor$Worker.run(ThreadPoolExecutor.java:659)
	at org.apache.tomcat.util.threads.TaskThread$WrappingRunnable.run(TaskThread.java:61)
	at java.base/java.lang.Thread.run(Thread.java:840)

[2025-02-13T13:24:59.613424] java.net.ConnectException: Connection refused: connect
	at java.base/sun.nio.ch.Net.connect0(Native Method)
	at java.base/sun.nio.ch.Net.connect(Net.java:579)
	at java.base/sun.nio.ch.Net.connect(Net.java:568)
	at java.base/sun.nio.ch.NioSocketImpl.connect(NioSocketImpl.java:593)
	at java.base/java.net.Socket.connect(Socket.java:633)
	at java.base/java.net.Socket.connect(Socket.java:583)
	at java.base/sun.net.NetworkClient.doConnect(NetworkClient.java:183)
	at java.base/sun.net.www.http.HttpClient.openServer(HttpClient.java:533)
	at java.base/sun.net.www.http.HttpClient.openServer(HttpClient.java:638)
	at java.base/sun.net.www.http.HttpClient.parseHTTP(HttpClient.java:781)
	at java.base/sun.net.www.protocol.http.HttpURLConnection.getInputStream0(HttpURLConnection.java:1688)
	at java.base/sun.net.www.protocol.http.HttpURLConnection.getInputStream(HttpURLConnection.java:1589)
	at java.base/java.net.URL.openStream(URL.java:1161)
	at com.example.demo.service.LearningPathVerificationService.downloadLearningPath(LearningPathVerificationService.java:91)
	at com.example.demo.service.LearningPathVerificationService.verifyAndFetchLearningPaths(LearningPathVerificationService.java:194)
	at com.example.demo.web.LearningPathController.verifyLearningPaths(LearningPathController.java:45)
	at java.base/jdk.internal.reflect.NativeMethodAccessorImpl.invoke0(Native Method)
	at java.base/jdk.internal.reflect.NativeMethodAccessorImpl.invoke(NativeMethodAccessorImpl.java:77)
	at java.base/jdk.internal.reflect.DelegatingMethodAccessorImpl.invoke(DelegatingMethodAccessorImpl.java:43)
	at java.base/java.lang.reflect.Method.invoke(Method.java:568)
	at org.springframework.web.method.support.InvocableHandlerMethod.doInvoke(InvocableHandlerMethod.java:205)
	at org.springframework.web.method.support.InvocableHandlerMethod.invokeForRequest(InvocableHandlerMethod.java:150)
	at org.springframework.web.servlet.mvc.method.annotation.ServletInvocableHandlerMethod.invokeAndHandle(ServletInvocableHandlerMethod.java:117)
	at org.springframework.web.servlet.mvc.method.annotation.RequestMappingHandlerAdapter.invokeHandlerMethod(RequestMappingHandlerAdapter.java:895)
	at org.springframework.web.servlet.mvc.method.annotation.RequestMappingHandlerAdapter.handleInternal(RequestMappingHandlerAdapter.java:808)
	at org.springframework.web.servlet.mvc.method.AbstractHandlerMethodAdapter.handle(AbstractHandlerMethodAdapter.java:87)
	at org.springframework.web.servlet.DispatcherServlet.doDispatch(DispatcherServlet.java:1067)
	at org.springframework.web.servlet.DispatcherServlet.doService(DispatcherServlet.java:963)
	at org.springframework.web.servlet.FrameworkServlet.processRequest(FrameworkServlet.java:1006)
	at org.springframework.web.servlet.FrameworkServlet.doPost(FrameworkServlet.java:909)
	at javax.servlet.http.HttpServlet.service(HttpServlet.java:681)
	at org.springframework.web.servlet.FrameworkServlet.service(FrameworkServlet.java:883)
	at javax.servlet.http.HttpServlet.service(HttpServlet.java:764)
	at org.apache.catalina.core.ApplicationFilterChain.internalDoFilter(ApplicationFilterChain.java:227)
	at org.apache.catalina.core.ApplicationFilterChain.doFilter(ApplicationFilterChain.java:162)
	at org.apache.tomcat.websocket.server.WsFilter.doFilter(WsFilter.java:53)
	at org.apache.catalina.core.ApplicationFilterChain.internalDoFilter(ApplicationFilterChain.java:189)
	at org.apache.catalina.core.ApplicationFilterChain.doFilter(ApplicationFilterChain.java:162)
	at org.springframework.security.web.FilterChainProxy$VirtualFilterChain.doFilter(FilterChainProxy.java:327)
	at org.springframework.security.web.access.intercept.FilterSecurityInterceptor.invoke(FilterSecurityInterceptor.java:115)
	at org.springframework.security.web.access.intercept.FilterSecurityInterceptor.doFilter(FilterSecurityInterceptor.java:81)
	at org.springframework.security.web.FilterChainProxy$VirtualFilterChain.doFilter(FilterChainProxy.java:336)
	at org.springframework.security.web.access.ExceptionTranslationFilter.doFilter(ExceptionTranslationFilter.java:122)
	at org.springframework.security.web.access.ExceptionTranslationFilter.doFilter(ExceptionTranslationFilter.java:116)
	at org.springframework.security.web.FilterChainProxy$VirtualFilterChain.doFilter(FilterChainProxy.java:336)
	at org.springframework.security.web.session.SessionManagementFilter.doFilter(SessionManagementFilter.java:126)
	at org.springframework.security.web.session.SessionManagementFilter.doFilter(SessionManagementFilter.java:81)
	at org.springframework.security.web.FilterChainProxy$VirtualFilterChain.doFilter(FilterChainProxy.java:336)
	at org.springframework.security.web.authentication.AnonymousAuthenticationFilter.doFilter(AnonymousAuthenticationFilter.java:109)
	at org.springframework.security.web.FilterChainProxy$VirtualFilterChain.doFilter(FilterChainProxy.java:336)
	at org.springframework.security.web.servletapi.SecurityContextHolderAwareRequestFilter.doFilter(SecurityContextHolderAwareRequestFilter.java:149)
	at org.springframework.security.web.FilterChainProxy$VirtualFilterChain.doFilter(FilterChainProxy.java:336)
	at org.springframework.security.web.savedrequest.RequestCacheAwareFilter.doFilter(RequestCacheAwareFilter.java:63)
	at org.springframework.security.web.FilterChainProxy$VirtualFilterChain.doFilter(FilterChainProxy.java:336)
	at org.springframework.security.web.session.ConcurrentSessionFilter.doFilter(ConcurrentSessionFilter.java:147)
	at org.springframework.security.web.session.ConcurrentSessionFilter.doFilter(ConcurrentSessionFilter.java:125)
	at org.springframework.security.web.FilterChainProxy$VirtualFilterChain.doFilter(FilterChainProxy.java:336)
	at org.springframework.security.web.authentication.AbstractAuthenticationProcessingFilter.doFilter(AbstractAuthenticationProcessingFilter.java:219)
	at org.springframework.security.web.authentication.AbstractAuthenticationProcessingFilter.doFilter(AbstractAuthenticationProcessingFilter.java:213)
	at org.springframework.security.web.FilterChainProxy$VirtualFilterChain.doFilter(FilterChainProxy.java:336)
	at org.springframework.security.web.authentication.logout.LogoutFilter.doFilter(LogoutFilter.java:103)
	at org.springframework.security.web.authentication.logout.LogoutFilter.doFilter(LogoutFilter.java:89)
	at org.springframework.security.web.FilterChainProxy$VirtualFilterChain.doFilter(FilterChainProxy.java:336)
	at org.springframework.security.web.header.HeaderWriterFilter.doHeadersAfter(HeaderWriterFilter.java:90)
	at org.springframework.security.web.header.HeaderWriterFilter.doFilterInternal(HeaderWriterFilter.java:75)
	at org.springframework.web.filter.OncePerRequestFilter.doFilter(OncePerRequestFilter.java:119)
	at org.springframework.security.web.FilterChainProxy$VirtualFilterChain.doFilter(FilterChainProxy.java:336)
	at org.springframework.security.web.context.SecurityContextPersistenceFilter.doFilter(SecurityContextPersistenceFilter.java:110)
	at org.springframework.security.web.context.SecurityContextPersistenceFilter.doFilter(SecurityContextPersistenceFilter.java:80)
	at org.springframework.security.web.FilterChainProxy$VirtualFilterChain.doFilter(FilterChainProxy.java:336)
	at org.springframework.security.web.context.request.async.WebAsyncManagerIntegrationFilter.doFilterInternal(WebAsyncManagerIntegrationFilter.java:55)
	at org.springframework.web.filter.OncePerRequestFilter.doFilter(OncePerRequestFilter.java:119)
	at org.springframework.security.web.FilterChainProxy$VirtualFilterChain.doFilter(FilterChainProxy.java:336)
	at org.springframework.security.web.FilterChainProxy.doFilterInternal(FilterChainProxy.java:211)
	at org.springframework.security.web.FilterChainProxy.doFilter(FilterChainProxy.java:183)
	at org.springframework.web.filter.DelegatingFilterProxy.invokeDelegate(DelegatingFilterProxy.java:358)
	at org.springframework.web.filter.DelegatingFilterProxy.doFilter(DelegatingFilterProxy.java:271)
	at org.apache.catalina.core.ApplicationFilterChain.internalDoFilter(ApplicationFilterChain.java:189)
	at org.apache.catalina.core.ApplicationFilterChain.doFilter(ApplicationFilterChain.java:162)
	at org.springframework.web.filter.RequestContextFilter.doFilterInternal(RequestContextFilter.java:100)
	at org.springframework.web.filter.OncePerRequestFilter.doFilter(OncePerRequestFilter.java:119)
	at org.apache.catalina.core.ApplicationFilterChain.internalDoFilter(ApplicationFilterChain.java:189)
	at org.apache.catalina.core.ApplicationFilterChain.doFilter(ApplicationFilterChain.java:162)
	at org.springframework.web.filter.FormContentFilter.doFilterInternal(FormContentFilter.java:93)
	at org.springframework.web.filter.OncePerRequestFilter.doFilter(OncePerRequestFilter.java:119)
	at org.apache.catalina.core.ApplicationFilterChain.internalDoFilter(ApplicationFilterChain.java:189)
	at org.apache.catalina.core.ApplicationFilterChain.doFilter(ApplicationFilterChain.java:162)
	at org.springframework.web.filter.CharacterEncodingFilter.doFilterInternal(CharacterEncodingFilter.java:201)
	at org.springframework.web.filter.OncePerRequestFilter.doFilter(OncePerRequestFilter.java:119)
	at org.apache.catalina.core.ApplicationFilterChain.internalDoFilter(ApplicationFilterChain.java:189)
	at org.apache.catalina.core.ApplicationFilterChain.doFilter(ApplicationFilterChain.java:162)
	at org.apache.catalina.core.StandardWrapperValve.invoke(StandardWrapperValve.java:197)
	at org.apache.catalina.core.StandardContextValve.invoke(StandardContextValve.java:97)
	at org.apache.catalina.authenticator.AuthenticatorBase.invoke(AuthenticatorBase.java:540)
	at org.apache.catalina.core.StandardHostValve.invoke(StandardHostValve.java:135)
	at org.apache.catalina.valves.ErrorReportValve.invoke(ErrorReportValve.java:92)
	at org.apache.catalina.core.StandardEngineValve.invoke(StandardEngineValve.java:78)
	at org.apache.catalina.connector.CoyoteAdapter.service(CoyoteAdapter.java:357)
	at org.apache.coyote.http11.Http11Processor.service(Http11Processor.java:382)
	at org.apache.coyote.AbstractProcessorLight.process(AbstractProcessorLight.java:65)
	at org.apache.coyote.AbstractProtocol$ConnectionHandler.process(AbstractProtocol.java:895)
	at org.apache.tomcat.util.net.NioEndpoint$SocketProcessor.doRun(NioEndpoint.java:1722)
	at org.apache.tomcat.util.net.SocketProcessorBase.run(SocketProcessorBase.java:49)
	at org.apache.tomcat.util.threads.ThreadPoolExecutor.runWorker(ThreadPoolExecutor.java:1191)
	at org.apache.tomcat.util.threads.ThreadPoolExecutor$Worker.run(ThreadPoolExecutor.java:659)
	at org.apache.tomcat.util.threads.TaskThread$WrappingRunnable.run(TaskThread.java:61)
	at java.base/java.lang.Thread.run(Thread.java:840)

[2025-02-13T13:24:59.613424] java.net.ConnectException: Connection refused: connect
	at java.base/sun.nio.ch.Net.connect0(Native Method)
	at java.base/sun.nio.ch.Net.connect(Net.java:579)
	at java.base/sun.nio.ch.Net.connect(Net.java:568)
	at java.base/sun.nio.ch.NioSocketImpl.connect(NioSocketImpl.java:593)
	at java.base/java.net.Socket.connect(Socket.java:633)
	at java.base/java.net.Socket.connect(Socket.java:583)
	at java.base/sun.net.NetworkClient.doConnect(NetworkClient.java:183)
	at java.base/sun.net.www.http.HttpClient.openServer(HttpClient.java:533)
	at java.base/sun.net.www.http.HttpClient.openServer(HttpClient.java:638)
	at java.base/sun.net.www.http.HttpClient.parseHTTP(HttpClient.java:781)
	at java.base/sun.net.www.protocol.http.HttpURLConnection.getInputStream0(HttpURLConnection.java:1688)
	at java.base/sun.net.www.protocol.http.HttpURLConnection.getInputStream(HttpURLConnection.java:1589)
	at java.base/java.net.URL.openStream(URL.java:1161)
	at com.example.demo.service.LearningPathVerificationService.downloadLearningPath(LearningPathVerificationService.java:91)
	at com.example.demo.service.LearningPathVerificationService.verifyAndFetchLearningPaths(LearningPathVerificationService.java:194)
	at com.example.demo.web.LearningPathController.verifyLearningPaths(LearningPathController.java:45)
	at java.base/jdk.internal.reflect.NativeMethodAccessorImpl.invoke0(Native Method)
	at java.base/jdk.internal.reflect.NativeMethodAccessorImpl.invoke(NativeMethodAccessorImpl.java:77)
	at java.base/jdk.internal.reflect.DelegatingMethodAccessorImpl.invoke(DelegatingMethodAccessorImpl.java:43)
	at java.base/java.lang.reflect.Method.invoke(Method.java:568)
	at org.springframework.web.method.support.InvocableHandlerMethod.doInvoke(InvocableHandlerMethod.java:205)
	at org.springframework.web.method.support.InvocableHandlerMethod.invokeForRequest(InvocableHandlerMethod.java:150)
	at org.springframework.web.servlet.mvc.method.annotation.ServletInvocableHandlerMethod.invokeAndHandle(ServletInvocableHandlerMethod.java:117)
	at org.springframework.web.servlet.mvc.method.annotation.RequestMappingHandlerAdapter.invokeHandlerMethod(RequestMappingHandlerAdapter.java:895)
	at org.springframework.web.servlet.mvc.method.annotation.RequestMappingHandlerAdapter.handleInternal(RequestMappingHandlerAdapter.java:808)
	at org.springframework.web.servlet.mvc.method.AbstractHandlerMethodAdapter.handle(AbstractHandlerMethodAdapter.java:87)
	at org.springframework.web.servlet.DispatcherServlet.doDispatch(DispatcherServlet.java:1067)
	at org.springframework.web.servlet.DispatcherServlet.doService(DispatcherServlet.java:963)
	at org.springframework.web.servlet.FrameworkServlet.processRequest(FrameworkServlet.java:1006)
	at org.springframework.web.servlet.FrameworkServlet.doPost(FrameworkServlet.java:909)
	at javax.servlet.http.HttpServlet.service(HttpServlet.java:681)
	at org.springframework.web.servlet.FrameworkServlet.service(FrameworkServlet.java:883)
	at javax.servlet.http.HttpServlet.service(HttpServlet.java:764)
	at org.apache.catalina.core.ApplicationFilterChain.internalDoFilter(ApplicationFilterChain.java:227)
	at org.apache.catalina.core.ApplicationFilterChain.doFilter(ApplicationFilterChain.java:162)
	at org.apache.tomcat.websocket.server.WsFilter.doFilter(WsFilter.java:53)
	at org.apache.catalina.core.ApplicationFilterChain.internalDoFilter(ApplicationFilterChain.java:189)
	at org.apache.catalina.core.ApplicationFilterChain.doFilter(ApplicationFilterChain.java:162)
	at org.springframework.security.web.FilterChainProxy$VirtualFilterChain.doFilter(FilterChainProxy.java:327)
	at org.springframework.security.web.access.intercept.FilterSecurityInterceptor.invoke(FilterSecurityInterceptor.java:115)
	at org.springframework.security.web.access.intercept.FilterSecurityInterceptor.doFilter(FilterSecurityInterceptor.java:81)
	at org.springframework.security.web.FilterChainProxy$VirtualFilterChain.doFilter(FilterChainProxy.java:336)
	at org.springframework.security.web.access.ExceptionTranslationFilter.doFilter(ExceptionTranslationFilter.java:122)
	at org.springframework.security.web.access.ExceptionTranslationFilter.doFilter(ExceptionTranslationFilter.java:116)
	at org.springframework.security.web.FilterChainProxy$VirtualFilterChain.doFilter(FilterChainProxy.java:336)
	at org.springframework.security.web.session.SessionManagementFilter.doFilter(SessionManagementFilter.java:126)
	at org.springframework.security.web.session.SessionManagementFilter.doFilter(SessionManagementFilter.java:81)
	at org.springframework.security.web.FilterChainProxy$VirtualFilterChain.doFilter(FilterChainProxy.java:336)
	at org.springframework.security.web.authentication.AnonymousAuthenticationFilter.doFilter(AnonymousAuthenticationFilter.java:109)
	at org.springframework.security.web.FilterChainProxy$VirtualFilterChain.doFilter(FilterChainProxy.java:336)
	at org.springframework.security.web.servletapi.SecurityContextHolderAwareRequestFilter.doFilter(SecurityContextHolderAwareRequestFilter.java:149)
	at org.springframework.security.web.FilterChainProxy$VirtualFilterChain.doFilter(FilterChainProxy.java:336)
	at org.springframework.security.web.savedrequest.RequestCacheAwareFilter.doFilter(RequestCacheAwareFilter.java:63)
	at org.springframework.security.web.FilterChainProxy$VirtualFilterChain.doFilter(FilterChainProxy.java:336)
	at org.springframework.security.web.session.ConcurrentSessionFilter.doFilter(ConcurrentSessionFilter.java:147)
	at org.springframework.security.web.session.ConcurrentSessionFilter.doFilter(ConcurrentSessionFilter.java:125)
	at org.springframework.security.web.FilterChainProxy$VirtualFilterChain.doFilter(FilterChainProxy.java:336)
	at org.springframework.security.web.authentication.AbstractAuthenticationProcessingFilter.doFilter(AbstractAuthenticationProcessingFilter.java:219)
	at org.springframework.security.web.authentication.AbstractAuthenticationProcessingFilter.doFilter(AbstractAuthenticationProcessingFilter.java:213)
	at org.springframework.security.web.FilterChainProxy$VirtualFilterChain.doFilter(FilterChainProxy.java:336)
	at org.springframework.security.web.authentication.logout.LogoutFilter.doFilter(LogoutFilter.java:103)
	at org.springframework.security.web.authentication.logout.LogoutFilter.doFilter(LogoutFilter.java:89)
	at org.springframework.security.web.FilterChainProxy$VirtualFilterChain.doFilter(FilterChainProxy.java:336)
	at org.springframework.security.web.header.HeaderWriterFilter.doHeadersAfter(HeaderWriterFilter.java:90)
	at org.springframework.security.web.header.HeaderWriterFilter.doFilterInternal(HeaderWriterFilter.java:75)
	at org.springframework.web.filter.OncePerRequestFilter.doFilter(OncePerRequestFilter.java:119)
	at org.springframework.security.web.FilterChainProxy$VirtualFilterChain.doFilter(FilterChainProxy.java:336)
	at org.springframework.security.web.context.SecurityContextPersistenceFilter.doFilter(SecurityContextPersistenceFilter.java:110)
	at org.springframework.security.web.context.SecurityContextPersistenceFilter.doFilter(SecurityContextPersistenceFilter.java:80)
	at org.springframework.security.web.FilterChainProxy$VirtualFilterChain.doFilter(FilterChainProxy.java:336)
	at org.springframework.security.web.context.request.async.WebAsyncManagerIntegrationFilter.doFilterInternal(WebAsyncManagerIntegrationFilter.java:55)
	at org.springframework.web.filter.OncePerRequestFilter.doFilter(OncePerRequestFilter.java:119)
	at org.springframework.security.web.FilterChainProxy$VirtualFilterChain.doFilter(FilterChainProxy.java:336)
	at org.springframework.security.web.FilterChainProxy.doFilterInternal(FilterChainProxy.java:211)
	at org.springframework.security.web.FilterChainProxy.doFilter(FilterChainProxy.java:183)
	at org.springframework.web.filter.DelegatingFilterProxy.invokeDelegate(DelegatingFilterProxy.java:358)
	at org.springframework.web.filter.DelegatingFilterProxy.doFilter(DelegatingFilterProxy.java:271)
	at org.apache.catalina.core.ApplicationFilterChain.internalDoFilter(ApplicationFilterChain.java:189)
	at org.apache.catalina.core.ApplicationFilterChain.doFilter(ApplicationFilterChain.java:162)
	at org.springframework.web.filter.RequestContextFilter.doFilterInternal(RequestContextFilter.java:100)
	at org.springframework.web.filter.OncePerRequestFilter.doFilter(OncePerRequestFilter.java:119)
	at org.apache.catalina.core.ApplicationFilterChain.internalDoFilter(ApplicationFilterChain.java:189)
	at org.apache.catalina.core.ApplicationFilterChain.doFilter(ApplicationFilterChain.java:162)
	at org.springframework.web.filter.FormContentFilter.doFilterInternal(FormContentFilter.java:93)
	at org.springframework.web.filter.OncePerRequestFilter.doFilter(OncePerRequestFilter.java:119)
	at org.apache.catalina.core.ApplicationFilterChain.internalDoFilter(ApplicationFilterChain.java:189)
	at org.apache.catalina.core.ApplicationFilterChain.doFilter(ApplicationFilterChain.java:162)
	at org.springframework.web.filter.CharacterEncodingFilter.doFilterInternal(CharacterEncodingFilter.java:201)
	at org.springframework.web.filter.OncePerRequestFilter.doFilter(OncePerRequestFilter.java:119)
	at org.apache.catalina.core.ApplicationFilterChain.internalDoFilter(ApplicationFilterChain.java:189)
	at org.apache.catalina.core.ApplicationFilterChain.doFilter(ApplicationFilterChain.java:162)
	at org.apache.catalina.core.StandardWrapperValve.invoke(StandardWrapperValve.java:197)
	at org.apache.catalina.core.StandardContextValve.invoke(StandardContextValve.java:97)
	at org.apache.catalina.authenticator.AuthenticatorBase.invoke(AuthenticatorBase.java:540)
	at org.apache.catalina.core.StandardHostValve.invoke(StandardHostValve.java:135)
	at org.apache.catalina.valves.ErrorReportValve.invoke(ErrorReportValve.java:92)
	at org.apache.catalina.core.StandardEngineValve.invoke(StandardEngineValve.java:78)
	at org.apache.catalina.connector.CoyoteAdapter.service(CoyoteAdapter.java:357)
	at org.apache.coyote.http11.Http11Processor.service(Http11Processor.java:382)
	at org.apache.coyote.AbstractProcessorLight.process(AbstractProcessorLight.java:65)
	at org.apache.coyote.AbstractProtocol$ConnectionHandler.process(AbstractProtocol.java:895)
	at org.apache.tomcat.util.net.NioEndpoint$SocketProcessor.doRun(NioEndpoint.java:1722)
	at org.apache.tomcat.util.net.SocketProcessorBase.run(SocketProcessorBase.java:49)
	at org.apache.tomcat.util.threads.ThreadPoolExecutor.runWorker(ThreadPoolExecutor.java:1191)
	at org.apache.tomcat.util.threads.ThreadPoolExecutor$Worker.run(ThreadPoolExecutor.java:659)
	at org.apache.tomcat.util.threads.TaskThread$WrappingRunnable.run(TaskThread.java:61)
	at java.base/java.lang.Thread.run(Thread.java:840)

doFilter(ApplicationFilterChain.java:162)
	at org.springframework.web.filter.RequestContextFilter.doFilterInternal(RequestContextFilter.java:100)
	at org.springframework.web.filter.OncePerRequestFilter.doFilter(OncePerRequestFilter.java:119)
	at org.apache.catalina.core.ApplicationFilterChain.internalDoFilter(ApplicationFilterChain.java:189)
	at org.apache.catalina.core.ApplicationFilterChain.doFilter(ApplicationFilterChain.java:162)
	at org.springframework.web.filter.FormContentFilter.doFilterInternal(FormContentFilter.java:93)
	at org.springframework.web.filter.OncePerRequestFilter.doFilter(OncePerRequestFilter.java:119)
	at org.apache.catalina.core.ApplicationFilterChain.internalDoFilter(ApplicationFilterChain.java:189)
	at org.apache.catalina.core.ApplicationFilterChain.doFilter(ApplicationFilterChain.java:162)
	at org.springframework.web.filter.CharacterEncodingFilter.doFilterInternal(CharacterEncodingFilter.java:201)
	at org.springframework.web.filter.OncePerRequestFilter.doFilter(OncePerRequestFilter.java:119)
	at org.apache.catalina.core.ApplicationFilterChain.internalDoFilter(ApplicationFilterChain.java:189)
	at org.apache.catalina.core.ApplicationFilterChain.doFilter(ApplicationFilterChain.java:162)
	at org.apache.catalina.core.StandardWrapperValve.invoke(StandardWrapperValve.java:197)
	at org.apache.catalina.core.StandardContextValve.invoke(StandardContextValve.java:97)
	at org.apache.catalina.authenticator.AuthenticatorBase.invoke(AuthenticatorBase.java:540)
	at org.apache.catalina.core.StandardHostValve.invoke(StandardHostValve.java:135)
	at org.apache.catalina.valves.ErrorReportValve.invoke(ErrorReportValve.java:92)
	at org.apache.catalina.core.StandardEngineValve.invoke(StandardEngineValve.java:78)
	at org.apache.catalina.connector.CoyoteAdapter.service(CoyoteAdapter.java:357)
	at org.apache.coyote.http11.Http11Processor.service(Http11Processor.java:382)
	at org.apache.coyote.AbstractProcessorLight.process(AbstractProcessorLight.java:65)
	at org.apache.coyote.AbstractProtocol$ConnectionHandler.process(AbstractProtocol.java:895)
	at org.apache.tomcat.util.net.NioEndpoint$SocketProcessor.doRun(NioEndpoint.java:1722)
	at org.apache.tomcat.util.net.SocketProcessorBase.run(SocketProcessorBase.java:49)
	at org.apache.tomcat.util.threads.ThreadPoolExecutor.runWorker(ThreadPoolExecutor.java:1191)
	at org.apache.tomcat.util.threads.ThreadPoolExecutor$Worker.run(ThreadPoolExecutor.java:659)
	at org.apache.tomcat.util.threads.TaskThread$WrappingRunnable.run(TaskThread.java:61)
	at java.base/java.lang.Thread.run(Thread.java:840)

doFilter(ApplicationFilterChain.java:162)
	at org.springframework.web.filter.RequestContextFilter.doFilterInternal(RequestContextFilter.java:100)
	at org.springframework.web.filter.OncePerRequestFilter.doFilter(OncePerRequestFilter.java:119)
	at org.apache.catalina.core.ApplicationFilterChain.internalDoFilter(ApplicationFilterChain.java:189)
	at org.apache.catalina.core.ApplicationFilterChain.doFilter(ApplicationFilterChain.java:162)
	at org.springframework.web.filter.FormContentFilter.doFilterInternal(FormContentFilter.java:93)
	at org.springframework.web.filter.OncePerRequestFilter.doFilter(OncePerRequestFilter.java:119)
	at org.apache.catalina.core.ApplicationFilterChain.internalDoFilter(ApplicationFilterChain.java:189)
	at org.apache.catalina.core.ApplicationFilterChain.doFilter(ApplicationFilterChain.java:162)
	at org.springframework.web.filter.CharacterEncodingFilter.doFilterInternal(CharacterEncodingFilter.java:201)
	at org.springframework.web.filter.OncePerRequestFilter.doFilter(OncePerRequestFilter.java:119)
	at org.apache.catalina.core.ApplicationFilterChain.internalDoFilter(ApplicationFilterChain.java:189)
	at org.apache.catalina.core.ApplicationFilterChain.doFilter(ApplicationFilterChain.java:162)
	at org.apache.catalina.core.StandardWrapperValve.invoke(StandardWrapperValve.java:197)
	at org.apache.catalina.core.StandardContextValve.invoke(StandardContextValve.java:97)
	at org.apache.catalina.authenticator.AuthenticatorBase.invoke(AuthenticatorBase.java:540)
	at org.apache.catalina.core.StandardHostValve.invoke(StandardHostValve.java:135)
	at org.apache.catalina.valves.ErrorReportValve.invoke(ErrorReportValve.java:92)
	at org.apache.catalina.core.StandardEngineValve.invoke(StandardEngineValve.java:78)
	at org.apache.catalina.connector.CoyoteAdapter.service(CoyoteAdapter.java:357)
	at org.apache.coyote.http11.Http11Processor.service(Http11Processor.java:382)
	at org.apache.coyote.AbstractProcessorLight.process(AbstractProcessorLight.java:65)
	at org.apache.coyote.AbstractProtocol$ConnectionHandler.process(AbstractProtocol.java:895)
	at org.apache.tomcat.util.net.NioEndpoint$SocketProcessor.doRun(NioEndpoint.java:1722)
	at org.apache.tomcat.util.net.SocketProcessorBase.run(SocketProcessorBase.java:49)
	at org.apache.tomcat.util.threads.ThreadPoolExecutor.runWorker(ThreadPoolExecutor.java:1191)
	at org.apache.tomcat.util.threads.ThreadPoolExecutor$Worker.run(ThreadPoolExecutor.java:659)
	at org.apache.tomcat.util.threads.TaskThread$WrappingRunnable.run(TaskThread.java:61)
	at java.base/java.lang.Thread.run(Thread.java:840)

[2025-02-13T13:24:59.6440335] Attempting to download learning path from URL: http://localhost:8000/learning_path/1/55
[2025-02-13T13:24:59.64454] Attempting to download learning path from URL: http://localhost:8000/learning_path/1/55
[2025-02-13T13:24:59.6455486] Attempting to download learning path from URL: http://localhost:8000/learning_path/1/55
[2025-02-13T13:24:59.6455486] Attempting to download learning path from URL: http://localhost:8000/learning_path/1/55
[2025-02-13T13:24:59.6455486] Attempting to download learning path from URL: http://localhost:8000/learning_path/1/55
[2025-02-13T13:24:59.6455486] Attempting to download learning path from URL: http://localhost:8000/learning_path/1/55
[2025-02-13T13:24:59.6466014] Attempting to download learning path from URL: http://localhost:8000/learning_path/1/55
[2025-02-13T13:24:59.6466014] Target save location: C:\Users\mdfar\OneDrive\Desktop\withfeedback\registration-login-spring-boot-security-thymeleaf\src\main\resources\static\data\data\learning_paths\1_55_path.json
[2025-02-13T13:24:59.6476043] Target save location: C:\Users\mdfar\OneDrive\Desktop\withfeedback\registration-login-spring-boot-security-thymeleaf\src\main\resources\static\data\data\learning_paths\1_55_path.json
[2025-02-13T13:24:59.6476043] Target save location: C:\Users\mdfar\OneDrive\Desktop\withfeedback\registration-login-spring-boot-security-thymeleaf\src\main\resources\static\data\data\learning_paths\1_55_path.json
[2025-02-13T13:24:59.6476043] Target save location: C:\Users\mdfar\OneDrive\Desktop\withfeedback\registration-login-spring-boot-security-thymeleaf\src\main\resources\static\data\data\learning_paths\1_55_path.json
[2025-02-13T13:24:59.6495354] Target save location: C:\Users\mdfar\OneDrive\Desktop\withfeedback\registration-login-spring-boot-security-thymeleaf\src\main\resources\static\data\data\learning_paths\1_55_path.json
[2025-02-13T13:24:59.6495354] Target save location: C:\Users\mdfar\OneDrive\Desktop\withfeedback\registration-login-spring-boot-security-thymeleaf\src\main\resources\static\data\data\learning_paths\1_55_path.json
[2025-02-13T13:24:59.6495354] Target save location: C:\Users\mdfar\OneDrive\Desktop\withfeedback\registration-login-spring-boot-security-thymeleaf\src\main\resources\static\data\data\learning_paths\1_55_path.json
[2025-02-13T13:24:59.6495354] Detailed error downloading learning path for user 1, course 55:
[2025-02-13T13:24:59.6501249] Error message: Connection refused: connect
[2025-02-13T13:24:59.6516347] Detailed error downloading learning path for user 1, course 55:
[2025-02-13T13:24:59.6516347] Detailed error downloading learning path for user 1, course 55:
[2025-02-13T13:24:59.6532233] Detailed error downloading learning path for user 1, course 55:
[2025-02-13T13:24:59.6532233] Error message: Connection refused: connect
[2025-02-13T13:24:59.6532233] Detailed error downloading learning path for user 1, course 55:
[2025-02-13T13:24:59.6532233] Error type: java.net.ConnectException
[2025-02-13T13:24:59.6532233] Detailed error downloading learning path for user 1, course 55:
[2025-02-13T13:24:59.6532233] Detailed error downloading learning path for user 1, course 55:
[2025-02-13T13:24:59.6532233] Error message: Connection refused: connect
[2025-02-13T13:24:59.6542339] Error message: Connection refused: connect
[2025-02-13T13:24:59.6542339] Error message: Connection refused: connect
[2025-02-13T13:24:59.6568432] Error message: Connection refused: connect
[2025-02-13T13:24:59.6568432] Error type: java.net.ConnectException
[2025-02-13T13:24:59.6568432] Error message: Connection refused: connect
[2025-02-13T13:24:59.6568432] Full error stack trace:
[2025-02-13T13:24:59.6568432] Error type: java.net.ConnectException
[2025-02-13T13:24:59.6568432] Error type: java.net.ConnectException
[2025-02-13T13:24:59.6568432] Error type: java.net.ConnectException
[2025-02-13T13:24:59.6578439] Error type: java.net.ConnectException
[2025-02-13T13:24:59.6593631] Error type: java.net.ConnectException
[2025-02-13T13:24:59.6603627] java.net.ConnectException: Connection refused: connect
	at java.base/sun.nio.ch.Net.connect0(Native Method)
	at java.base/sun.nio.ch.Net.connect(Net.java:579)
	at java.base/sun.nio.ch.Net.connect(Net.java:568)
	at java.base/sun.nio.ch.NioSocketImpl.connect(NioSocketImpl.java:593)
	at java.base/java.net.Socket.connect(Socket.java:633)
	at java.base/java.net.Socket.connect(Socket.java:583)
	at java.base/sun.net.NetworkClient.doConnect(NetworkClient.java:183)
	at java.base/sun.net.www.http.HttpClient.openServer(HttpClient.java:533)
	at java.base/sun.net.www.http.HttpClient.openServer(HttpClient.java:638)
	at java.base/sun.net.www.http.HttpClient.<init>(HttpClient.java:281)
	at java.base/sun.net.www.http.HttpClient.New(HttpClient.java:386)
	at java.base/sun.net.www.http.HttpClient.New(HttpClient.java:408)
	at java.base/sun.net.www.protocol.http.HttpURLConnection.getNewHttpClient(HttpURLConnection.java:1309)
	at java.base/sun.net.www.protocol.http.HttpURLConnection.plainConnect0(HttpURLConnection.java:1242)
	at java.base/sun.net.www.protocol.http.HttpURLConnection.plainConnect(HttpURLConnection.java:1128)
	at java.base/sun.net.www.protocol.http.HttpURLConnection.connect(HttpURLConnection.java:1057)
	at java.base/sun.net.www.protocol.http.HttpURLConnection.getInputStream0(HttpURLConnection.java:1665)
	at java.base/sun.net.www.protocol.http.HttpURLConnection.getInputStream(HttpURLConnection.java:1589)
	at java.base/java.net.URL.openStream(URL.java:1161)
	at com.example.demo.service.LearningPathVerificationService.downloadLearningPath(LearningPathVerificationService.java:91)
	at com.example.demo.service.LearningPathVerificationService.verifyAndFetchLearningPaths(LearningPathVerificationService.java:194)
	at com.example.demo.web.LearningPathController.verifyLearningPaths(LearningPathController.java:45)
	at java.base/jdk.internal.reflect.NativeMethodAccessorImpl.invoke0(Native Method)
	at java.base/jdk.internal.reflect.NativeMethodAccessorImpl.invoke(NativeMethodAccessorImpl.java:77)
	at java.base/jdk.internal.reflect.DelegatingMethodAccessorImpl.invoke(DelegatingMethodAccessorImpl.java:43)
	at java.base/java.lang.reflect.Method.invoke(Method.java:568)
	at org.springframework.web.method.support.InvocableHandlerMethod.doInvoke(InvocableHandlerMethod.java:205)
	at org.springframework.web.method.support.InvocableHandlerMethod.invokeForRequest(InvocableHandlerMethod.java:150)
	at org.springframework.web.servlet.mvc.method.annotation.ServletInvocableHandlerMethod.invokeAndHandle(ServletInvocableHandlerMethod.java:117)
	at org.springframework.web.servlet.mvc.method.annotation.RequestMappingHandlerAdapter.invokeHandlerMethod(RequestMappingHandlerAdapter.java:895)
	at org.springframework.web.servlet.mvc.method.annotation.RequestMappingHandlerAdapter.handleInternal(RequestMappingHandlerAdapter.java:808)
	at org.springframework.web.servlet.mvc.method.AbstractHandlerMethodAdapter.handle(AbstractHandlerMethodAdapter.java:87)
	at org.springframework.web.servlet.DispatcherServlet.doDispatch(DispatcherServlet.java:1067)
	at org.springframework.web.servlet.DispatcherServlet.doService(DispatcherServlet.java:963)
	at org.springframework.web.servlet.FrameworkServlet.processRequest(FrameworkServlet.java:1006)
	at org.springframework.web.servlet.FrameworkServlet.doPost(FrameworkServlet.java:909)
	at javax.servlet.http.HttpServlet.service(HttpServlet.java:681)
	at org.springframework.web.servlet.FrameworkServlet.service(FrameworkServlet.java:883)
	at javax.servlet.http.HttpServlet.service(HttpServlet.java:764)
	at org.apache.catalina.core.ApplicationFilterChain.internalDoFilter(ApplicationFilterChain.java:227)
	at org.apache.catalina.core.ApplicationFilterChain.doFilter(ApplicationFilterChain.java:162)
	at org.apache.tomcat.websocket.server.WsFilter.doFilter(WsFilter.java:53)
	at org.apache.catalina.core.ApplicationFilterChain.internalDoFilter(ApplicationFilterChain.java:189)
	at org.apache.catalina.core.ApplicationFilterChain.doFilter(ApplicationFilterChain.java:162)
	at org.springframework.security.web.FilterChainProxy$VirtualFilterChain.doFilter(FilterChainProxy.java:327)
	at org.springframework.security.web.access.intercept.FilterSecurityInterceptor.invoke(FilterSecurityInterceptor.java:115)
	at org.springframework.security.web.access.intercept.FilterSecurityInterceptor.doFilter(FilterSecurityInterceptor.java:81)
	at org.springframework.security.web.FilterChainProxy$VirtualFilterChain.doFilter(FilterChainProxy.java:336)
	at org.springframework.security.web.access.ExceptionTranslationFilter.doFilter(ExceptionTranslationFilter.java:122)
	at org.springframework.security.web.access.ExceptionTranslationFilter.doFilter(ExceptionTranslationFilter.java:116)
	at org.springframework.security.web.FilterChainProxy$VirtualFilterChain.doFilter(FilterChainProxy.java:336)
	at org.springframework.security.web.session.SessionManagementFilter.doFilter(SessionManagementFilter.java:126)
	at org.springframework.security.web.session.SessionManagementFilter.doFilter(SessionManagementFilter.java:81)
	at org.springframework.security.web.FilterChainProxy$VirtualFilterChain.doFilter(FilterChainProxy.java:336)
	at org.springframework.security.web.authentication.AnonymousAuthenticationFilter.doFilter(AnonymousAuthenticationFilter.java:109)
	at org.springframework.security.web.FilterChainProxy$VirtualFilterChain.doFilter(FilterChainProxy.java:336)
	at org.springframework.security.web.servletapi.SecurityContextHolderAwareRequestFilter.doFilter(SecurityContextHolderAwareRequestFilter.java:149)
	at org.springframework.security.web.FilterChainProxy$VirtualFilterChain.doFilter(FilterChainProxy.java:336)
	at org.springframework.security.web.savedrequest.RequestCacheAwareFilter.doFilter(RequestCacheAwareFilter.java:63)
	at org.springframework.security.web.FilterChainProxy$VirtualFilterChain.doFilter(FilterChainProxy.java:336)
	at org.springframework.security.web.session.ConcurrentSessionFilter.doFilter(ConcurrentSessionFilter.java:147)
	at org.springframework.security.web.session.ConcurrentSessionFilter.doFilter(ConcurrentSessionFilter.java:125)
	at org.springframework.security.web.FilterChainProxy$VirtualFilterChain.doFilter(FilterChainProxy.java:336)
	at org.springframework.security.web.authentication.AbstractAuthenticationProcessingFilter.doFilter(AbstractAuthenticationProcessingFilter.java:219)
	at org.springframework.security.web.authentication.AbstractAuthenticationProcessingFilter.doFilter(AbstractAuthenticationProcessingFilter.java:213)
	at org.springframework.security.web.FilterChainProxy$VirtualFilterChain.doFilter(FilterChainProxy.java:336)
	at org.springframework.security.web.authentication.logout.LogoutFilter.doFilter(LogoutFilter.java:103)
	at org.springframework.security.web.authentication.logout.LogoutFilter.doFilter(LogoutFilter.java:89)
	at org.springframework.security.web.FilterChainProxy$VirtualFilterChain.doFilter(FilterChainProxy.java:336)
	at org.springframework.security.web.header.HeaderWriterFilter.doHeadersAfter(HeaderWriterFilter.java:90)
	at org.springframework.security.web.header.HeaderWriterFilter.doFilterInternal(HeaderWriterFilter.java:75)
	at org.springframework.web.filter.OncePerRequestFilter.doFilter(OncePerRequestFilter.java:119)
	at org.springframework.security.web.FilterChainProxy$VirtualFilterChain.doFilter(FilterChainProxy.java:336)
	at org.springframework.security.web.context.SecurityContextPersistenceFilter.doFilter(SecurityContextPersistenceFilter.java:110)
	at org.springframework.security.web.context.SecurityContextPersistenceFilter.doFilter(SecurityContextPersistenceFilter.java:80)
	at org.springframework.security.web.FilterChainProxy$VirtualFilterChain.doFilter(FilterChainProxy.java:336)
	at org.springframework.security.web.context.request.async.WebAsyncManagerIntegrationFilter.doFilterInternal(WebAsyncManagerIntegrationFilter.java:55)
	at org.springframework.web.filter.OncePerRequestFilter.doFilter(OncePerRequestFilter.java:119)
	at org.springframework.security.web.FilterChainProxy$VirtualFilterChain.doFilter(FilterChainProxy.java:336)
	at org.spr[2025-02-13T13:24:59.6603627] Full error stack trace:
[2025-02-13T13:24:59.6603627] Full error stack trace:
ingframework.security.web.FilterChainProxy.doFilterInternal(FilterChainProxy.java:211)
	at org.springframework.security.web.FilterChainProxy.doFilter(FilterChainProxy.java:183)
	at org.springframework.web.filter.DelegatingFilterProxy.invokeDelegate(DelegatingFilterProxy.java:358)
	at org.springframework.web.filter.DelegatingFilterProxy.doFilter(DelegatingFilterProxy.java:271)
	at org.apache.catalina.core.ApplicationFilterChain.internalDoFilter(ApplicationFilterChain.java:189)
	at org.apache.catalina.core.ApplicationFilterChain.doFilter(ApplicationFilterChain.java:162)
	at org.springframework.web.filter.RequestContextFilter.doFilterInternal(RequestContextFilter.java:100)
	at org.springframework.web.filter.OncePerRequestFilter.doFilter(OncePerRequestFilter.java:119)
	at org.apache.catalina.core.ApplicationFilterChain.internalDoFilter(ApplicationFilterChain.java:189)
	at org.apache.catalina.core.ApplicationFilterChain.doFilter(ApplicationFilterChain.java:162)
	at org.springframework.web.filter.FormContentFilter.doFilterInternal(FormContentFilter.java:93)
	at org.springframework.web.filter.OncePerRequestFilter.doFilter(OncePerRequestFilter.java:119)
	at org.apache.catalina.core.ApplicationFilterChain.internalDoFilter(ApplicationFilterChain.java:189)
	at org.apache.catalina.core.ApplicationFilterChain.doFilter(ApplicationFilterChain.java:162)
	at org.springframework.web.filter.CharacterEncodingFilter.doFilterInternal(CharacterEncodingFilter.java:201)
	at org.springframework.web.filter.OncePerRequestFilter.doFilter(OncePerRequestFilter.java:119)
	at org.apache.catalina.core.ApplicationFilterChain.internalDoFilter(ApplicationFilterChain.java:189)
	at org.apache.catalina.core.ApplicationFilterChain.doFilter(ApplicationFilterChain.java:162)
	at org.apache.catalina.core.StandardWrapperValve.invoke(StandardWrapperValve.java:197)
	at org.apache.catalina.core.StandardContextValve.invoke(StandardContextValve.java:97)
	at org.apache.catalina.authenticator.AuthenticatorBase.invoke(AuthenticatorBase.java:540)
	at org.apache.catalina.core.StandardHostValve.invoke(StandardHostValve.java:135)
	at org.apache.catalina.valves.ErrorReportValve.invoke(ErrorReportValve.java:92)
	at org.apache.catalina.core.StandardEngineValve.invoke(StandardEngineValve.java:78)
	at org.apache.catalina.connector.CoyoteAdapter.service(CoyoteAdapter.java:357)
	at org.apache.coyote.http11.Http11Processor.service(Http11Processor.java:382)
	at org.apache.coyote.AbstractProcessorLight.process(AbstractProcessorLight.java:65)
	at org.apache.coyote.AbstractProtocol$ConnectionHandler.process(AbstractProtocol.java:895)
	at org.apache.tomcat.util.net.NioEndpoint$SocketProcessor.doRun(NioEndpoint.java:1722)
	at org.apache.tomcat.util.net.SocketProcessorBase.run(SocketProcessorBase.java:49)
	at org.apache.tomcat.util.threads.ThreadPoolExecutor.runWorker(ThreadPoolExecutor.java:1191)
	at org.apache.tomcat.util.threads.ThreadPoolExecutor$Worker.run(ThreadPoolExecutor.java:659)
	at org.apache.tomcat.util.threads.TaskThread$WrappingRunnable.run(TaskThread.java:61)
	at java.base/java.lang.Thread.run(Thread.java:840)

[2025-02-13T13:24:59.6603627] Full error stack trace:
[2025-02-13T13:24:59.6603627] Full error stack trace:
[2025-02-13T13:24:59.6603627] Full error stack trace:
[2025-02-13T13:24:59.6603627] Full error stack trace:
[2025-02-13T13:24:59.6613617] java.net.ConnectException: Connection refused: connect
	at java.base/sun.nio.ch.Net.connect0(Native Method)
	at java.base/sun.nio.ch.Net.connect(Net.java:579)
	at java.base/sun.nio.ch.Net.connect(Net.java:568)
	at java.base/sun.nio.ch.NioSocketImpl.connect(NioSocketImpl.java:593)
	at java.base/java.net.Socket.connect(Socket.java:633)
	at java.base/java.net.Socket.connect(Socket.java:583)
	at java.base/sun.net.NetworkClient.doConnect(NetworkClient.java:183)
	at java.base/sun.net.www.http.HttpClient.openServer(HttpClient.java:533)
	at java.base/sun.net.www.http.HttpClient.openServer(HttpClient.java:638)
	at java.base/sun.net.www.http.HttpClient.<init>(HttpClient.java:281)
	at java.base/sun.net.www.http.HttpClient.New(HttpClient.java:386)
	at java.base/sun.net.www.http.HttpClient.New(HttpClient.java:408)
	at java.base/sun.net.www.protocol.http.HttpURLConnection.getNewHttpClient(HttpURLConnection.java:1309)
	at java.base/sun.net.www.protocol.http.HttpURLConnection.plainConnect0(HttpURLConnection.java:1242)
	at java.base/sun.net.www.protocol.http.HttpURLConnection.plainConnect(HttpURLConnection.java:1128)
	at java.base/sun.net.www.protocol.http.HttpURLConnection.connect(HttpURLConnection.java:1057)
	at java.base/sun.net.www.protocol.http.HttpURLConnection.getInputStream0(HttpURLConnection.java:1665)
	at java.base/sun.net.www.protocol.http.HttpURLConnection.getInputStream(HttpURLConnection.java:1589)
	at java.base/java.net.URL.openStream(URL.java:1161)
	at com.example.demo.service.LearningPathVerificationService.downloadLearningPath(LearningPathVerificationService.java:91)
	at com.example.demo.service.LearningPathVerificationService.verifyAndFetchLearningPaths(LearningPathVerificationService.java:194)
	at com.example.demo.web.LearningPathController.verifyLearningPaths(LearningPathController.java:45)
	at java.base/jdk.internal.reflect.NativeMethodAccessorImpl.invoke0(Native Method)
	at java.base/jdk.internal.reflect.NativeMethodAccessorImpl.invoke(NativeMethodAccessorImpl.java:77)
	at java.base/jdk.internal.reflect.DelegatingMethodAccessorImpl.invoke(DelegatingMethodAccessorImpl.java:43)
	at java.base/java.lang.reflect.Method.invoke(Method.java:568)
	at org.springframework.web.method.support.InvocableHandlerMethod.doInvoke(InvocableHandlerMethod.java:205)
	at org.springframework.web.method.support.InvocableHandlerMethod.invokeForRequest(InvocableHandlerMethod.java:150)
	at org.springframework.web.servlet.mvc.method.annotation.ServletInvocableHandlerMethod.invokeAndHandle(ServletInvocableHandlerMethod.java:117)
	at org.springframework.web.servlet.mvc.method.annotation.RequestMappingHandlerAdapter.invokeHandlerMethod(RequestMappingHandlerAdapter.java:895)
	at org.springframework.web.servlet.mvc.method.annotation.RequestMappingHandlerAdapter.handleInternal(RequestMappingHandlerAdapter.java:808)
	at org.springframework.web.servlet.mvc.method.AbstractHandlerMethodAdapter.handle(AbstractHandlerMethodAdapter.java:87)
	at org.springframework.web.servlet.DispatcherServlet.doDispatch(DispatcherServlet.java:1067)
	at org.springframework.web.servlet.DispatcherServlet.doService(DispatcherServlet.java:963)
	at org.springframework.web.servlet.FrameworkServlet.processRequest(FrameworkServlet.java:1006)
	at org.springframework.web.servlet.FrameworkServlet.doPost(FrameworkServlet.java:909)
	at javax.servlet.http.HttpServlet.service(HttpServlet.java:681)
	at org.springframework.web.servlet.FrameworkServlet.service(FrameworkServlet.java:883)
	at javax.servlet.http.HttpServlet.service(HttpServlet.java:764)
	at org.apache.catalina.core.ApplicationFilterChain.internalDoFilter(ApplicationFilterChain.java:227)
	at org.apache.catalina.core.ApplicationFilterChain.doFilter(ApplicationFilterChain.java:162)
	at org.apache.tomcat.websocket.server.WsFilter.doFilter(WsFilter.java:53)
	at org.apache.catalina.core.ApplicationFilterChain.internalDoFilter(ApplicationFilterChain.java:189)
	at org.apache.catalina.core.ApplicationFilterChain.doFilter(ApplicationFilterChain.java:162)
	at org.springframework.security.web.FilterChainProxy$VirtualFilterChain.doFilter(FilterChainProxy.java:327)
	at org.springframework.security.web.access.intercept.FilterSecurityInterceptor.invoke(FilterSecurityInterceptor.java:115)
	at org.springframework.security.web.access.intercept.FilterSecurityInterceptor.doFilter(FilterSecurityInterceptor.java:81)
	at org.springframework.security.web.FilterChainProxy$VirtualFilterChain.doFilter(FilterChainProxy.java:336)
	at org.springframework.security.web.access.ExceptionTranslationFilter.doFilter(ExceptionTranslationFilter.java:122)
	at org.springframework.security.web.access.ExceptionTranslationFilter.doFilter(ExceptionTranslationFilter.java:116)
	at org.springframework.security.web.FilterChainProxy$VirtualFilterChain.doFilter(FilterChainProxy.java:336)
	at org.springframework.security.web.session.SessionManagementFilter.doFilter(SessionManagementFilter.java:126)
	at org.springframework.security.web.session.SessionManagementFilter.doFilter(SessionManagementFilter.java:81)
	at org.springframework.security.web.FilterChainProxy$VirtualFilterChain.doFilter(FilterChainProxy.java:336)
	at org.springframework.security.web.authentication.AnonymousAuthenticationFilter.doFilter(AnonymousAuthenticationFilter.java:109)
	at org.springframework.security.web.FilterChainProxy$VirtualFilterChain.doFilter(FilterChainProxy.java:336)
	at org.springframework.security.web.servletapi.SecurityContextHolderAwareRequestFilter.doFilter(SecurityContextHolderAwareRequestFilter.java:149)
	at org.springframework.security.web.FilterChainProxy$VirtualFilterChain.doFilter(FilterChainProxy.java:336)
	at org.springframework.security.web.savedrequest.RequestCacheAwareFilter.doFilter(RequestCacheAwareFilter.java:63)
	at org.springframework.security.web.FilterChainProxy$VirtualFilterChain.doFilter(FilterChainProxy.java:336)
	at org.springframework.security.web.session.ConcurrentSessionFilter.doFilter(ConcurrentSessionFilter.java:147)
	at org.springframework.security.web.session.ConcurrentSessionFilter.doFilter(ConcurrentSessionFilter.java:125)
	at org.springframework.security.web.FilterChainProxy$VirtualFilterChain.doFilter(FilterChainProxy.java:336)
	at org.springframework.security.web.authentication.AbstractAuthenticationProcessingFilter.doFilter(AbstractAuthenticationProcessingFilter.java:219)
	at org.springframework.security.web.authentication.AbstractAuthenticationProcessingFilter.doFilter(AbstractAuthenticationProcessingFilter.java:213)
	at org.springframework.security.web.FilterChainProxy$VirtualFilterChain.doFilter(FilterChainProxy.java:336)
	at org.springframework.security.web.authentication.logout.LogoutFilter.doFilter(LogoutFilter.java:103)
	at org.springframework.security.web.authentication.logout.LogoutFilter.doFilter(LogoutFilter.java:89)
	at org.springframework.security.web.FilterChainProxy$VirtualFilterChain.doFilter(FilterChainProxy.java:336)
	at org.springframework.security.web.header.HeaderWriterFilter.doHeadersAfter(HeaderWriterFilter.java:90)
	at org.springframework.security.web.header.HeaderWriterFilter.doFilterInternal(HeaderWriterFilter.java:75)
	at org.springframework.web.filter.OncePerRequestFilter.doFilter(OncePerRequestFilter.java:119)
	at org.springframework.security.web.FilterChainProxy$VirtualFilterChain.doFilter(FilterChainProxy.java:336)
	at org.springframework.security.web.context.SecurityContextPersistenceFilter.doFilter(SecurityContextPersistenceFilter.java:110)
	at org.springframework.security.web.context.SecurityContextPersistenceFilter.doFilter(SecurityContextPersistenceFilter.java:80)
	at org.springframework.security.web.FilterChainProxy$VirtualFilterChain.doFilter(FilterChainProxy.java:336)
	at org.springframework.security.web.context.request.async.WebAsyncManagerIntegrationFilter.doFilterInternal(WebAsyncManagerIntegrationFilter.java:55)
	at org.springframework.web.filter.OncePerRequestFilter.doFilter(OncePerRequestFilter.java:119)
	at org.springframework.security.web.FilterChainProxy$VirtualFilterChain.doFilter(FilterChainProxy.java:336)
	at org.springframework.security.web.FilterChainProxy.doFilterInternal(FilterChainProxy.java:211)
	at org.springframework.security.web.FilterChainProxy.doFilter(FilterChainProxy.java:183)
	at org.springframework.web.filter.DelegatingFilterProxy.invokeDelegate(DelegatingFilterProxy.java:358)
	at org.springframework.web.filter.DelegatingFilterProxy.doFilter(DelegatingFilterProxy.java:271)
	at org.apache.catalina.core.ApplicationFilterChain.internalDoFilter(ApplicationFilterChain.java:189)
	at org.apache.catalina.core.ApplicationFilterChain.doFilter(ApplicationFilterChain.java:162)
	at org.springframework.web.filter.RequestContextFilter.doFilterInternal(RequestContextFilter.java:100)
	at org.springframework.web.filter.OncePerRequestFilter.doFilter(OncePerRequestFilter.java:119)
	at org.apache.catalina.core.ApplicationFilterChain.internalDoFilter(ApplicationFilterChain.java:189)
	at org.apache.catalina.core.ApplicationFilterChain.doFilter(ApplicationFilterChain.java:162)
	at org.springframework.web.filter.FormContentFilter.doFilterInternal(FormContentFilter.java:93)
	at org.springframework.web.filter.OncePerRequestFilter.doFilter(OncePerRequestFilter.java:119)
	at org.apache.catalina.core.ApplicationFilterChain.internalDoFilter(ApplicationFilterChain.java:189)
	at org.apache.catalina.core.ApplicationFilterChain.doFilter(ApplicationFilterChain.java:162)
	at org.springframework.web.filter.CharacterEncodingFilter.doFilterInternal(CharacterEncodingFilter.java:201)
	at org.springframework.web.filter.OncePerRequestFilter.doFilter(OncePerRequestFilter.java:119)
	at org.apache.catalina.core.ApplicationFilterChain.internalDoFilter(ApplicationFilterChain.java:189)
	at org.apache.catalina.core.ApplicationFilterChain.doFilter(ApplicationFilterChain.java:162)
	at org.apache.catalina.core.StandardWrapperValve.invoke(StandardWrapperValve.java:197)
	at org.apache.catalina.core.StandardContextValve.invoke(StandardContextValve.java:97)
	at org.apache.catalina.authenticator.AuthenticatorBase.invoke(AuthenticatorBase.java:540)
	at org.apache.catalina.core.StandardHostValve.invoke(StandardHostValve.java:135)
	at org.apache.catalina.valves.ErrorReportValve.invoke(ErrorReportValve.java:92)
	at org.apache.catalina.core.StandardEngineValve.invoke(StandardEngineValve.java:78)
	at org.apache.catalina.connector.CoyoteAdapter.service(CoyoteAdapter.java:357)
	at org.apache.coyote.http11.Http11Processor.service(Http11Processor.java:382)
	at org.apache.coyote.AbstractProcessorLight.process(AbstractProcessorLight.java:65)
	at org.apache.coyote.AbstractProtocol$ConnectionHandler.process(AbstractProtocol.java:895)
	at org.apache.tomcat.util.net.NioEndpoint$SocketProcessor.doRun(NioEndpoint.java:1722)
	at org.apache.tomcat.util.net.SocketProcessorBase.run(SocketProcessorBase.java:49)
	at org.apache.tomcat.util.threads.ThreadPoolExecutor.runWorker(ThreadPoolExecutor.java:1191)
	at org.apache.tomcat.util.threads.ThreadPoolExecutor$Worker.run(ThreadPoolExecutor.java:659)
	at org.apache.tomcat.util.threads.TaskThread$WrappingRunnable.run(TaskThread.java:61)
	at java.base/java.lang.Thread.run(Thread.java:840)

[2025-02-13T13:24:59.6613617] java.net.ConnectException: Connection refused: connect
	at java.base/sun.nio.ch.Net.connect0(Native Method)
	at java.base/sun.nio.ch.Net.connect(Net.java:579)
	at java.base/sun.nio.ch.Net.connect(Net.java:568)
	at java.base/sun.nio.ch.NioSocketImpl.connect(NioSocketImpl.java:593)
	at java.base/java.net.Socket.connect(Socket.java:633)
	at java.base/java.net.Socket.connect(Socket.java:583)
	at java.base/sun.net.NetworkClient.doConnect(NetworkClient.java:183)
	at java.base/sun.net.www.http.HttpClient.openServer(HttpClient.java:533)
	at java.base/sun.net.www.http.HttpClient.openServer(HttpClient.java:638)
	at java.base/sun.net.www.http.HttpClient.<init>(HttpClient.java:281)
	at java.base/sun.net.www.http.HttpClient.New(HttpClient.java:386)
	at java.base/sun.net.www.http.HttpClient.New(HttpClient.java:408)
	at java.base/sun.net.www.protocol.http.HttpURLConnection.getNewHttpClient(HttpURLConnection.java:1309)
	at java.base/sun.net.www.protocol.http.HttpURLConnection.plainConnect0(HttpURLConnection.java:1242)
	at java.base/sun.net.www.protocol.http.HttpURLConnection.plainConnect(HttpURLConnection.java:1128)
	at java.base/sun.net.www.protocol.http.HttpURLConnection.connect(HttpURLConnection.java:1057)
	at java.base/sun.net.www.protocol.http.HttpURLConnection.getInputStream0(HttpURLConnection.java:1665)
	at java.base/sun.net.www.protocol.http.HttpURLConnection.getInputStream(HttpURLConnection.java:1589)
	at java.base/java.net.URL.openStream(URL.java:1161)
	at com.example.demo.service.LearningPathVerificationService.downloadLearningPath(LearningPathVerificationService.java:91)
	at com.example.demo.service.LearningPathVerificationService.verifyAndFetchLearningPaths(LearningPathVerificationService.java:194)
	at com.example.demo.web.LearningPathController.verifyLearningPaths(LearningPathController.java:45)
	at java.base/jdk.internal.reflect.NativeMethodAccessorImpl.invoke0(Native Method)
	at java.base/jdk.internal.reflect.NativeMethodAccessorImpl.invoke(NativeMethodAccessorImpl.java:77)
	at java.base/jdk.internal.reflect.DelegatingMethodAccessorImpl.invoke(DelegatingMethodAccessorImpl.java:43)
	at java.base/java.lang.reflect.Method.invoke(Method.java:568)
	at org.springframework.web.method.support.InvocableHandlerMethod.doInvoke(InvocableHandlerMethod.java:205)
	at org.springframework.web.method.support.InvocableHandlerMethod.invokeForRequest(InvocableHandlerMethod.java:150)
	at org.springframework.web.servlet.mvc.method.annotation.ServletInvocableHandlerMethod.invokeAndHandle(ServletInvocableHandlerMethod.java:117)
	at org.springframework.web.servlet.mvc.method.annotation.RequestMappingHandlerAdapter.invokeHandlerMethod(RequestMappingHandlerAdapter.java:895)
	at org.springframework.web.servlet.mvc.method.annotation.RequestMappingHandlerAdapter.handleInternal(RequestMappingHandlerAdapter.java:808)
	at org.springframework.web.servlet.mvc.method.AbstractHandlerMethodAdapter.handle(AbstractHandlerMethodAdapter.java:87)
	at org.springframework.web.servlet.DispatcherServlet.doDispatch(DispatcherServlet.java:1067)
	at org.springframework.web.servlet.DispatcherServlet.doService(DispatcherServlet.java:963)
	at org.springframework.web.servlet.FrameworkServlet.processRequest(FrameworkServlet.java:1006)
	at org.springframework.web.servlet.FrameworkServlet.doPost(FrameworkServlet.java:909)
	at javax.servlet.http.HttpServlet.service(HttpServlet.java:681)
	at org.springframework.web.servlet.FrameworkServlet.service(FrameworkServlet.java:883)
	at javax.servlet.http.HttpServlet.service(HttpServlet.java:764)
	at org.apache.catalina.core.ApplicationFilterChain.internalDoFilter(ApplicationFilterChain.java:227)
	at org.apache.catalina.core.ApplicationFilterChain.doFilter(ApplicationFilterChain.java:162)
	at org.apache.tomcat.websocket.server.WsFilter.doFilter(WsFilter.java:53)
	at org.apache.catalina.core.ApplicationFilterChain.internalDoFilter(ApplicationFilterChain.java:189)
	at org.apache.catalina.core.ApplicationFilterChain.doFilter(ApplicationFilterChain.java:162)
	at org.springframework.security.web.FilterChainProxy$VirtualFilterChain.doFilter(FilterChainProxy.java:327)
	at org.springframework.security.web.access.intercept.FilterSecurityInterceptor.invoke(FilterSecurityInterceptor.java:115)
	at org.springframework.security.web.access.intercept.FilterSecurityInterceptor.doFilter(FilterSecurityInterceptor.java:81)
	at org.springframework.security.web.FilterChainProxy$VirtualFilterChain.doFilter(FilterChainProxy.java:336)
	at org.springframework.security.web.access.ExceptionTranslationFilter.doFilter(ExceptionTranslationFilter.java:122)
	at org.springframework.security.web.access.ExceptionTranslationFilter.doFilter(ExceptionTranslationFilter.java:116)
	at org.springframework.security.web.FilterChainProxy$VirtualFilterChain.doFilter(FilterChainProxy.java:336)
	at org.springframework.security.web.session.SessionManagementFilter.doFilter(SessionManagementFilter.java:126)
	at org.springframework.security.web.session.SessionManagementFilter.doFilter(SessionManagementFilter.java:81)
	at org.springframework.security.web.FilterChainProxy$VirtualFilterChain.doFilter(FilterChainProxy.java:336)
	at org.springframework.security.web.authentication.AnonymousAuthenticationFilter.doFilter(AnonymousAuthenticationFilter.java:109)
	at org.springframework.security.web.FilterChainProxy$VirtualFilterChain.doFilter(FilterChainProxy.java:336)
	at org.springframework.security.web.servletapi.SecurityContextHolderAwareRequestFilter.doFilter(SecurityContextHolderAwareRequestFilter.java:149)
	at org.springframework.security.web.FilterChainProxy$VirtualFilterChain.doFilter(FilterChainProxy.java:336)
	at org.springframework.security.web.savedrequest.RequestCacheAwareFilter.doFilter(RequestCacheAwareFilter.java:63)
	at org.springframework.security.web.FilterChainProxy$VirtualFilterChain.doFilter(FilterChainProxy.java:336)
	at org.springframework.security.web.session.ConcurrentSessionFilter.doFilter(ConcurrentSessionFilter.java:147)
	at org.springframework.security.web.session.ConcurrentSessionFilter.doFilter(ConcurrentSessionFilter.java:125)
	at org.springframework.security.web.FilterChainProxy$VirtualFilterChain.doFilter(FilterChainProxy.java:336)
	at org.springframework.security.web.authentication.AbstractAuthenticationProcessingFilter.doFilter(AbstractAuthenticationProcessingFilter.java:219)
	at org.springframework.security.web.authentication.AbstractAuthenticationProcessingFilter.doFilter(AbstractAuthenticationProcessingFilter.java:213)
	at org.springframework.security.web.FilterChainProxy$VirtualFilterChain.doFilter(FilterChainProxy.java:336)
	at org.springframework.security.web.authentication.logout.LogoutFilter.doFilter(LogoutFilter.java:103)
	at org.springframework.security.web.authentication.logout.LogoutFilter.doFilter(LogoutFilter.java:89)
	at org.springframework.security.web.FilterChainProxy$VirtualFilterChain.doFilter(FilterChainProxy.java:336)
	at org.springframework.security.web.header.HeaderWriterFilter.doHeadersAfter(HeaderWriterFilter.java:90)
	at org.springframework.security.web.header.HeaderWriterFilter.doFilterInternal(HeaderWriterFilter.java:75)
	at org.springframework.web.filter.OncePerRequestFilter.doFilter(OncePerRequestFilter.java:119)
	at org.springframework.security.web.FilterChainProxy$VirtualFilterChain.doFilter(FilterChainProxy.java:336)
	at org.springframework.security.web.context.SecurityContextPersistenceFilter.doFilter(SecurityContextPersistenceFilter.java:110)
	at org.springframework.security.web.context.SecurityContextPersistenceFilter.doFilter(SecurityContextPersistenceFilter.java:80)
	at org.springframework.security.web.FilterChainProxy$VirtualFilterChain.doFilter(FilterChainProxy.java:336)
	at org.springframework.security.web.context.request.async.WebAsyncManagerIntegrationFilter.doFilterInternal(WebAsyncManagerIntegrationFilter.java:55)
	at org.springframework.web.filter.OncePerRequestFilter.doFilter(OncePerRequestFilter.java:119)
	at org.springframework.security.web.FilterChainProxy$VirtualFilterChain.doFilter(FilterChainProxy.java:336)
	at org.springframework.security.web.FilterChainProxy.doFilterInternal(FilterChainProxy.java:211)
	at org.springframework.security.web.FilterChainProxy.doFilter(FilterChainProxy.java:183)
	at org.springframework.web.filter.DelegatingFilterProxy.invokeDelegate(DelegatingFilterProxy.java:358)
	at org.springframework.web.filter.DelegatingFilterProxy.doFilter(DelegatingFilterProxy.java:271)
	at org.apache.catalina.core.ApplicationFilterChain.internalDoFilter(ApplicationFilterChain.java:189)
	at org.apache.catalina.core.ApplicationFilterChain.doFilter(ApplicationFilterChain.java:162)
	at org.springframework.web.filter.RequestContextFilter.doFilterInternal(RequestContextFilter.java:100)
	at org.springframework.web.filter.OncePerRequestFilter.doFilter(OncePerRequestFilter.java:119)
	at org.apache.catalina.core.ApplicationFilterChain.internalDoFilter(ApplicationFilterChain.java:189)
	at org.apache.catalina.core.ApplicationFilterChain.doFilter(ApplicationFilterChain.java:162)
	at org.springframework.web.filter.FormContentFilter.doFilterInternal(FormContentFilter.java:93)
	at org.springframework.web.filter.OncePerRequestFilter.doFilter(OncePerRequestFilter.java:119)
	at org.apache.catalina.core.ApplicationFilterChain.internalDoFilter(ApplicationFilterChain.java:189)
	at org.apache.catalina.core.ApplicationFilterChain.doFilter(ApplicationFilterChain.java:162)
	at org.springframework.web.filter.CharacterEncodingFilter.doFilterInternal(CharacterEncodingFilter.java:201)
	at org.springframework.web.filter.OncePerRequestFilter.doFilter(OncePerRequestFilter.java:119)
	at org.apache.catalina.core.ApplicationFilterChain.internalDoFilter(ApplicationFilterChain.java:189)
	at org.apache.catalina.core.ApplicationFilterChain.doFilter(ApplicationFilterChain.java:162)
	at org.apache.catalina.core.StandardWrapperValve.invoke(StandardWrapperValve.java:197)
	at org.apache.catalina.core.StandardContextValve.invoke(StandardContextValve.java:97)
	at org.apache.catalina.authenticator.AuthenticatorBase.invoke(AuthenticatorBase.java:540)
	at org.apache.catalina.core.StandardHostValve.invoke(StandardHostValve.java:135)
	at org.apache.catalina.valves.ErrorReportValve.invoke(ErrorReportValve.java:92)
	at org.apache.catalina.core.StandardEngineValve.invoke(StandardEngineValve.java:78)
	at org.apache.catalina.connector.CoyoteAdapter.service(CoyoteAdapter.java:357)
	at org.apache.coyote.http11.Http11Processor.service(Http11Processor.java:382)
	at org.apache.coyote.AbstractProcessorLight.process(AbstractProcessorLight.java:65)
	at org.apache.coyote.AbstractProtocol$ConnectionHandler.process(AbstractProtocol.java:895)
	at org.apache.tomcat.util.net.NioEndpoint$SocketProcessor.doRun(NioEndpoint.java:1722)
	at org.apache.tomcat.util.net.SocketProcessorBase.run(SocketProcessorBase.java:49)
	at org.apache.tomcat.util.threads.ThreadPoolExecutor.runWorker(ThreadPoolExecutor.java:1191)
	at org.apache.tomcat.util.threads.ThreadPoolExecutor$Worker.run(ThreadPoolExecutor.java:659)
	at org.apache.tomcat.util.threads.TaskThread$WrappingRunnable.run(TaskThread.java:61)
	at java.base/java.lang.Thread.run(Thread.java:840)

[2025-02-13T13:24:59.662363] java.net.ConnectException: Connection refused: connect
	at java.base/sun.nio.ch.Net.connect0(Native Method)
	at java.base/sun.nio.ch.Net.connect(Net.java:579)
	at java.base/sun.nio.ch.Net.connect(Net.java:568)
	at java.base/sun.nio.ch.NioSocketImpl.connect(NioSocketImpl.java:593)
	at java.base/java.net.Socket.connect(Socket.java:633)
	at java.base/java.net.Socket.connect(Socket.java:583)
	at java.base/sun.net.NetworkClient.doConnect(NetworkClient.java:183)
	at java.base/sun.net.www.http.HttpClient.openServer(HttpClient.java:533)
	at java.base/sun.net.www.http.HttpClient.openServer(HttpClient.java:638)
	at java.base/sun.net.www.http.HttpClient.<init>(HttpClient.java:281)
	at java.base/sun.net.www.http.HttpClient.New(HttpClient.java:386)
	at java.base/sun.net.www.http.HttpClient.New(HttpClient.java:408)
	at java.base/sun.net.www.protocol.http.HttpURLConnection.getNewHttpClient(HttpURLConnection.java:1309)
	at java.base/sun.net.www.protocol.http.HttpURLConnection.plainConnect0(HttpURLConnection.java:1242)
	at java.base/sun.net.www.protocol.http.HttpURLConnection.plainConnect(HttpURLConnection.java:1128)
	at java.base/sun.net.www.protocol.http.HttpURLConnection.connect(HttpURLConnection.java:1057)
	at java.base/sun.net.www.protocol.http.HttpURLConnection.getInputStream0(HttpURLConnection.java:1665)
	at java.base/sun.net.www.protocol.http.HttpURLConnection.getInputStream(HttpURLConnection.java:1589)
	at java.base/java.net.URL.openStream(URL.java:1161)
	at com.example.demo.service.LearningPathVerificationService.downloadLearningPath(LearningPathVerificationService.java:91)
	at com.example.demo.service.LearningPathVerificationService.verifyAndFetchLearningPaths(LearningPathVerificationService.java:194)
	at com.example.demo.web.LearningPathController.verifyLearningPaths(LearningPathController.java:45)
	at java.base/jdk.internal.reflect.NativeMethodAccessorImpl.invoke0(Native Method)
	at java.base/jdk.internal.reflect.NativeMethodAccessorImpl.invoke(NativeMethodAccessorImpl.java:77)
	at java.base/jdk.internal.reflect.DelegatingMethodAccessorImpl.invoke(DelegatingMethodAccessorImpl.java:43)
	at java.base/java.lang.reflect.Method.invoke(Method.java:568)
	at org.springframework.web.method.support.InvocableHandlerMethod.doInvoke(InvocableHandlerMethod.java:205)
	at org.springframework.web.method.support.InvocableHandlerMethod.invokeForRequest(InvocableHandlerMethod.java:150)
	at org.springframework.web.servlet.mvc.method.annotation.ServletInvocableHandlerMethod.invokeAndHandle(ServletInvocableHandlerMethod.java:117)
	at org.springframework.web.servlet.mvc.method.annotation.RequestMappingHandlerAdapter.invokeHandlerMethod(RequestMappingHandlerAdapter.java:895)
	at org.springframework.web.servlet.mvc.method.annotation.RequestMappingHandlerAdapter.handleInternal(RequestMappingHandlerAdapter.java:808)
	at org.springframework.web.servlet.mvc.method.AbstractHandlerMethodAdapter.handle(AbstractHandlerMethodAdapter.java:87)
	at org.springframework.web.servlet.DispatcherServlet.doDispatch(DispatcherServlet.java:1067)
	at org.springframework.web.servlet.DispatcherServlet.doService(DispatcherServlet.java:963)
	at org.springframework.web.servlet.FrameworkServlet.processRequest(FrameworkServlet.java:1006)
	at org.springframework.web.servlet.FrameworkServlet.doPost(FrameworkServlet.java:909)
	at javax.servlet.http.HttpServlet.service(HttpServlet.java:681)
	at org.springframework.web.servlet.FrameworkServlet.service(FrameworkServlet.java:883)
	at javax.servlet.http.HttpServlet.service(HttpServlet.java:764)
	at org.apache.catalina.core.ApplicationFilterChain.internalDoFilter(ApplicationFilterChain.java:227)
	at org.apache.catalina.core.ApplicationFilterChain.doFilter(ApplicationFilterChain.java:162)
	at org.apache.tomcat.websocket.server.WsFilter.doFilter(WsFilter.java:53)
	at org.apache.catalina.core.ApplicationFilterChain.internalDoFilter(ApplicationFilterChain.java:189)
	at org.apache.catalina.core.ApplicationFilterChain.doFilter(ApplicationFilterChain.java:162)
	at org.springframework.security.web.FilterChainProxy$VirtualFilterChain.doFilter(FilterChainProxy.java:327)
	at org.springframework.security.web.access.intercept.FilterSecurityInterceptor.invoke(FilterSecurityInterceptor.java:115)
	at org.springframework.security.web.access.intercept.FilterSecurityInterceptor.doFilter(FilterSecurityInterceptor.java:81)
	at org.springframework.security.web.FilterChainProxy$VirtualFilterChain.doFilter(FilterChainProxy.java:336)
	at org.springframework.security.web.access.ExceptionTranslationFilter.doFilter(ExceptionTranslationFilter.java:122)
	at org.springframework.security.web.access.ExceptionTranslationFilter.doFilter(ExceptionTranslationFilter.java:116)
	at org.springframework.security.web.FilterChainProxy$VirtualFilterChain.doFilter(FilterChainProxy.java:336)
	at org.springframework.security.web.session.SessionManagementFilter.doFilter(SessionManagementFilter.java:126)
	at org.springframework.security.web.session.SessionManagementFilter.doFilter(SessionManagementFilter.java:81)
	at org.springframework.security.web.FilterChainProxy$VirtualFilterChain.doFilter(FilterChainProxy.java:336)
	at org.springframework.security.web.authentication.AnonymousAuthenticationFilter.doFilter(AnonymousAuthenticationFilter.java:109)
	at org.springframework.security.web.FilterChainProxy$VirtualFilterChain.doFilter(FilterChainProxy.java:336)
	at org.springframework.security.web.servletapi.SecurityContextHolderAwareRequestFilter.doFilter(SecurityContextHolderAwareRequestFilter.java:149)
	at org.springframework.security.web.FilterChainProxy$VirtualFilterChain.doFilter(FilterChainProxy.java:336)
	at org.springframework.security.web.savedrequest.RequestCacheAwareFilter.doFilter(RequestCacheAwareFilter.java:63)
	at org.springframework.security.web.FilterChainProxy$VirtualFilterChain.doFilter(FilterChainProxy.java:336)
	at org.springframework.security.web.session.ConcurrentSessionFilter.doFilter(ConcurrentSessionFilter.java:147)
	at org.springframework.security.web.session.ConcurrentSessionFilter.doFilter(ConcurrentSessionFilter.java:125)
	at org.springframework.security.web.FilterChainProxy$VirtualFilterChain.doFilter(FilterChainProxy.java:336)
	at org.springframework.security.web.authentication.AbstractAuthenticationProcessingFilter.doFilter(AbstractAuthenticationProcessingFilter.java:219)
	at org.springframework.security.web.authentication.AbstractAuthenticationProcessingFilter.doFilter(AbstractAuthenticationProcessingFilter.java:213)
	at org.springframework.security.web.FilterChainProxy$VirtualFilterChain.doFilter(FilterChainProxy.java:336)
	at org.springframework.security.web.authentication.logout.LogoutFilter.doFilter(LogoutFilter.java:103)
	at org.springframework.security.web.authentication.logout.LogoutFilter.doFilter(LogoutFilter.java:89)
	at org.springframework.security.web.FilterChainProxy$VirtualFilterChain.doFilter(FilterChainProxy.java:336)
	at org.springframework.security.web.header.HeaderWriterFilter.doHeadersAfter(HeaderWriterFilter.java:90)
	at org.springframework.security.web.header.HeaderWriterFilter.doFilterInternal(HeaderWriterFilter.java:75)
	at org.springframework.web.filter.OncePerRequestFilter.doFilter(OncePerRequestFilter.java:119)
	at org.springframework.security.web.FilterChainProxy$VirtualFilterChain.doFilter(FilterChainProxy.java:336)
	at org.springframework.security.web.context.SecurityContextPersistenceFilter.doFilter(SecurityContextPersistenceFilter.java:110)
	at org.springframework.security.web.context.SecurityContextPersistenceFilter.doFilter(SecurityContextPersistenceFilter.java:80)
	at org.springframework.security.web.FilterChainProxy$VirtualFilterChain.doFilter(FilterChainProxy.java:336)
	at org.springframework.security.web.context.request.async.WebAsyncManagerIntegrationFilter.doFilterInternal(WebAsyncManagerIntegrationFilter.java:55)
	at org.springframework.web.filter.OncePerRequestFilter.doFilter(OncePerRequestFilter.java:119)
	at org.springframework.security.web.FilterChainProxy$VirtualFilterChain.doFilter(FilterChainProxy.java:336)
	at org.spri[2025-02-13T13:24:59.6633622] java.net.ConnectException: Connection refused: connect
	at java.base/sun.nio.ch.Net.connect0(Native Method)
	at java.base/sun.nio.ch.Net.connect(Net.java:579)
	at java.base/sun.nio.ch.Net.connect(Net.java:568)
	at java.base/sun.nio.ch.NioSocketImpl.connect(NioSocketImpl.java:593)
	at java.base/java.net.Socket.connect(Socket.java:633)
	at java.base/java.net.Socket.connect(Socket.java:583)
	at java.base/sun.net.NetworkClient.doConnect(NetworkClient.java:183)
	at java.base/sun.net.www.http.HttpClient.openServer(HttpClient.java:533)
	at java.base/sun.net.www.http.HttpClient.openServer(HttpClient.java:638)
	at java.base/sun.net.www.http.HttpClient.<init>(HttpClient.java:281)
	at java.base/sun.net.www.http.HttpClient.New(HttpClient.java:386)
	at java.base/sun.net.www.http.HttpClient.New(HttpClient.java:408)
	at java.base/sun.net.www.protocol.http.HttpURLConnection.getNewHttpClient(HttpURLConnection.java:1309)
	at java.base/sun.net.www.protocol.http.HttpURLConnection.plainConnect0(HttpURLConnection.java:1242)
	at java.base/sun.net.www.protocol.http.HttpURLConnection.plainConnect(HttpURLConnection.java:1128)
	at java.base/sun.net.www.protocol.http.HttpURLConnection.connect(HttpURLConnection.java:1057)
	at java.base/sun.net.www.protocol.http.HttpURLConnection.getInputStream0(HttpURLConnection.java:1665)
	at java.base/sun.net.www.protocol.http.HttpURLConnection.getInputStream(HttpURLConnection.java:1589)
	at java.base/java.net.URL.openStream(URL.java:1161)
	at com.example.demo.service.LearningPathVerificationService.downloadLearningPath(LearningPathVerificationService.java:91)
	at com.example.demo.service.LearningPathVerificationService.verifyAndFetchLearningPaths(LearningPathVerificationService.java:194)
	at com.example.demo.web.LearningPathController.verifyLearningPaths(LearningPathController.java:45)
	at java.base/jdk.internal.reflect.NativeMethodAccessorImpl.invoke0(Native Method)
	at java.base/jdk.internal.reflect.NativeMethodAccessorImpl.invoke(NativeMethodAccessorImpl.java:77)
	at java.base/jdk.internal.reflect.DelegatingMethodAccessorImpl.invoke(DelegatingMethodAccessorImpl.java:43)
	at java.base/java.lang.reflect.Method.invoke(Method.java:568)
	at org.springframework.web.method.support.InvocableHandlerMethod.doInvoke(InvocableHandlerMethod.java:205)
	at org.springframework.web.method.support.InvocableHandlerMethod.invokeForRequest(InvocableHandlerMethod.java:150)
	at org.springframework.web.servlet.mvc.method.annotation.ServletInvocableHandlerMethod.invokeAndHandle(ServletInvocableHandlerMethod.java:117)
	at org.springframework.web.servlet.mvc.method.annotation.RequestMappingHandlerAdapter.invokeHandlerMethod(RequestMappingHandlerAdapter.java:895)
	at org.springframework.web.servlet.mvc.method.annotation.RequestMappingHandlerAdapter.handleInternal(RequestMappingHandlerAdapter.java:808)
	at org.springframework.web.servlet.mvc.method.AbstractHandlerMethodAdapter.handle(AbstractHandlerMethodAdapter.java:87)
	at org.springframework.web.servlet.DispatcherServlet.doDispatch(DispatcherServlet.java:1067)
	at org.springframework.web.servlet.DispatcherServlet.doService(DispatcherServlet.java:963)
	at org.springframework.web.servlet.FrameworkServlet.processRequest(FrameworkServlet.java:1006)
	at org.springframework.web.servlet.FrameworkServlet.doPost(FrameworkServlet.java:909)
	at javax.servlet.http.HttpServlet.service(HttpServlet.java:681)
	at org.springframework.web.servlet.FrameworkServlet.service(FrameworkServlet.java:883)
	at javax.servlet.http.HttpServlet.service(HttpServlet.java:764)
	at org.apache.catalina.core.ApplicationFilterChain.internalDoFilter(ApplicationFilterChain.java:227)
	at org.apache.catalina.core.ApplicationFilterChain.doFilter(ApplicationFilterChain.java:162)
	at org.apache.tomcat.websocket.server.WsFilter.doFilter(WsFilter.java:53)
	at org.apache.catalina.core.ApplicationFilterChain.internalDoFilter(ApplicationFilterChain.java:189)
	at org.apache.catalina.core.ApplicationFilterChain.doFilter(ApplicationFilterChain.java:162)
	at org.springframework.security.web.FilterChainProxy$VirtualFilterChain.doFilter(FilterChainProxy.java:327)
	at org.springframework.security.web.access.intercept.FilterSecurityInterceptor.invoke(FilterSecurityInterceptor.java:115)
	at org.springframework.security.web.access.intercept.FilterSecurityInterceptor.doFilter(FilterSecurityInterceptor.java:81)
	at org.springframework.security.web.FilterChainProxy$VirtualFilterChain.doFilter(FilterChainProxy.java:336)
	at org.springframework.security.web.access.ExceptionTranslationFilter.doFilter(ExceptionTranslationFilter.java:122)
	at org.springframework.security.web.access.ExceptionTranslationFilter.doFilter(ExceptionTranslationFilter.java:116)
	at org.springframework.security.web.FilterChainProxy$VirtualFilterChain.doFilter(FilterChainProxy.java:336)
	at org.springframework.security.web.session.SessionManagementFilter.doFilter(SessionManagementFilter.java:126)
	at org.springframework.security.web.session.SessionManagementFilter.doFilter(SessionManagementFilter.java:81)
	at org.springframework.security.web.FilterChainProxy$VirtualFilterChain.doFilter(FilterChainProxy.java:336)
	at org.springframework.security.web.authentication.AnonymousAuthenticationFilter.doFilter(AnonymousAuthenticationFilter.java:109)
	at org.springframework.security.web.FilterChainProxy$VirtualFilterChain.doFilter(FilterChainProxy.java:336)
	at org.springframework.security.web.servletapi.SecurityContextHolderAwareRequestFilter.doFilter(SecurityContextHolderAwareRequestFilter.java:149)
	at org.springframework.security.web.FilterChainProxy$VirtualFilterChain.doFilter(FilterChainProxy.java:336)
	at org.springframework.security.web.savedrequest.RequestCacheAwareFilter.doFilter(RequestCacheAwareFilter.java:63)
	at org.springframework.security.web.FilterChainProxy$VirtualFilterChain.doFilter(FilterChainProxy.java:336)
	at org.springframework.security.web.session.ConcurrentSessionFilter.doFilter(ConcurrentSessionFilter.java:147)
	at org.springframework.security.web.session.ConcurrentSessionFilter.doFilter(ConcurrentSessionFilter.java:125)
	at org.springframework.security.web.FilterChainProxy$VirtualFilterChain.doFilter(FilterChainProxy.java:336)
	at org.springframework.security.web.authentication.AbstractAuthenticationProcessingFilter.doFilter(AbstractAuthenticationProcessingFilter.java:219)
	at org.springframework.security.web.authentication.AbstractAuthenticationProcessingFilter.doFilter(AbstractAuthenticationProcessingFilter.java:213)
	at org.springframework.security.web.FilterChainProxy$VirtualFilterChain.doFilter(FilterChainProxy.java:336)
	at org.springframework.security.web.authentication.logout.LogoutFilter.doFilter(LogoutFilter.java:103)
	at org.springframework.security.web.authentication.logout.LogoutFilter.doFilter(LogoutFilter.java:89)
	at org.springframework.security.web.FilterChainProxy$VirtualFilterChain.doFilter(FilterChainProxy.java:336)
	at org.springframework.security.web.header.HeaderWriterFilter.doHeadersAfter(HeaderWriterFilter.java:90)
	at org.springframework.security.web.header.HeaderWriterFilter.doFilterInternal(HeaderWriterFilter.java:75)
	at org.springframework.web.filter.OncePerRequestFilter.doFilter(OncePerRequestFilter.java:119)
	at org.springframework.security.web.FilterChainProxy$VirtualFilterChain.doFilter(FilterChainProxy.java:336)
	at org.springframework.security.web.context.SecurityContextPersistenceFilter.doFilter(SecurityContextPersistenceFilter.java:110)
	at org.springframework.security.web.context.SecurityContextPersistenceFilter.doFilter(SecurityContextPersistenceFilter.java:80)
	at org.springframework.security.web.FilterChainProxy$VirtualFilterChain.doFilter(FilterChainProxy.java:336)
	at org.springframework.security.web.context.request.async.WebAsyncManagerIntegrationFilter.doFilterInternal(WebAsyncManagerIntegrationFilter.java:55)
	at org.springframework.web.filter.OncePerRequestFilter.doFilter(OncePerRequestFilter.java:119)
	at org.springframework.security.web.FilterChainProxy$VirtualFilterChain.doFilter(FilterChainProxy.java:336)
	at org.spr[2025-02-13T13:24:59.6633622] java.net.ConnectException: Connection refused: connect
	at java.base/sun.nio.ch.Net.connect0(Native Method)
	at java.base/sun.nio.ch.Net.connect(Net.java:579)
	at java.base/sun.nio.ch.Net.connect(Net.java:568)
	at java.base/sun.nio.ch.NioSocketImpl.connect(NioSocketImpl.java:593)
	at java.base/java.net.Socket.connect(Socket.java:633)
	at java.base/java.net.Socket.connect(Socket.java:583)
	at java.base/sun.net.NetworkClient.doConnect(NetworkClient.java:183)
	at java.base/sun.net.www.http.HttpClient.openServer(HttpClient.java:533)
	at java.base/sun.net.www.http.HttpClient.openServer(HttpClient.java:638)
	at java.base/sun.net.www.http.HttpClient.<init>(HttpClient.java:281)
	at java.base/sun.net.www.http.HttpClient.New(HttpClient.java:386)
	at java.base/sun.net.www.http.HttpClient.New(HttpClient.java:408)
	at java.base/sun.net.www.protocol.http.HttpURLConnection.getNewHttpClient(HttpURLConnection.java:1309)
	at java.base/sun.net.www.protocol.http.HttpURLConnection.plainConnect0(HttpURLConnection.java:1242)
	at java.base/sun.net.www.protocol.http.HttpURLConnection.plainConnect(HttpURLConnection.java:1128)
	at java.base/sun.net.www.protocol.http.HttpURLConnection.connect(HttpURLConnection.java:1057)
	at java.base/sun.net.www.protocol.http.HttpURLConnection.getInputStream0(HttpURLConnection.java:1665)
	at java.base/sun.net.www.protocol.http.HttpURLConnection.getInputStream(HttpURLConnection.java:1589)
	at java.base/java.net.URL.openStream(URL.java:1161)
	at com.example.demo.service.LearningPathVerificationService.downloadLearningPath(LearningPathVerificationService.java:91)
	at com.example.demo.service.LearningPathVerificationService.verifyAndFetchLearningPaths(LearningPathVerificationService.java:194)
	at com.example.demo.web.LearningPathController.verifyLearningPaths(LearningPathController.java:45)
	at java.base/jdk.internal.reflect.NativeMethodAccessorImpl.invoke0(Native Method)
	at java.base/jdk.internal.reflect.NativeMethodAccessorImpl.invoke(NativeMethodAccessorImpl.java:77)
	at java.base/jdk.internal.reflect.DelegatingMethodAccessorImpl.invoke(DelegatingMethodAccessorImpl.java:43)
	at java.base/java.lang.reflect.Method.invoke(Method.java:568)
	at org.springframework.web.method.support.InvocableHandlerMethod.doInvoke(InvocableHandlerMethod.java:205)
	at org.springframework.web.method.support.InvocableHandlerMethod.invokeForRequest(InvocableHandlerMethod.java:150)
	at org.springframework.web.servlet.mvc.method.annotation.ServletInvocableHandlerMethod.invokeAndHandle(ServletInvocableHandlerMethod.java:117)
	at org.springframework.web.servlet.mvc.method.annotation.RequestMappingHandlerAdapter.invokeHandlerMethod(RequestMappingHandlerAdapter.java:895)
	at org.springframework.web.servlet.mvc.method.annotation.RequestMappingHandlerAdapter.handleInternal(RequestMappingHandlerAdapter.java:808)
	at org.springframework.web.servlet.mvc.method.AbstractHandlerMethodAdapter.handle(AbstractHandlerMethodAdapter.java:87)
	at org.springframework.web.servlet.DispatcherServlet.doDispatch(DispatcherServlet.java:1067)
	at org.springframework.web.servlet.DispatcherServlet.doService(DispatcherServlet.java:963)
	at org.springframework.web.servlet.FrameworkServlet.processRequest(FrameworkServlet.java:1006)
	at org.springframework.web.servlet.FrameworkServlet.doPost(FrameworkServlet.java:909)
	at javax.servlet.http.HttpServlet.service(HttpServlet.java:681)
	at org.springframework.web.servlet.FrameworkServlet.service(FrameworkServlet.java:883)
	at javax.servlet.http.HttpServlet.service(HttpServlet.java:764)
	at org.apache.catalina.core.ApplicationFilterChain.internalDoFilter(ApplicationFilterChain.java:227)
	at org.apache.catalina.core.ApplicationFilterChain.doFilter(ApplicationFilterChain.java:162)
	at org.apache.tomcat.websocket.server.WsFilter.doFilter(WsFilter.java:53)
	at org.apache.catalina.core.ApplicationFilterChain.internalDoFilter(ApplicationFilterChain.java:189)
	at org.apache.catalina.core.ApplicationFilterChain.doFilter(ApplicationFilterChain.java:162)
	at org.springframework.security.web.FilterChainProxy$VirtualFilterChain.doFilter(FilterChainProxy.java:327)
	at org.springframework.security.web.access.intercept.FilterSecurityInterceptor.invoke(FilterSecurityInterceptor.java:115)
	at org.springframework.security.web.access.intercept.FilterSecurityInterceptor.doFilter(FilterSecurityInterceptor.java:81)
	at org.springframework.security.web.FilterChainProxy$VirtualFilterChain.doFilter(FilterChainProxy.java:336)
	at org.springframework.security.web.access.ExceptionTranslationFilter.doFilter(ExceptionTranslationFilter.java:122)
	at org.springframework.security.web.access.ExceptionTranslationFilter.doFilter(ExceptionTranslationFilter.java:116)
	at org.springframework.security.web.FilterChainProxy$VirtualFilterChain.doFilter(FilterChainProxy.java:336)
	at org.springframework.security.web.session.SessionManagementFilter.doFilter(SessionManagementFilter.java:126)
	at org.springframework.security.web.session.SessionManagementFilter.doFilter(SessionManagementFilter.java:81)
	at org.springframework.security.web.FilterChainProxy$VirtualFilterChain.doFilter(FilterChainProxy.java:336)
	at org.springframework.security.web.authentication.AnonymousAuthenticationFilter.doFilter(AnonymousAuthenticationFilter.java:109)
	at org.springframework.security.web.FilterChainProxy$VirtualFilterChain.doFilter(FilterChainProxy.java:336)
	at org.springframework.security.web.servletapi.SecurityContextHolderAwareRequestFilter.doFilter(SecurityContextHolderAwareRequestFilter.java:149)
	at org.springframework.security.web.FilterChainProxy$VirtualFilterChain.doFilter(FilterChainProxy.java:336)
	at org.springframework.security.web.savedrequest.RequestCacheAwareFilter.doFilter(RequestCacheAwareFilter.java:63)
	at org.springframework.security.web.FilterChainProxy$VirtualFilterChain.doFilter(FilterChainProxy.java:336)
	at org.springframework.security.web.session.ConcurrentSessionFilter.doFilter(ConcurrentSessionFilter.java:147)
	at org.springframework.security.web.session.ConcurrentSessionFilter.doFilter(ConcurrentSessionFilter.java:125)
	at org.springframework.security.web.FilterChainProxy$VirtualFilterChain.doFilter(FilterChainProxy.java:336)
	at org.springframework.security.web.authentication.AbstractAuthenticationProcessingFilter.doFilter(AbstractAuthenticationProcessingFilter.java:219)
	at org.springframework.security.web.authentication.AbstractAuthenticationProcessingFilter.doFilter(AbstractAuthenticationProcessingFilter.java:213)
	at org.springframework.security.web.FilterChainProxy$VirtualFilterChain.doFilter(FilterChainProxy.java:336)
	at org.springframework.security.web.authentication.logout.LogoutFilter.doFilter(LogoutFilter.java:103)
	at org.springframework.security.web.authentication.logout.LogoutFilter.doFilter(LogoutFilter.java:89)
	at org.springframework.security.web.FilterChainProxy$VirtualFilterChain.doFilter(FilterChainProxy.java:336)
	at org.springframework.security.web.header.HeaderWriterFilter.doHeadersAfter(HeaderWriterFilter.java:90)
	at org.springframework.security.web.header.HeaderWriterFilter.doFilterInternal(HeaderWriterFilter.java:75)
	at org.springframework.web.filter.OncePerRequestFilter.doFilter(OncePerRequestFilter.java:119)
	at org.springframework.security.web.FilterChainProxy$VirtualFilterChain.doFilter(FilterChainProxy.java:336)
	at org.springframework.security.web.context.SecurityContextPersistenceFilter.doFilter(SecurityContextPersistenceFilter.java:110)
	at org.springframework.security.web.context.SecurityContextPersistenceFilter.doFilter(SecurityContextPersistenceFilter.java:80)
	at org.springframework.security.web.FilterChainProxy$VirtualFilterChain.doFilter(FilterChainProxy.java:336)
	at org.springframework.security.web.context.request.async.WebAsyncManagerIntegrationFilter.doFilterInternal(WebAsyncManagerIntegrationFilter.java:55)
	at org.springframework.web.filter.OncePerRequestFilter.doFilter(OncePerRequestFilter.java:119)
	at org.springframework.security.web.FilterChainProxy$VirtualFilterChain.doFilter(FilterChainProxy.java:336)
	at org.spr[2025-02-13T13:24:59.6633622] java.net.ConnectException: Connection refused: connect
	at java.base/sun.nio.ch.Net.connect0(Native Method)
	at java.base/sun.nio.ch.Net.connect(Net.java:579)
	at java.base/sun.nio.ch.Net.connect(Net.java:568)
	at java.base/sun.nio.ch.NioSocketImpl.connect(NioSocketImpl.java:593)
	at java.base/java.net.Socket.connect(Socket.java:633)
	at java.base/java.net.Socket.connect(Socket.java:583)
	at java.base/sun.net.NetworkClient.doConnect(NetworkClient.java:183)
	at java.base/sun.net.www.http.HttpClient.openServer(HttpClient.java:533)
	at java.base/sun.net.www.http.HttpClient.openServer(HttpClient.java:638)
	at java.base/sun.net.www.http.HttpClient.<init>(HttpClient.java:281)
	at java.base/sun.net.www.http.HttpClient.New(HttpClient.java:386)
	at java.base/sun.net.www.http.HttpClient.New(HttpClient.java:408)
	at java.base/sun.net.www.protocol.http.HttpURLConnection.getNewHttpClient(HttpURLConnection.java:1309)
	at java.base/sun.net.www.protocol.http.HttpURLConnection.plainConnect0(HttpURLConnection.java:1242)
	at java.base/sun.net.www.protocol.http.HttpURLConnection.plainConnect(HttpURLConnection.java:1128)
	at java.base/sun.net.www.protocol.http.HttpURLConnection.connect(HttpURLConnection.java:1057)
	at java.base/sun.net.www.protocol.http.HttpURLConnection.getInputStream0(HttpURLConnection.java:1665)
	at java.base/sun.net.www.protocol.http.HttpURLConnection.getInputStream(HttpURLConnection.java:1589)
	at java.base/java.net.URL.openStream(URL.java:1161)
	at com.example.demo.service.LearningPathVerificationService.downloadLearningPath(LearningPathVerificationService.java:91)
	at com.example.demo.service.LearningPathVerificationService.verifyAndFetchLearningPaths(LearningPathVerificationService.java:194)
	at com.example.demo.web.LearningPathController.verifyLearningPaths(LearningPathController.java:45)
	at java.base/jdk.internal.reflect.NativeMethodAccessorImpl.invoke0(Native Method)
	at java.base/jdk.internal.reflect.NativeMethodAccessorImpl.invoke(NativeMethodAccessorImpl.java:77)
	at java.base/jdk.internal.reflect.DelegatingMethodAccessorImpl.invoke(DelegatingMethodAccessorImpl.java:43)
	at java.base/java.lang.reflect.Method.invoke(Method.java:568)
	at org.springframework.web.method.support.InvocableHandlerMethod.doInvoke(InvocableHandlerMethod.java:205)
	at org.springframework.web.method.support.InvocableHandlerMethod.invokeForRequest(InvocableHandlerMethod.java:150)
	at org.springframework.web.servlet.mvc.method.annotation.ServletInvocableHandlerMethod.invokeAndHandle(ServletInvocableHandlerMethod.java:117)
	at org.springframework.web.servlet.mvc.method.annotation.RequestMappingHandlerAdapter.invokeHandlerMethod(RequestMappingHandlerAdapter.java:895)
	at org.springframework.web.servlet.mvc.method.annotation.RequestMappingHandlerAdapter.handleInternal(RequestMappingHandlerAdapter.java:808)
	at org.springframework.web.servlet.mvc.method.AbstractHandlerMethodAdapter.handle(AbstractHandlerMethodAdapter.java:87)
	at org.springframework.web.servlet.DispatcherServlet.doDispatch(DispatcherServlet.java:1067)
	at org.springframework.web.servlet.DispatcherServlet.doService(DispatcherServlet.java:963)
	at org.springframework.web.servlet.FrameworkServlet.processRequest(FrameworkServlet.java:1006)
	at org.springframework.web.servlet.FrameworkServlet.doPost(FrameworkServlet.java:909)
	at javax.servlet.http.HttpServlet.service(HttpServlet.java:681)
	at org.springframework.web.servlet.FrameworkServlet.service(FrameworkServlet.java:883)
	at javax.servlet.http.HttpServlet.service(HttpServlet.java:764)
	at org.apache.catalina.core.ApplicationFilterChain.internalDoFilter(ApplicationFilterChain.java:227)
	at org.apache.catalina.core.ApplicationFilterChain.doFilter(ApplicationFilterChain.java:162)
	at org.apache.tomcat.websocket.server.WsFilter.doFilter(WsFilter.java:53)
	at org.apache.catalina.core.ApplicationFilterChain.internalDoFilter(ApplicationFilterChain.java:189)
	at org.apache.catalina.core.ApplicationFilterChain.doFilter(ApplicationFilterChain.java:162)
	at org.springframework.security.web.FilterChainProxy$VirtualFilterChain.doFilter(FilterChainProxy.java:327)
	at org.springframework.security.web.access.intercept.FilterSecurityInterceptor.invoke(FilterSecurityInterceptor.java:115)
	at org.springframework.security.web.access.intercept.FilterSecurityInterceptor.doFilter(FilterSecurityInterceptor.java:81)
	at org.springframework.security.web.FilterChainProxy$VirtualFilterChain.doFilter(FilterChainProxy.java:336)
	at org.springframework.security.web.access.ExceptionTranslationFilter.doFilter(ExceptionTranslationFilter.java:122)
	at org.springframework.security.web.access.ExceptionTranslationFilter.doFilter(ExceptionTranslationFilter.java:116)
	at org.springframework.security.web.FilterChainProxy$VirtualFilterChain.doFilter(FilterChainProxy.java:336)
	at org.springframework.security.web.session.SessionManagementFilter.doFilter(SessionManagementFilter.java:126)
	at org.springframework.security.web.session.SessionManagementFilter.doFilter(SessionManagementFilter.java:81)
	at org.springframework.security.web.FilterChainProxy$VirtualFilterChain.doFilter(FilterChainProxy.java:336)
	at org.springframework.security.web.authentication.AnonymousAuthenticationFilter.doFilter(AnonymousAuthenticationFilter.java:109)
	at org.springframework.security.web.FilterChainProxy$VirtualFilterChain.doFilter(FilterChainProxy.java:336)
	at org.springframework.security.web.servletapi.SecurityContextHolderAwareRequestFilter.doFilter(SecurityContextHolderAwareRequestFilter.java:149)
	at org.springframework.security.web.FilterChainProxy$VirtualFilterChain.doFilter(FilterChainProxy.java:336)
	at org.springframework.security.web.savedrequest.RequestCacheAwareFilter.doFilter(RequestCacheAwareFilter.java:63)
	at org.springframework.security.web.FilterChainProxy$VirtualFilterChain.doFilter(FilterChainProxy.java:336)
	at org.springframework.security.web.session.ConcurrentSessionFilter.doFilter(ConcurrentSessionFilter.java:147)
	at org.springframework.security.web.session.ConcurrentSessionFilter.doFilter(ConcurrentSessionFilter.java:125)
	at org.springframework.security.web.FilterChainProxy$VirtualFilterChain.doFilter(FilterChainProxy.java:336)
	at org.springframework.security.web.authentication.AbstractAuthenticationProcessingFilter.doFilter(AbstractAuthenticationProcessingFilter.java:219)
	at org.springframework.security.web.authentication.AbstractAuthenticationProcessingFilter.doFilter(AbstractAuthenticationProcessingFilter.java:213)
	at org.springframework.security.web.FilterChainProxy$VirtualFilterChain.doFilter(FilterChainProxy.java:336)
	at org.springframework.security.web.authentication.logout.LogoutFilter.doFilter(LogoutFilter.java:103)
	at org.springframework.security.web.authentication.logout.LogoutFilter.doFilter(LogoutFilter.java:89)
	at org.springframework.security.web.FilterChainProxy$VirtualFilterChain.doFilter(FilterChainProxy.java:336)
	at org.springframework.security.web.header.HeaderWriterFilter.doHeadersAfter(HeaderWriterFilter.java:90)
	at org.springframework.security.web.header.HeaderWriterFilter.doFilterInternal(HeaderWriterFilter.java:75)
	at org.springframework.web.filter.OncePerRequestFilter.doFilter(OncePerRequestFilter.java:119)
	at org.springframework.security.web.FilterChainProxy$VirtualFilterChain.doFilter(FilterChainProxy.java:336)
	at org.springframework.security.web.context.SecurityContextPersistenceFilter.doFilter(SecurityContextPersistenceFilter.java:110)
	at org.springframework.security.web.context.SecurityContextPersistenceFilter.doFilter(SecurityContextPersistenceFilter.java:80)
	at org.springframework.security.web.FilterChainProxy$VirtualFilterChain.doFilter(FilterChainProxy.java:336)
	at org.springframework.security.web.context.request.async.WebAsyncManagerIntegrationFilter.doFilterInternal(WebAsyncManagerIntegrationFilter.java:55)
	at org.springframework.web.filter.OncePerRequestFilter.doFilter(OncePerRequestFilter.java:119)
	at org.springframework.security.web.FilterChainProxy$VirtualFilterChain.doFilter(FilterChainProxy.java:336)
	at org.spr[2025-02-13T13:24:59.6633622] Attempting to download learning path from URL: http://localhost:8000/learning_path/1/56
ingframework.security.web.FilterChainProxy.doFilterInternal(FilterChainProxy.java:211)
	at org.springframework.security.web.FilterChainProxy.doFilter(FilterChainProxy.java:183)
	at org.springframework.web.filter.DelegatingFilterProxy.invokeDelegate(DelegatingFilterProxy.java:358)
	at org.springframework.web.filter.DelegatingFilterProxy.doFilter(DelegatingFilterProxy.java:271)
	at org.apache.catalina.core.ApplicationFilterChain.internalDoFilter(ApplicationFilterChain.java:189)
	at org.apache.catalina.core.ApplicationFilterChain.doFilter(ApplicationFilterChain.java:162)
	at org.springframework.web.filter.RequestContextFilter.doFilterInternal(RequestContextFilter.java:100)
	at org.springframework.web.filter.OncePerRequestFilter.doFilter(OncePerRequestFilter.java:119)
	at org.apache.catalina.core.ApplicationFilterChain.internalDoFilter(ApplicationFilterChain.java:189)
	at org.apache.catalina.core.ApplicationFilterChain.doFilter(ApplicationFilterChain.java:162)
	at org.springframework.web.filter.FormContentFilter.doFilterInternal(FormContentFilter.java:93)
	at org.springframework.web.filter.OncePerRequestFilter.doFilter(OncePerRequestFilter.java:119)
	at org.apache.catalina.core.ApplicationFilterChain.internalDoFilter(ApplicationFilterChain.java:189)
	at org.apache.catalina.core.ApplicationFilterChain.doFilter(ApplicationFilterChain.java:162)
	at org.springframework.web.filter.CharacterEncodingFilter.doFilterInternal(CharacterEncodingFilter.java:201)
	at org.springframework.web.filter.OncePerRequestFilter.doFilter(OncePerRequestFilter.java:119)
	at org.apache.catalina.core.ApplicationFilterChain.internalDoFilter(ApplicationFilterChain.java:189)
	at org.apache.catalina.core.ApplicationFilterChain.doFilter(ApplicationFilterChain.java:162)
	at org.apache.catalina.core.StandardWrapperValve.invoke(StandardWrapperValve.java:197)
	at org.apache.catalina.core.StandardContextValve.invoke(StandardContextValve.java:97)
	at org.apache.catalina.authenticator.AuthenticatorBase.invoke(AuthenticatorBase.java:540)
	at org.apache.catalina.core.StandardHostValve.invoke(StandardHostValve.java:135)
	at org.apache.catalina.valves.ErrorReportValve.invoke(ErrorReportValve.java:92)
	at org.apache.catalina.core.StandardEngineValve.invoke(StandardEngineValve.java:78)
	at org.apache.catalina.connector.CoyoteAdapter.service(CoyoteAdapter.java:357)
	at org.apache.coyote.http11.Http11Processor.service(Http11Processor.java:382)
	at org.apache.coyote.AbstractProcessorLight.process(AbstractProcessorLight.java:65)
	at org.apache.coyote.AbstractProtocol$ConnectionHandler.process(AbstractProtocol.java:895)
	at org.apache.tomcat.util.net.NioEndpoint$SocketProcessor.doRun(NioEndpoint.java:1722)
	at org.apache.tomcat.util.net.SocketProcessorBase.run(SocketProcessorBase.java:49)
	at org.apache.tomcat.util.threads.ThreadPoolExecutor.runWorker(ThreadPoolExecutor.java:1191)
	at org.apache.tomcat.util.threads.ThreadPoolExecutor$Worker.run(ThreadPoolExecutor.java:659)
	at org.apache.tomcat.util.threads.TaskThread$WrappingRunnable.run(TaskThread.java:61)
	at java.base/java.lang.Thread.run(Thread.java:840)

ngframework.security.web.FilterChainProxy.doFilterInternal(FilterChainProxy.java:211)
	at org.springframework.security.web.FilterChainProxy.doFilter(FilterChainProxy.java:183)
	at org.springframework.web.filter.DelegatingFilterProxy.invokeDelegate(DelegatingFilterProxy.java:358)
	at org.springframework.web.filter.DelegatingFilterProxy.doFilter(DelegatingFilterProxy.java:271)
	at org.apache.catalina.core.ApplicationFilterChain.internalDoFilter(ApplicationFilterChain.java:189)
	at org.apache.catalina.core.ApplicationFilterChain.doFilter(ApplicationFilterChain.java:162)
	at org.springframework.web.filter.RequestContextFilter.doFilterInternal(RequestContextFilter.java:100)
	at org.springframework.web.filter.OncePerRequestFilter.doFilter(OncePerRequestFilter.java:119)
	at org.apache.catalina.core.ApplicationFilterChain.internalDoFilter(ApplicationFilterChain.java:189)
	at org.apache.catalina.core.ApplicationFilterChain.doFilter(ApplicationFilterChain.java:162)
	at org.springframework.web.filter.FormContentFilter.doFilterInternal(FormContentFilter.java:93)
	at org.springframework.web.filter.OncePerRequestFilter.doFilter(OncePerRequestFilter.java:119)
	at org.apache.catalina.core.ApplicationFilterChain.internalDoFilter(ApplicationFilterChain.java:189)
	at org.apache.catalina.core.ApplicationFilterChain.doFilter(ApplicationFilterChain.java:162)
	at org.springframework.web.filter.CharacterEncodingFilter.doFilterInternal(CharacterEncodingFilter.java:201)
	at org.springframework.web.filter.OncePerRequestFilter.doFilter(OncePerRequestFilter.java:119)
	at org.apache.catalina.core.ApplicationFilterChain.internalDoFilter(ApplicationFilterChain.java:189)
	at org.apache.catalina.core.ApplicationFilterChain.doFilter(ApplicationFilterChain.java:162)
	at org.apache.catalina.core.StandardWrapperValve.invoke(StandardWrapperValve.java:197)
	at org.apache.catalina.core.StandardContextValve.invoke(StandardContextValve.java:97)
	at org.apache.catalina.authenticator.AuthenticatorBase.invoke(AuthenticatorBase.java:540)
	at org.apache.catalina.core.StandardHostValve.invoke(StandardHostValve.java:135)
	at org.apache.catalina.valves.ErrorReportValve.invoke(ErrorReportValve.java:92)
	at org.apache.catalina.core.StandardEngineValve.invoke(StandardEngineValve.java:78)
	at org.apache.catalina.connector.CoyoteAdapter.service(CoyoteAdapter.java:357)
	at org.apache.coyote.http11.Http11Processor.service(Http11Processor.java:382)
	at org.apache.coyote.AbstractProcessorLight.process(AbstractProcessorLight.java:65)
	at org.apache.coyote.AbstractProtocol$ConnectionHandler.process(AbstractProtocol.java:895)
	at org.apache.tomcat.util.net.NioEndpoint$SocketProcessor.doRun(NioEndpoint.java:1722)
	at org.apache.tomcat.util.net.SocketProcessorBase.run(SocketProcessorBase.java:49)
	at org.apache.tomcat.util.threads.ThreadPoolExecutor.runWorker(ThreadPoolExecutor.java:1191)
	at org.apache.tomcat.util.threads.ThreadPoolExecutor$Worker.run(ThreadPoolExecutor.java:659)
	at org.apache.tomcat.util.threads.TaskThread$WrappingRunnable.run(TaskThread.java:61)
	at java.base/java.lang.Thread.run(Thread.java:840)

ingframework.security.web.FilterChainProxy.doFilterInternal(FilterChainProxy.java:211)
	at org.springframework.security.web.FilterChainProxy.doFilter(FilterChainProxy.java:183)
	at org.springframework.web.filter.DelegatingFilterProxy.invokeDelegate(DelegatingFilterProxy.java:358)
	at org.springframework.web.filter.DelegatingFilterProxy.doFilter(DelegatingFilterProxy.java:271)
	at org.apache.catalina.core.ApplicationFilterChain.internalDoFilter(ApplicationFilterChain.java:189)
	at org.apache.catalina.core.ApplicationFilterChain.doFilter(ApplicationFilterChain.java:162)
	at org.springframework.web.filter.RequestContextFilter.doFilterInternal(RequestContextFilter.java:100)
	at org.springframework.web.filter.OncePerRequestFilter.doFilter(OncePerRequestFilter.java:119)
	at org.apache.catalina.core.ApplicationFilterChain.internalDoFilter(ApplicationFilterChain.java:189)
	at org.apache.catalina.core.ApplicationFilterChain.doFilter(ApplicationFilterChain.java:162)
	at org.springframework.web.filter.FormContentFilter.doFilterInternal(FormContentFilter.java:93)
	at org.springframework.web.filter.OncePerRequestFilter.doFilter(OncePerRequestFilter.java:119)
	at org.apache.catalina.core.ApplicationFilterChain.internalDoFilter(ApplicationFilterChain.java:189)
	at org.apache.catalina.core.ApplicationFilterChain.doFilter(ApplicationFilterChain.java:162)
	at org.springframework.web.filter.CharacterEncodingFilter.doFilterInternal(CharacterEncodingFilter.java:201)
	at org.springframework.web.filter.OncePerRequestFilter.doFilter(OncePerRequestFilter.java:119)
	at org.apache.catalina.core.ApplicationFilterChain.internalDoFilter(ApplicationFilterChain.java:189)
	at org.apache.catalina.core.ApplicationFilterChain.doFilter(ApplicationFilterChain.java:162)
	at org.apache.catalina.core.StandardWrapperValve.invoke(StandardWrapperValve.java:197)
	at org.apache.catalina.core.StandardContextValve.invoke(StandardContextValve.java:97)
	at org.apache.catalina.authenticator.AuthenticatorBase.invoke(AuthenticatorBase.java:540)
	at org.apache.catalina.core.StandardHostValve.invoke(StandardHostValve.java:135)
	at org.apache.catalina.valves.ErrorReportValve.invoke(ErrorReportValve.java:92)
	at org.apache.catalina.core.StandardEngineValve.invoke(StandardEngineValve.java:78)
	at org.apache.catalina.connector.CoyoteAdapter.service(CoyoteAdapter.java:357)
	at org.apache.coyote.http11.Http11Processor.service(Http11Processor.java:382)
	at org.apache.coyote.AbstractProcessorLight.process(AbstractProcessorLight.java:65)
	at org.apache.coyote.AbstractProtocol$ConnectionHandler.process(AbstractProtocol.java:895)
	at org.apache.tomcat.util.net.NioEndpoint$SocketProcessor.doRun(NioEndpoint.java:1722)
	at org.apache.tomcat.util.net.SocketProcessorBase.run(SocketProcessorBase.java:49)
	at org.apache.tomcat.util.threads.ThreadPoolExecutor.runWorker(ThreadPoolExecutor.java:1191)
	at org.apache.tomcat.util.threads.ThreadPoolExecutor$Worker.run(ThreadPoolExecutor.java:659)
	at org.apache.tomcat.util.threads.TaskThread$WrappingRunnable.run(TaskThread.java:61)
	at java.base/java.lang.Thread.run(Thread.java:840)

[2025-02-13T13:24:59.6633622] Attempting to download learning path from URL: http://localhost:8000/learning_path/1/56
ingframework.security.web.FilterChainProxy.doFilterInternal(FilterChainProxy.java:211)
	at org.springframework.security.web.FilterChainProxy.doFilter(FilterChainProxy.java:183)
	at org.springframework.web.filter.DelegatingFilterProxy.invokeDelegate(DelegatingFilterProxy.java:358)
	at org.springframework.web.filter.DelegatingFilterProxy.doFilter(DelegatingFilterProxy.java:271)
	at org.apache.catalina.core.ApplicationFilterChain.internalDoFilter(ApplicationFilterChain.java:189)
	at org.apache.catalina.core.ApplicationFilterChain.doFilter(ApplicationFilterChain.java:162)
	at org.springframework.web.filter.RequestContextFilter.doFilterInternal(RequestContextFilter.java:100)
	at org.springframework.web.filter.OncePerRequestFilter.doFilter(OncePerRequestFilter.java:119)
	at org.apache.catalina.core.ApplicationFilterChain.internalDoFilter(ApplicationFilterChain.java:189)
	at org.apache.catalina.core.ApplicationFilterChain.doFilter(ApplicationFilterChain.java:162)
	at org.springframework.web.filter.FormContentFilter.doFilterInternal(FormContentFilter.java:93)
	at org.springframework.web.filter.OncePerRequestFilter.doFilter(OncePerRequestFilter.java:119)
	at org.apache.catalina.core.ApplicationFilterChain.internalDoFilter(ApplicationFilterChain.java:189)
	at org.apache.catalina.core.ApplicationFilterChain.doFilter(ApplicationFilterChain.java:162)
	at org.springframework.web.filter.CharacterEncodingFilter.doFilterInternal(CharacterEncodingFilter.java:201)
	at org.springframework.web.filter.OncePerRequestFilter.doFilter(OncePerRequestFilter.java:119)
	at org.apache.catalina.core.ApplicationFilterChain.internalDoFilter(ApplicationFilterChain.java:189)
	at org.apache.catalina.core.ApplicationFilterChain.doFilter(ApplicationFilterChain.java:162)
	at org.apache.catalina.core.StandardWrapperValve.invoke(StandardWrapperValve.java:197)
	at org.apache.catalina.core.StandardContextValve.invoke(StandardContextValve.java:97)
	at org.apache.catalina.authenticator.AuthenticatorBase.invoke(AuthenticatorBase.java:540)
	at org.apache.catalina.core.StandardHostValve.invoke(StandardHostValve.java:135)
	at org.apache.catalina.valves.ErrorReportValve.invoke(ErrorReportValve.java:92)
	at org.apache.catalina.core.StandardEngineValve.invoke(StandardEngineValve.java:78)
	at org.apache.catalina.connector.CoyoteAdapter.service(CoyoteAdapter.java:357)
	at org.apache.coyote.http11.Http11Processor.service(Http11Processor.java:382)
	at org.apache.coyote.AbstractProcessorLight.process(AbstractProcessorLight.java:65)
	at org.apache.coyote.AbstractProtocol$ConnectionHandler.process(AbstractProtocol.java:895)
	at org.apache.tomcat.util.net.NioEndpoint$SocketProcessor.doRun(NioEndpoint.java:1722)
	at org.apache.tomcat.util.net.SocketProcessorBase.run(SocketProcessorBase.java:49)
	at org.apache.tomcat.util.threads.ThreadPoolExecutor.runWorker(ThreadPoolExecutor.java:1191)
	at org.apache.tomcat.util.threads.ThreadPoolExecutor$Worker.run(ThreadPoolExecutor.java:659)
	at org.apache.tomcat.util.threads.TaskThread$WrappingRunnable.run(TaskThread.java:61)
	at java.base/java.lang.Thread.run(Thread.java:840)

[2025-02-13T13:24:59.6633622] Attempting to download learning path from URL: http://localhost:8000/learning_path/1/56
[2025-02-13T13:24:59.6658016] Target save location: C:\Users\mdfar\OneDrive\Desktop\withfeedback\registration-login-spring-boot-security-thymeleaf\src\main\resources\static\data\data\learning_paths\1_56_path.json
[2025-02-13T13:24:59.6658016] Target save location: C:\Users\mdfar\OneDrive\Desktop\withfeedback\registration-login-spring-boot-security-thymeleaf\src\main\resources\static\data\data\learning_paths\1_56_path.json
[2025-02-13T13:24:59.6658016] Target save location: C:\Users\mdfar\OneDrive\Desktop\withfeedback\registration-login-spring-boot-security-thymeleaf\src\main\resources\static\data\data\learning_paths\1_56_path.json
[2025-02-13T13:24:59.6673204] Attempting to download learning path from URL: http://localhost:8000/learning_path/1/56
[2025-02-13T13:24:59.6678277] Detailed error downloading learning path for user 1, course 56:
[2025-02-13T13:24:59.6678277] Attempting to download learning path from URL: http://localhost:8000/learning_path/1/56
[2025-02-13T13:24:59.669873] Attempting to download learning path from URL: http://localhost:8000/learning_path/1/56
[2025-02-13T13:24:59.669873] Detailed error downloading learning path for user 1, course 56:
[2025-02-13T13:24:59.669873] Target save location: C:\Users\mdfar\OneDrive\Desktop\withfeedback\registration-login-spring-boot-security-thymeleaf\src\main\resources\static\data\data\learning_paths\1_56_path.json
[2025-02-13T13:24:59.669873] Detailed error downloading learning path for user 1, course 56:
[2025-02-13T13:24:59.669873] Attempting to download learning path from URL: http://localhost:8000/learning_path/1/56
[2025-02-13T13:24:59.669873] Target save location: C:\Users\mdfar\OneDrive\Desktop\withfeedback\registration-login-spring-boot-security-thymeleaf\src\main\resources\static\data\data\learning_paths\1_56_path.json
[2025-02-13T13:24:59.669873] Error message: Connection refused: connect
[2025-02-13T13:24:59.6718202] Target save location: C:\Users\mdfar\OneDrive\Desktop\withfeedback\registration-login-spring-boot-security-thymeleaf\src\main\resources\static\data\data\learning_paths\1_56_path.json
[2025-02-13T13:24:59.6718202] Error message: Connection refused: connect
[2025-02-13T13:24:59.6728307] Error message: Connection refused: connect
[2025-02-13T13:24:59.6728307] Error type: java.net.ConnectException
[2025-02-13T13:24:59.6728307] Target save location: C:\Users\mdfar\OneDrive\Desktop\withfeedback\registration-login-spring-boot-security-thymeleaf\src\main\resources\static\data\data\learning_paths\1_56_path.json
[2025-02-13T13:24:59.6728307] Detailed error downloading learning path for user 1, course 56:
[2025-02-13T13:24:59.6738291] Detailed error downloading learning path for user 1, course 56:
[2025-02-13T13:24:59.6738291] Detailed error downloading learning path for user 1, course 56:
[2025-02-13T13:24:59.6738291] Error type: java.net.ConnectException
[2025-02-13T13:24:59.6738291] Error type: java.net.ConnectException
[2025-02-13T13:24:59.675339] Error message: Connection refused: connect
[2025-02-13T13:24:59.675339] Full error stack trace:
[2025-02-13T13:24:59.675339] Error message: Connection refused: connect
[2025-02-13T13:24:59.676346] Detailed error downloading learning path for user 1, course 56:
[2025-02-13T13:24:59.676346] Full error stack trace:
[2025-02-13T13:24:59.676346] Error message: Connection refused: connect
[2025-02-13T13:24:59.6778533] Error type: java.net.ConnectException
[2025-02-13T13:24:59.6778533] Full error stack trace:
[2025-02-13T13:24:59.6778533] Error type: java.net.ConnectException
[2025-02-13T13:24:59.6778533] java.net.ConnectException: Connection refused: connect
	at java.base/sun.nio.ch.Net.connect0(Native Method)
	at java.base/sun.nio.ch.Net.connect(Net.java:579)
	at java.base/sun.nio.ch.Net.connect(Net.java:568)
	at java.base/sun.nio.ch.NioSocketImpl.connect(NioSocketImpl.java:593)
	at java.base/java.net.Socket.connect(Socket.java:633)
	at java.base/java.net.Socket.connect(Socket.java:583)
	at java.base/sun.net.NetworkClient.doConnect(NetworkClient.java:183)
	at java.base/sun.net.www.http.HttpClient.openServer(HttpClient.java:533)
	at java.base/sun.net.www.http.HttpClient.openServer(HttpClient.java:638)
	at java.base/sun.net.www.http.HttpClient.<init>(HttpClient.java:281)
	at java.base/sun.net.www.http.HttpClient.New(HttpClient.java:386)
	at java.base/sun.net.www.http.HttpClient.New(HttpClient.java:408)
	at java.base/sun.net.www.protocol.http.HttpURLConnection.getNewHttpClient(HttpURLConnection.java:1309)
	at java.base/sun.net.www.protocol.http.HttpURLConnection.plainConnect0(HttpURLConnection.java:1242)
	at java.base/sun.net.www.protocol.http.HttpURLConnection.plainConnect(HttpURLConnection.java:1128)
	at java.base/sun.net.www.protocol.http.HttpURLConnection.connect(HttpURLConnection.java:1057)
	at java.base/sun.net.www.protocol.http.HttpURLConnection.getInputStream0(HttpURLConnection.java:1665)
	at java.base/sun.net.www.protocol.http.HttpURLConnection.getInputStream(HttpURLConnection.java:1589)
	at java.base/java.net.URL.openStream(URL.java:1161)
	at com.example.demo.service.LearningPathVerificationService.downloadLearningPath(LearningPathVerificationService.java:91)
	at com.example.demo.service.LearningPathVerificationService.verifyAndFetchLearningPaths(LearningPathVerificationService.java:194)
	at com.example.demo.web.LearningPathController.verifyLearningPaths(LearningPathController.java:45)
	at java.base/jdk.internal.reflect.NativeMethodAccessorImpl.invoke0(Native Method)
	at java.base/jdk.internal.reflect.NativeMethodAccessorImpl.invoke(NativeMethodAccessorImpl.java:77)
	at java.base/jdk.internal.reflect.DelegatingMethodAccessorImpl.invoke(DelegatingMethodAccessorImpl.java:43)
	at java.base/java.lang.reflect.Method.invoke(Method.java:568)
	at org.springframework.web.method.support.InvocableHandlerMethod.doInvoke(InvocableHandlerMethod.java:205)
	at org.springframework.web.method.support.InvocableHandlerMethod.invokeForRequest(InvocableHandlerMethod.java:150)
	at org.springframework.web.servlet.mvc.method.annotation.ServletInvocableHandlerMethod.invokeAndHandle(ServletInvocableHandlerMethod.java:117)
	at org.springframework.web.servlet.mvc.method.annotation.RequestMappingHandlerAdapter.invokeHandlerMethod(RequestMappingHandlerAdapter.java:895)
	at org.springframework.web.servlet.mvc.method.annotation.RequestMappingHandlerAdapter.handleInternal(RequestMappingHandlerAdapter.java:808)
	at org.springframework.web.servlet.mvc.method.AbstractHandlerMethodAdapter.handle(AbstractHandlerMethodAdapter.java:87)
	at org.springframework.web.servlet.DispatcherServlet.doDispatch(DispatcherServlet.java:1067)
	at org.springframework.web.servlet.DispatcherServlet.doService(DispatcherServlet.java:963)
	at org.springframework.web.servlet.FrameworkServlet.processRequest(FrameworkServlet.java:1006)
	at org.springframework.web.servlet.FrameworkServlet.doPost(FrameworkServlet.java:909)
	at javax.servlet.http.HttpServlet.service(HttpServlet.java:681)
	at org.springframework.web.servlet.FrameworkServlet.service(FrameworkServlet.java:883)
	at javax.servlet.http.HttpServlet.service(HttpServlet.java:764)
	at org.apache.catalina.core.ApplicationFilterChain.internalDoFilter(ApplicationFilterChain.java:227)
	at org.apache.catalina.core.ApplicationFilterChain.doFilter(ApplicationFilterChain.java:162)
	at org.apache.tomcat.websocket.server.WsFilter.doFilter(WsFilter.java:53)
	at org.apache.catalina.core.ApplicationFilterChain.internalDoFilter(ApplicationFilterChain.java:189)
	at org.apache.catalina.core.ApplicationFilterChain.doFilter(ApplicationFilterChain.java:162)
	at org.springframework.security.web.FilterChainProxy$VirtualFilterChain.doFilter(FilterChainProxy.java:327)
	at org.springframework.security.web.access.intercept.FilterSecurityInterceptor.invoke(FilterSecurityInterceptor.java:115)
	at org.springframework.security.web.access.intercept.FilterSecurityInterceptor.doFilter(FilterSecurityInterceptor.java:81)
	at org.springframework.security.web.FilterChainProxy$VirtualFilterChain.doFilter(FilterChainProxy.java:336)
	at org.springframework.security.web.access.ExceptionTranslationFilter.doFilter(ExceptionTranslationFilter.java:122)
	at org.springframework.security.web.access.ExceptionTranslationFilter.doFilter(ExceptionTranslationFilter.java:116)
	at org.springframework.security.web.FilterChainProxy$VirtualFilterChain.doFilter(FilterChainProxy.java:336)
	at org.springframework.security.web.session.SessionManagementFilter.doFilter(SessionManagementFilter.java:126)
	at org.springframework.security.web.session.SessionManagementFilter.doFilter(SessionManagementFilter.java:81)
	at org.springframework.security.web.FilterChainProxy$VirtualFilterChain.doFilter(FilterChainProxy.java:336)
	at org.springframework.security.web.authentication.AnonymousAuthenticationFilter.doFilter(AnonymousAuthenticationFilter.java:109)
	at org.springframework.security.web.FilterChainProxy$VirtualFilterChain.doFilter(FilterChainProxy.java:336)
	at org.springframework.security.web.servletapi.SecurityContextHolderAwareRequestFilter.doFilter(SecurityContextHolderAwareRequestFilter.java:149)
	at org.springframework.security.web.FilterChainProxy$VirtualFilterChain.doFilter(FilterChainProxy.java:336)
	at org.springframework.security.web.savedrequest.RequestCacheAwareFilter.doFilter(RequestCacheAwareFilter.java:63)
	at org.springframework.security.web.FilterChainProxy$VirtualFilterChain.doFilter(FilterChainProxy.java:336)
	at org.springframework.security.web.session.ConcurrentSessionFilter.doFilter(ConcurrentSessionFilter.java:147)
	at org.springframework.security.web.session.ConcurrentSessionFilter.doFilter(ConcurrentSessionFilter.java:125)
	at org.springframework.security.web.FilterChainProxy$VirtualFilterChain.doFilter(FilterChainProxy.java:336)
	at org.springframework.security.web.authentication.AbstractAuthenticationProcessingFilter.doFilter(AbstractAuthenticationProcessingFilter.java:219)
	at org.springframework.security.web.authentication.AbstractAuthenticationProcessingFilter.doFilter(AbstractAuthenticationProcessingFilter.java:213)
	at org.springframework.security.web.FilterChainProxy$VirtualFilterChain.doFilter(FilterChainProxy.java:336)
	at org.springframework.security.web.authentication.logout.LogoutFilter.doFilter(LogoutFilter.java:103)
	at org.springframework.security.web.authentication.logout.LogoutFilter.doFilter(LogoutFilter.java:89)
	at org.springframework.security.web.FilterChainProxy$VirtualFilterChain.doFilter(FilterChainProxy.java:336)
	at org.springframework.security.web.header.HeaderWriterFilter.doHeadersAfter(HeaderWriterFilter.java:90)
	at org.springframework.security.web.header.HeaderWriterFilter.doFilterInternal(HeaderWriterFilter.java:75)
	at org.springframework.web.filter.OncePerRequestFilter.doFilter(OncePerRequestFilter.java:119)
	at org.springframework.security.web.FilterChainProxy$VirtualFilterChain.doFilter(FilterChainProxy.java:336)
	at org.springframework.security.web.context.SecurityContextPersistenceFilter.doFilter(SecurityContextPersistenceFilter.java:110)
	at org.springframework.security.web.context.SecurityContextPersistenceFilter.doFilter(SecurityContextPersistenceFilter.java:80)
	at org.springframework.security.web.FilterChainProxy$VirtualFilterChain.doFilter(FilterChainProxy.java:336)
	at org.springframework.security.web.context.request.async.WebAsyncManagerIntegrationFilter.doFilterInternal(WebAsyncManagerIntegrationFilter.java:55)
	at org.springframework.web.filter.OncePerRequestFilter.doFilter(OncePerRequestFilter.java:119)
	at org.springframework.security.web.FilterChainProxy$VirtualFilterChain.doFilter(FilterChainProxy.java:336)
	at org.spr[2025-02-13T13:24:59.6778533] Error message: Connection refused: connect
ingframework.security.web.FilterChainProxy.doFilterInternal(FilterChainProxy.java:211)
	at org.springframework.security.web.FilterChainProxy.doFilter(FilterChainProxy.java:183)
	at org.springframework.web.filter.DelegatingFilterProxy.invokeDelegate(DelegatingFilterProxy.java:358)
	at org.springframework.web.filter.DelegatingFilterProxy.doFilter(DelegatingFilterProxy.java:271)
	at org.apache.catalina.core.ApplicationFilterChain.internalDoFilter(ApplicationFilterChain.java:189)
	at org.apache.catalina.core.ApplicationFilterChain.doFilter(ApplicationFilterChain.java:162)
	at org.springframework.web.filter.RequestContextFilter.doFilterInternal(RequestContextFilter.java:100)
	at org.springframework.web.filter.OncePerRequestFilter.doFilter(OncePerRequestFilter.java:119)
	at org.apache.catalina.core.ApplicationFilterChain.internalDoFilter(ApplicationFilterChain.java:189)
	at org.apache.catalina.core.ApplicationFilterChain.doFilter(ApplicationFilterChain.java:162)
	at org.springframework.web.filter.FormContentFilter.doFilterInternal(FormContentFilter.java:93)
	at org.springframework.web.filter.OncePerRequestFilter.doFilter(OncePerRequestFilter.java:119)
	at org.apache.catalina.core.ApplicationFilterChain.internalDoFilter(ApplicationFilterChain.java:189)
	at org.apache.catalina.core.ApplicationFilterChain.doFilter(ApplicationFilterChain.java:162)
	at org.springframework.web.filter.CharacterEncodingFilter.doFilterInternal(CharacterEncodingFilter.java:201)
	at org.springframework.web.filter.OncePerRequestFilter.doFilter(OncePerRequestFilter.java:119)
	at org.apache.catalina.core.ApplicationFilterChain.internalDoFilter(ApplicationFilterChain.java:189)
	at org.apache.catalina.core.ApplicationFilterChain.doFilter(ApplicationFilterChain.java:162)
	at org.apache.catalina.core.StandardWrapperValve.invoke(StandardWrapperValve.java:197)
	at org.apache.catalina.core.StandardContextValve.invoke(StandardContextValve.java:97)
	at org.apache.catalina.authenticator.AuthenticatorBase.invoke(AuthenticatorBase.java:540)
	at org.apache.catalina.core.StandardHostValve.invoke(StandardHostValve.java:135)
	at org.apache.catalina.valves.ErrorReportValve.invoke(ErrorReportValve.java:92)
	at org.apache.catalina.core.StandardEngineValve.invoke(StandardEngineValve.java:78)
	at org.apache.catalina.connector.CoyoteAdapter.service(CoyoteAdapter.java:357)
	at org.apache.coyote.http11.Http11Processor.service(Http11Processor.java:382)
	at org.apache.coyote.AbstractProcessorLight.process(AbstractProcessorLight.java:65)
	at org.apache.coyote.AbstractProtocol$ConnectionHandler.process(AbstractProtocol.java:895)
	at org.apache.tomcat.util.net.NioEndpoint$SocketProcessor.doRun(NioEndpoint.java:1722)
	at org.apache.tomcat.util.net.SocketProcessorBase.run(SocketProcessorBase.java:49)
	at org.apache.tomcat.util.threads.ThreadPoolExecutor.runWorker(ThreadPoolExecutor.java:1191)
	at org.apache.tomcat.util.threads.ThreadPoolExecutor$Worker.run(ThreadPoolExecutor.java:659)
	at org.apache.tomcat.util.threads.TaskThread$WrappingRunnable.run(TaskThread.java:61)
	at java.base/java.lang.Thread.run(Thread.java:840)

[2025-02-13T13:24:59.6795281] Error type: java.net.ConnectException
[2025-02-13T13:24:59.6795281] java.net.ConnectException: Connection refused: connect
	at java.base/sun.nio.ch.Net.connect0(Native Method)
	at java.base/sun.nio.ch.Net.connect(Net.java:579)
	at java.base/sun.nio.ch.Net.connect(Net.java:568)
	at java.base/sun.nio.ch.NioSocketImpl.connect(NioSocketImpl.java:593)
	at java.base/java.net.Socket.connect(Socket.java:633)
	at java.base/java.net.Socket.connect(Socket.java:583)
	at java.base/sun.net.NetworkClient.doConnect(NetworkClient.java:183)
	at java.base/sun.net.www.http.HttpClient.openServer(HttpClient.java:533)
	at java.base/sun.net.www.http.HttpClient.openServer(HttpClient.java:638)
	at java.base/sun.net.www.http.HttpClient.<init>(HttpClient.java:281)
	at java.base/sun.net.www.http.HttpClient.New(HttpClient.java:386)
	at java.base/sun.net.www.http.HttpClient.New(HttpClient.java:408)
	at java.base/sun.net.www.protocol.http.HttpURLConnection.getNewHttpClient(HttpURLConnection.java:1309)
	at java.base/sun.net.www.protocol.http.HttpURLConnection.plainConnect0(HttpURLConnection.java:1242)
	at java.base/sun.net.www.protocol.http.HttpURLConnection.plainConnect(HttpURLConnection.java:1128)
	at java.base/sun.net.www.protocol.http.HttpURLConnection.connect(HttpURLConnection.java:1057)
	at java.base/sun.net.www.protocol.http.HttpURLConnection.getInputStream0(HttpURLConnection.java:1665)
	at java.base/sun.net.www.protocol.http.HttpURLConnection.getInputStream(HttpURLConnection.java:1589)
	at java.base/java.net.URL.openStream(URL.java:1161)
	at com.example.demo.service.LearningPathVerificationService.downloadLearningPath(LearningPathVerificationService.java:91)
	at com.example.demo.service.LearningPathVerificationService.verifyAndFetchLearningPaths(LearningPathVerificationService.java:194)
	at com.example.demo.web.LearningPathController.verifyLearningPaths(LearningPathController.java:45)
	at java.base/jdk.internal.reflect.NativeMethodAccessorImpl.invoke0(Native Method)
	at java.base/jdk.internal.reflect.NativeMethodAccessorImpl.invoke(NativeMethodAccessorImpl.java:77)
	at java.base/jdk.internal.reflect.DelegatingMethodAccessorImpl.invoke(DelegatingMethodAccessorImpl.java:43)
	at java.base/java.lang.reflect.Method.invoke(Method.java:568)
	at org.springframework.web.method.support.InvocableHandlerMethod.doInvoke(InvocableHandlerMethod.java:205)
	at org.springframework.web.method.support.InvocableHandlerMethod.invokeForRequest(InvocableHandlerMethod.java:150)
	at org.springframework.web.servlet.mvc.method.annotation.ServletInvocableHandlerMethod.invokeAndHandle(ServletInvocableHandlerMethod.java:117)
	at org.springframework.web.servlet.mvc.method.annotation.RequestMappingHandlerAdapter.invokeHandlerMethod(RequestMappingHandlerAdapter.java:895)
	at org.springframework.web.servlet.mvc.method.annotation.RequestMappingHandlerAdapter.handleInternal(RequestMappingHandlerAdapter.java:808)
	at org.springframework.web.servlet.mvc.method.AbstractHandlerMethodAdapter.handle(AbstractHandlerMethodAdapter.java:87)
	at org.springframework.web.servlet.DispatcherServlet.doDispatch(DispatcherServlet.java:1067)
	at org.springframework.web.servlet.DispatcherServlet.doService(DispatcherServlet.java:963)
	at org.springframework.web.servlet.FrameworkServlet.processRequest(FrameworkServlet.java:1006)
	at org.springframework.web.servlet.FrameworkServlet.doPost(FrameworkServlet.java:909)
	at javax.servlet.http.HttpServlet.service(HttpServlet.java:681)
	at org.springframework.web.servlet.FrameworkServlet.service(FrameworkServlet.java:883)
	at javax.servlet.http.HttpServlet.service(HttpServlet.java:764)
	at org.apache.catalina.core.ApplicationFilterChain.internalDoFilter(ApplicationFilterChain.java:227)
	at org.apache.catalina.core.ApplicationFilterChain.doFilter(ApplicationFilterChain.java:162)
	at org.apache.tomcat.websocket.server.WsFilter.doFilter(WsFilter.java:53)
	at org.apache.catalina.core.ApplicationFilterChain.internalDoFilter(ApplicationFilterChain.java:189)
	at org.apache.catalina.core.ApplicationFilterChain.doFilter(ApplicationFilterChain.java:162)
	at org.springframework.security.web.FilterChainProxy$VirtualFilterChain.doFilter(FilterChainProxy.java:327)
	at org.springframework.security.web.access.intercept.FilterSecurityInterceptor.invoke(FilterSecurityInterceptor.java:115)
	at org.springframework.security.web.access.intercept.FilterSecurityInterceptor.doFilter(FilterSecurityInterceptor.java:81)
	at org.springframework.security.web.FilterChainProxy$VirtualFilterChain.doFilter(FilterChainProxy.java:336)
	at org.springframework.security.web.access.ExceptionTranslationFilter.doFilter(ExceptionTranslationFilter.java:122)
	at org.springframework.security.web.access.ExceptionTranslationFilter.doFilter(ExceptionTranslationFilter.java:116)
	at org.springframework.security.web.FilterChainProxy$VirtualFilterChain.doFilter(FilterChainProxy.java:336)
	at org.springframework.security.web.session.SessionManagementFilter.doFilter(SessionManagementFilter.java:126)
	at org.springframework.security.web.session.SessionManagementFilter.doFilter(SessionManagementFilter.java:81)
	at org.springframework.security.web.FilterChainProxy$VirtualFilterChain.doFilter(FilterChainProxy.java:336)
	at org.springframework.security.web.authentication.AnonymousAuthenticationFilter.doFilter(AnonymousAuthenticationFilter.java:109)
	at org.springframework.security.web.FilterChainProxy$VirtualFilterChain.doFilter(FilterChainProxy.java:336)
	at org.springframework.security.web.servletapi.SecurityContextHolderAwareRequestFilter.doFilter(SecurityContextHolderAwareRequestFilter.java:149)
	at org.springframework.security.web.FilterChainProxy$VirtualFilterChain.doFilter(FilterChainProxy.java:336)
	at org.springframework.security.web.savedrequest.RequestCacheAwareFilter.doFilter(RequestCacheAwareFilter.java:63)
	at org.springframework.security.web.FilterChainProxy$VirtualFilterChain.doFilter(FilterChainProxy.java:336)
	at org.springframework.security.web.session.ConcurrentSessionFilter.doFilter(ConcurrentSessionFilter.java:147)
	at org.springframework.security.web.session.ConcurrentSessionFilter.doFilter(ConcurrentSessionFilter.java:125)
	at org.springframework.security.web.FilterChainProxy$VirtualFilterChain.doFilter(FilterChainProxy.java:336)
	at org.springframework.security.web.authentication.AbstractAuthenticationProcessingFilter.doFilter(AbstractAuthenticationProcessingFilter.java:219)
	at org.springframework.security.web.authentication.AbstractAuthenticationProcessingFilter.doFilter(AbstractAuthenticationProcessingFilter.java:213)
	at org.springframework.security.web.FilterChainProxy$VirtualFilterChain.doFilter(FilterChainProxy.java:336)
	at org.springframework.security.web.authentication.logout.LogoutFilter.doFilter(LogoutFilter.java:103)
	at org.springframework.security.web.authentication.logout.LogoutFilter.doFilter(LogoutFilter.java:89)
	at org.springframework.security.web.FilterChainProxy$VirtualFilterChain.doFilter(FilterChainProxy.java:336)
	at org.springframework.security.web.header.HeaderWriterFilter.doHeadersAfter(HeaderWriterFilter.java:90)
	at org.springframework.security.web.header.HeaderWriterFilter.doFilterInternal(HeaderWriterFilter.java:75)
	at org.springframework.web.filter.OncePerRequestFilter.doFilter(OncePerRequestFilter.java:119)
	at org.springframework.security.web.FilterChainProxy$VirtualFilterChain.doFilter(FilterChainProxy.java:336)
	at org.springframework.security.web.context.SecurityContextPersistenceFilter.doFilter(SecurityContextPersistenceFilter.java:110)
	at org.springframework.security.web.context.SecurityContextPersistenceFilter.doFilter(SecurityContextPersistenceFilter.java:80)
	at org.springframework.security.web.FilterChainProxy$VirtualFilterChain.doFilter(FilterChainProxy.java:336)
	at org.springframework.security.web.context.request.async.WebAsyncManagerIntegrationFilter.doFilterInternal(WebAsyncManagerIntegrationFilter.java:55)
	at org.springframework.web.filter.OncePerRequestFilter.doFilter(OncePerRequestFilter.java:119)
	at org.springframework.security.web.FilterChainProxy$VirtualFilterChain.doFilter(FilterChainProxy.java:336)
	at org.spr[2025-02-13T13:24:59.6795281] Full error stack trace:
[2025-02-13T13:24:59.6795281] java.net.ConnectException: Connection refused: connect
	at java.base/sun.nio.ch.Net.connect0(Native Method)
	at java.base/sun.nio.ch.Net.connect(Net.java:579)
	at java.base/sun.nio.ch.Net.connect(Net.java:568)
	at java.base/sun.nio.ch.NioSocketImpl.connect(NioSocketImpl.java:593)
	at java.base/java.net.Socket.connect(Socket.java:633)
	at java.base/java.net.Socket.connect(Socket.java:583)
	at java.base/sun.net.NetworkClient.doConnect(NetworkClient.java:183)
	at java.base/sun.net.www.http.HttpClient.openServer(HttpClient.java:533)
	at java.base/sun.net.www.http.HttpClient.openServer(HttpClient.java:638)
	at java.base/sun.net.www.http.HttpClient.<init>(HttpClient.java:281)
	at java.base/sun.net.www.http.HttpClient.New(HttpClient.java:386)
	at java.base/sun.net.www.http.HttpClient.New(HttpClient.java:408)
	at java.base/sun.net.www.protocol.http.HttpURLConnection.getNewHttpClient(HttpURLConnection.java:1309)
	at java.base/sun.net.www.protocol.http.HttpURLConnection.plainConnect0(HttpURLConnection.java:1242)
	at java.base/sun.net.www.protocol.http.HttpURLConnection.plainConnect(HttpURLConnection.java:1128)
	at java.base/sun.net.www.protocol.http.HttpURLConnection.connect(HttpURLConnection.java:1057)
	at java.base/sun.net.www.protocol.http.HttpURLConnection.getInputStream0(HttpURLConnection.java:1665)
	at java.base/sun.net.www.protocol.http.HttpURLConnection.getInputStream(HttpURLConnection.java:1589)
	at java.base/java.net.URL.openStream(URL.java:1161)
	at com.example.demo.service.LearningPathVerificationService.downloadLearningPath(LearningPathVerificationService.java:91)
	at com.example.demo.service.LearningPathVerificationService.verifyAndFetchLearningPaths(LearningPathVerificationService.java:194)
	at com.example.demo.web.LearningPathController.verifyLearningPaths(LearningPathController.java:45)
	at java.base/jdk.internal.reflect.NativeMethodAccessorImpl.invoke0(Native Method)
	at java.base/jdk.internal.reflect.NativeMethodAccessorImpl.invoke(NativeMethodAccessorImpl.java:77)
	at java.base/jdk.internal.reflect.DelegatingMethodAccessorImpl.invoke(DelegatingMethodAccessorImpl.java:43)
	at java.base/java.lang.reflect.Method.invoke(Method.java:568)
	at org.springframework.web.method.support.InvocableHandlerMethod.doInvoke(InvocableHandlerMethod.java:205)
	at org.springframework.web.method.support.InvocableHandlerMethod.invokeForRequest(InvocableHandlerMethod.java:150)
	at org.springframework.web.servlet.mvc.method.annotation.ServletInvocableHandlerMethod.invokeAndHandle(ServletInvocableHandlerMethod.java:117)
	at org.springframework.web.servlet.mvc.method.annotation.RequestMappingHandlerAdapter.invokeHandlerMethod(RequestMappingHandlerAdapter.java:895)
	at org.springframework.web.servlet.mvc.method.annotation.RequestMappingHandlerAdapter.handleInternal(RequestMappingHandlerAdapter.java:808)
	at org.springframework.web.servlet.mvc.method.AbstractHandlerMethodAdapter.handle(AbstractHandlerMethodAdapter.java:87)
	at org.springframework.web.servlet.DispatcherServlet.doDispatch(DispatcherServlet.java:1067)
	at org.springframework.web.servlet.DispatcherServlet.doService(DispatcherServlet.java:963)
	at org.springframework.web.servlet.FrameworkServlet.processRequest(FrameworkServlet.java:1006)
	at org.springframework.web.servlet.FrameworkServlet.doPost(FrameworkServlet.java:909)
	at javax.servlet.http.HttpServlet.service(HttpServlet.java:681)
	at org.springframework.web.servlet.FrameworkServlet.service(FrameworkServlet.java:883)
	at javax.servlet.http.HttpServlet.service(HttpServlet.java:764)
	at org.apache.catalina.core.ApplicationFilterChain.internalDoFilter(ApplicationFilterChain.java:227)
	at org.apache.catalina.core.ApplicationFilterChain.doFilter(ApplicationFilterChain.java:162)
	at org.apache.tomcat.websocket.server.WsFilter.doFilter(WsFilter.java:53)
	at org.apache.catalina.core.ApplicationFilterChain.internalDoFilter(ApplicationFilterChain.java:189)
	at org.apache.catalina.core.ApplicationFilterChain.doFilter(ApplicationFilterChain.java:162)
	at org.springframework.security.web.FilterChainProxy$VirtualFilterChain.doFilter(FilterChainProxy.java:327)
	at org.springframework.security.web.access.intercept.FilterSecurityInterceptor.invoke(FilterSecurityInterceptor.java:115)
	at org.springframework.security.web.access.intercept.FilterSecurityInterceptor.doFilter(FilterSecurityInterceptor.java:81)
	at org.springframework.security.web.FilterChainProxy$VirtualFilterChain.doFilter(FilterChainProxy.java:336)
	at org.springframework.security.web.access.ExceptionTranslationFilter.doFilter(ExceptionTranslationFilter.java:122)
	at org.springframework.security.web.access.ExceptionTranslationFilter.doFilter(ExceptionTranslationFilter.java:116)
	at org.springframework.security.web.FilterChainProxy$VirtualFilterChain.doFilter(FilterChainProxy.java:336)
	at org.springframework.security.web.session.SessionManagementFilter.doFilter(SessionManagementFilter.java:126)
	at org.springframework.security.web.session.SessionManagementFilter.doFilter(SessionManagementFilter.java:81)
	at org.springframework.security.web.FilterChainProxy$VirtualFilterChain.doFilter(FilterChainProxy.java:336)
	at org.springframework.security.web.authentication.AnonymousAuthenticationFilter.doFilter(AnonymousAuthenticationFilter.java:109)
	at org.springframework.security.web.FilterChainProxy$VirtualFilterChain.doFilter(FilterChainProxy.java:336)
	at org.springframework.security.web.servletapi.SecurityContextHolderAwareRequestFilter.doFilter(SecurityContextHolderAwareRequestFilter.java:149)
	at org.springframework.security.web.FilterChainProxy$VirtualFilterChain.doFilter(FilterChainProxy.java:336)
	at org.springframework.security.web.savedrequest.RequestCacheAwareFilter.doFilter(RequestCacheAwareFilter.java:63)
	at org.springframework.security.web.FilterChainProxy$VirtualFilterChain.doFilter(FilterChainProxy.java:336)
	at org.springframework.security.web.session.ConcurrentSessionFilter.doFilter(ConcurrentSessionFilter.java:147)
	at org.springframework.security.web.session.ConcurrentSessionFilter.doFilter(ConcurrentSessionFilter.java:125)
	at org.springframework.security.web.FilterChainProxy$VirtualFilterChain.doFilter(FilterChainProxy.java:336)
	at org.springframework.security.web.authentication.AbstractAuthenticationProcessingFilter.doFilter(AbstractAuthenticationProcessingFilter.java:219)
	at org.springframework.security.web.authentication.AbstractAuthenticationProcessingFilter.doFilter(AbstractAuthenticationProcessingFilter.java:213)
	at org.springframework.security.web.FilterChainProxy$VirtualFilterChain.doFilter(FilterChainProxy.java:336)
	at org.springframework.security.web.authentication.logout.LogoutFilter.doFilter(LogoutFilter.java:103)
	at org.springframework.security.web.authentication.logout.LogoutFilter.doFilter(LogoutFilter.java:89)
	at org.springframework.security.web.FilterChainProxy$VirtualFilterChain.doFilter(FilterChainProxy.java:336)
	at org.springframework.security.web.header.HeaderWriterFilter.doHeadersAfter(HeaderWriterFilter.java:90)
	at org.springframework.security.web.header.HeaderWriterFilter.doFilterInternal(HeaderWriterFilter.java:75)
	at org.springframework.web.filter.OncePerRequestFilter.doFilter(OncePerRequestFilter.java:119)
	at org.springframework.security.web.FilterChainProxy$VirtualFilterChain.doFilter(FilterChainProxy.java:336)
	at org.springframework.security.web.context.SecurityContextPersistenceFilter.doFilter(SecurityContextPersistenceFilter.java:110)
	at org.springframework.security.web.context.SecurityContextPersistenceFilter.doFilter(SecurityContextPersistenceFilter.java:80)
	at org.springframework.security.web.FilterChainProxy$VirtualFilterChain.doFilter(FilterChainProxy.java:336)
	at org.springframework.security.web.context.request.async.WebAsyncManagerIntegrationFilter.doFilterInternal(WebAsyncManagerIntegrationFilter.java:55)
	at org.springframework.web.filter.OncePerRequestFilter.doFilter(OncePerRequestFilter.java:119)
	at org.springframework.security.web.FilterChainProxy$VirtualFilterChain.doFilter(FilterChainProxy.java:336)
	at org.springframework.security.web.FilterChainProxy.doFilterInternal(FilterChainProxy.java:211)
	at org.springframework.security.web.FilterChainProxy.doFilter(FilterChainProxy.java:183)
	at org.springframework.web.filter.DelegatingFilterProxy.invokeDelegate(DelegatingFilterProxy.java:358)
	at org.springframework.web.filter.DelegatingFilterProxy.doFilter(DelegatingFilterProxy.java:271)
	at org.apache.catalina.core.ApplicationFilterChain.internalDoFilter(ApplicationFilterChain.java:189)
	at org.apache.catalina.core.ApplicationFilterChain.doFilter(ApplicationFilterChain.java:162)
	at org.springframework.web.filter.RequestContextFilter.doFilterInternal(RequestContextFilter.java:100)
	at org.springframework.web.filter.OncePerRequestFilter.doFilter(OncePerRequestFilter.java:119)
	at org.apache.catalina.core.ApplicationFilterChain.internalDoFilter(ApplicationFilterChain.java:189)
	at org.apache.catalina.core.ApplicationFilterChain.doFilter(ApplicationFilterChain.java:162)
	at org.springframework.web.filter.FormContentFilter.doFilterInternal(FormContentFilter.java:93)
	at org.springframework.web.filter.OncePerRequestFilter.doFilter(OncePerRequestFilter.java:119)
	at org.apache.catalina.core.ApplicationFilterChain.internalDoFilter(ApplicationFilterChain.java:189)
	at org.apache.catalina.core.ApplicationFilterChain.doFilter(ApplicationFilterChain.java:162)
	at org.springframework.web.filter.CharacterEncodingFilter.doFilterInternal(CharacterEncodingFilter.java:201)
	at org.springframework.web.filter.OncePerRequestFilter.doFilter(OncePerRequestFilter.java:119)
	at org.apache.catalina.core.ApplicationFilterChain.internalDoFilter(ApplicationFilterChain.java:189)
	at org.apache.catalina.core.ApplicationFilterChain.doFilter(ApplicationFilterChain.java:162)
	at org.apache.catalina.core.StandardWrapperValve.invoke(StandardWrapperValve.java:197)
	at org.apache.catalina.core.StandardContextValve.invoke(StandardContextValve.java:97)
	at org.apache.catalina.authenticator.AuthenticatorBase.invoke(AuthenticatorBase.java:540)
	at org.apache.catalina.core.StandardHostValve.invoke(StandardHostValve.java:135)
	at org.apache.catalina.valves.ErrorReportValve.invoke(ErrorReportValve.java:92)
	at org.apache.catalina.core.StandardEngineValve.invoke(StandardEngineValve.java:78)
	at org.apache.catalina.connector.CoyoteAdapter.service(CoyoteAdapter.java:357)
	at org.apache.coyote.http11.Http11Processor.service(Http11Processor.java:382)
	at org.apache.coyote.AbstractProcessorLight.process(AbstractProcessorLight.java:65)
	at org.apache.coyote.AbstractProtocol$ConnectionHandler.process(AbstractProtocol.java:895)
	at org.apache.tomcat.util.net.NioEndpoint$SocketProcessor.doRun(NioEndpoint.java:1722)
	at org.apache.tomcat.util.net.SocketProcessorBase.run(SocketProcessorBase.java:49)
	at org.apache.tomcat.util.threads.ThreadPoolExecutor.runWorker(ThreadPoolExecutor.java:1191)
	at org.apache.tomcat.util.threads.ThreadPoolExecutor$Worker.run(ThreadPoolExecutor.java:659)
	at org.apache.tomcat.util.threads.TaskThread$WrappingRunnable.run(TaskThread.java:61)
	at java.base/java.lang.Thread.run(Thread.java:840)

ingframework.security.web.FilterChainProxy.doFilterInternal(FilterChainProxy.java:211)
	at org.springframework.security.web.FilterChainProxy.doFilter(FilterChainProxy.java:183)
	at org.springframework.web.filter.DelegatingFilterProxy.invokeDelegate(DelegatingFilterProxy.java:358)
	at org.springframework.web.filter.DelegatingFilterProxy.doFilter(DelegatingFilterProxy.java:271)
	at org.apache.catalina.core.ApplicationFilterChain.internalDoFilter(ApplicationFilterChain.java:189)
	at org.apache.catalina.core.ApplicationFilterChain.doFilter(ApplicationFilterChain.java:162)
	at org.springframework.web.filter.RequestContextFilter.doFilterInternal(RequestContextFilter.java:100)
	at org.springframework.web.filter.OncePerRequestFilter.doFilter(OncePerRequestFilter.java:119)
	at org.apache.catalina.core.ApplicationFilterChain.internalDoFilter(ApplicationFilterChain.java:189)
	at org.apache.catalina.core.ApplicationFilterChain.doFilter(ApplicationFilterChain.java:162)
	at org.springframework.web.filter.FormContentFilter.doFilterInternal(FormContentFilter.java:93)
	at org.springframework.web.filter.OncePerRequestFilter.doFilter(OncePerRequestFilter.java:119)
	at org.apache.catalina.core.ApplicationFilterChain.internalDoFilter(ApplicationFilterChain.java:189)
	at org.apache.catalina.core.ApplicationFilterChain.doFilter(ApplicationFilterChain.java:162)
	at org.springframework.web.filter.CharacterEncodingFilter.doFilterInternal(CharacterEncodingFilter.java:201)
	at org.springframework.web.filter.OncePerRequestFilter.doFilter(OncePerRequestFilter.java:119)
	at org.apache.catalina.core.ApplicationFilterChain.internalDoFilter(ApplicationFilterChain.java:189)
	at org.apache.catalina.core.ApplicationFilterChain.doFilter(ApplicationFilterChain.java:162)
	at org.apache.catalina.core.StandardWrapperValve.invoke(StandardWrapperValve.java:197)
	at org.apache.catalina.core.StandardContextValve.invoke(StandardContextValve.java:97)
	at org.apache.catalina.authenticator.AuthenticatorBase.invoke(AuthenticatorBase.java:540)
	at org.apache.catalina.core.StandardHostValve.invoke(StandardHostValve.java:135)
	at org.apache.catalina.valves.ErrorReportValve.invoke(ErrorReportValve.java:92)
	at org.apache.catalina.core.StandardEngineValve.invoke(StandardEngineValve.java:78)
	at org.apache.catalina.connector.CoyoteAdapter.service(CoyoteAdapter.java:357)
	at org.apache.coyote.http11.Http11Processor.service(Http11Processor.java:382)
	at org.apache.coyote.AbstractProcessorLight.process(AbstractProcessorLight.java:65)
	at org.apache.coyote.AbstractProtocol$ConnectionHandler.process(AbstractProtocol.java:895)
	at org.apache.tomcat.util.net.NioEndpoint$SocketProcessor.doRun(NioEndpoint.java:1722)
	at org.apache.tomcat.util.net.SocketProcessorBase.run(SocketProcessorBase.java:49)
	at org.apache.tomcat.util.threads.ThreadPoolExecutor.runWorker(ThreadPoolExecutor.java:1191)
	at org.apache.tomcat.util.threads.ThreadPoolExecutor$Worker.run(ThreadPoolExecutor.java:659)
	at org.apache.tomcat.util.threads.TaskThread$WrappingRunnable.run(TaskThread.java:61)
	at java.base/java.lang.Thread.run(Thread.java:840)

[2025-02-13T13:24:59.6795281] Full error stack trace:
[2025-02-13T13:24:59.6795281] Error type: java.net.ConnectException
[2025-02-13T13:24:59.6811079] Full error stack trace:
[2025-02-13T13:24:59.6817125] java.net.ConnectException: Connection refused: connect
	at java.base/sun.nio.ch.Net.connect0(Native Method)
	at java.base/sun.nio.ch.Net.connect(Net.java:579)
	at java.base/sun.nio.ch.Net.connect(Net.java:568)
	at java.base/sun.nio.ch.NioSocketImpl.connect(NioSocketImpl.java:593)
	at java.base/java.net.Socket.connect(Socket.java:633)
	at java.base/java.net.Socket.connect(Socket.java:583)
	at java.base/sun.net.NetworkClient.doConnect(NetworkClient.java:183)
	at java.base/sun.net.www.http.HttpClient.openServer(HttpClient.java:533)
	at java.base/sun.net.www.http.HttpClient.openServer(HttpClient.java:638)
	at java.base/sun.net.www.http.HttpClient.<init>(HttpClient.java:281)
	at java.base/sun.net.www.http.HttpClient.New(HttpClient.java:386)
	at java.base/sun.net.www.http.HttpClient.New(HttpClient.java:408)
	at java.base/sun.net.www.protocol.http.HttpURLConnection.getNewHttpClient(HttpURLConnection.java:1309)
	at java.base/sun.net.www.protocol.http.HttpURLConnection.plainConnect0(HttpURLConnection.java:1242)
	at java.base/sun.net.www.protocol.http.HttpURLConnection.plainConnect(HttpURLConnection.java:1128)
	at java.base/sun.net.www.protocol.http.HttpURLConnection.connect(HttpURLConnection.java:1057)
	at java.base/sun.net.www.protocol.http.HttpURLConnection.getInputStream0(HttpURLConnection.java:1665)
	at java.base/sun.net.www.protocol.http.HttpURLConnection.getInputStream(HttpURLConnection.java:1589)
	at java.base/java.net.URL.openStream(URL.java:1161)
	at com.example.demo.service.LearningPathVerificationService.downloadLearningPath(LearningPathVerificationService.java:91)
	at com.example.demo.service.LearningPathVerificationService.verifyAndFetchLearningPaths(LearningPathVerificationService.java:194)
	at com.example.demo.web.LearningPathController.verifyLearningPaths(LearningPathController.java:45)
	at java.base/jdk.internal.reflect.NativeMethodAccessorImpl.invoke0(Native Method)
	at java.base/jdk.internal.reflect.NativeMethodAccessorImpl.invoke(NativeMethodAccessorImpl.java:77)
	at java.base/jdk.internal.reflect.DelegatingMethodAccessorImpl.invoke(DelegatingMethodAccessorImpl.java:43)
	at java.base/java.lang.reflect.Method.invoke(Method.java:568)
	at org.springframework.web.method.support.InvocableHandlerMethod.doInvoke(InvocableHandlerMethod.java:205)
	at org.springframework.web.method.support.InvocableHandlerMethod.invokeForRequest(InvocableHandlerMethod.java:150)
	at org.springframework.web.servlet.mvc.method.annotation.ServletInvocableHandlerMethod.invokeAndHandle(ServletInvocableHandlerMethod.java:117)
	at org.springframework.web.servlet.mvc.method.annotation.RequestMappingHandlerAdapter.invokeHandlerMethod(RequestMappingHandlerAdapter.java:895)
	at org.springframework.web.servlet.mvc.method.annotation.RequestMappingHandlerAdapter.handleInternal(RequestMappingHandlerAdapter.java:808)
	at org.springframework.web.servlet.mvc.method.AbstractHandlerMethodAdapter.handle(AbstractHandlerMethodAdapter.java:87)
	at org.springframework.web.servlet.DispatcherServlet.doDispatch(DispatcherServlet.java:1067)
	at org.springframework.web.servlet.DispatcherServlet.doService(DispatcherServlet.java:963)
	at org.springframework.web.servlet.FrameworkServlet.processRequest(FrameworkServlet.java:1006)
	at org.springframework.web.servlet.FrameworkServlet.doPost(FrameworkServlet.java:909)
	at javax.servlet.http.HttpServlet.service(HttpServlet.java:681)
	at org.springframework.web.servlet.FrameworkServlet.service(FrameworkServlet.java:883)
	at javax.servlet.http.HttpServlet.service(HttpServlet.java:764)
	at org.apache.catalina.core.ApplicationFilterChain.internalDoFilter(ApplicationFilterChain.java:227)
	at org.apache.catalina.core.ApplicationFilterChain.doFilter(ApplicationFilterChain.java:162)
	at org.apache.tomcat.websocket.server.WsFilter.doFilter(WsFilter.java:53)
	at org.apache.catalina.core.ApplicationFilterChain.internalDoFilter(ApplicationFilterChain.java:189)
	at org.apache.catalina.core.ApplicationFilterChain.doFilter(ApplicationFilterChain.java:162)
	at org.springframework.security.web.FilterChainProxy$VirtualFilterChain.doFilter(FilterChainProxy.java:327)
	at org.springframework.security.web.access.intercept.FilterSecurityInterceptor.invoke(FilterSecurityInterceptor.java:115)
	at org.springframework.security.web.access.intercept.FilterSecurityInterceptor.doFilter(FilterSecurityInterceptor.java:81)
	at org.springframework.security.web.FilterChainProxy$VirtualFilterChain.doFilter(FilterChainProxy.java:336)
	at org.springframework.security.web.access.ExceptionTranslationFilter.doFilter(ExceptionTranslationFilter.java:122)
	at org.springframework.security.web.access.ExceptionTranslationFilter.doFilter(ExceptionTranslationFilter.java:116)
	at org.springframework.security.web.FilterChainProxy$VirtualFilterChain.doFilter(FilterChainProxy.java:336)
	at org.springframework.security.web.session.SessionManagementFilter.doFilter(SessionManagementFilter.java:126)
	at org.springframework.security.web.session.SessionManagementFilter.doFilter(SessionManagementFilter.java:81)
	at org.springframework.security.web.FilterChainProxy$VirtualFilterChain.doFilter(FilterChainProxy.java:336)
	at org.springframework.security.web.authentication.AnonymousAuthenticationFilter.doFilter(AnonymousAuthenticationFilter.java:109)
	at org.springframework.security.web.FilterChainProxy$VirtualFilterChain.doFilter(FilterChainProxy.java:336)
	at org.springframework.security.web.servletapi.SecurityContextHolderAwareRequestFilter.doFilter(SecurityContextHolderAwareRequestFilter.java:149)
	at org.springframework.security.web.FilterChainProxy$VirtualFilterChain.doFilter(FilterChainProxy.java:336)
	at org.springframework.security.web.savedrequest.RequestCacheAwareFilter.doFilter(RequestCacheAwareFilter.java:63)
	at org.springframework.security.web.FilterChainProxy$VirtualFilterChain.doFilter(FilterChainProxy.java:336)
	at org.springframework.security.web.session.ConcurrentSessionFilter.doFilter(ConcurrentSessionFilter.java:147)
	at org.springframework.security.web.session.ConcurrentSessionFilter.doFilter(ConcurrentSessionFilter.java:125)
	at org.springframework.security.web.FilterChainProxy$VirtualFilterChain.doFilter(FilterChainProxy.java:336)
	at org.springframework.security.web.authentication.AbstractAuthenticationProcessingFilter.doFilter(AbstractAuthenticationProcessingFilter.java:219)
	at org.springframework.security.web.authentication.AbstractAuthenticationProcessingFilter.doFilter(AbstractAuthenticationProcessingFilter.java:213)
	at org.springframework.security.web.FilterChainProxy$VirtualFilterChain.doFilter(FilterChainProxy.java:336)
	at org.springframework.security.web.authentication.logout.LogoutFilter.doFilter(LogoutFilter.java:103)
	at org.springframework.security.web.authentication.logout.LogoutFilter.doFilter(LogoutFilter.java:89)
	at org.springframework.security.web.FilterChainProxy$VirtualFilterChain.doFilter(FilterChainProxy.java:336)
	at org.springframework.security.web.header.HeaderWriterFilter.doHeadersAfter(HeaderWriterFilter.java:90)
	at org.springframework.security.web.header.HeaderWriterFilter.doFilterInternal(HeaderWriterFilter.java:75)
	at org.springframework.web.filter.OncePerRequestFilter.doFilter(OncePerRequestFilter.java:119)
	at org.springframework.security.web.FilterChainProxy$VirtualFilterChain.doFilter(FilterChainProxy.java:336)
	at org.springframework.security.web.context.SecurityContextPersistenceFilter.doFilter(SecurityContextPersistenceFilter.java:110)
	at org.springframework.security.web.context.SecurityContextPersistenceFilter.doFilter(SecurityContextPersistenceFilter.java:80)
	at org.springframework.security.web.FilterChainProxy$VirtualFilterChain.doFilter(FilterChainProxy.java:336)
	at org.springframework.security.web.context.request.async.WebAsyncManagerIntegrationFilter.doFilterInternal(WebAsyncManagerIntegrationFilter.java:55)
	at org.springframework.web.filter.OncePerRequestFilter.doFilter(OncePerRequestFilter.java:119)
	at org.springframework.security.web.FilterChainProxy$VirtualFilterChain.doFilter(FilterChainProxy.java:336)
	at org.springframework.security.web.FilterChainProxy.doFilterInternal(FilterChainProxy.java:211)
	at org.springframework.security.web.FilterChainProxy.doFilter(FilterChainProxy.java:183)
	at org.springframework.web.filter.DelegatingFilterProxy.invokeDelegate(DelegatingFilterProxy.java:358)
	at org.springframework.web.filter.DelegatingFilterProxy.doFilter(DelegatingFilterProxy.java:271)
	at org.apache.catalina.core.ApplicationFilterChain.internalDoFilter(ApplicationFilterChain.java:189)
	at org.apache.catalina.core.ApplicationFilterChain.doFilter(ApplicationFilterChain.java:162)
	at org.springframework.web.filter.RequestContextFilter.doFilterInternal(RequestContextFilter.java:100)
	at org.springframework.web.filter.OncePerRequestFilter.doFilter(OncePerRequestFilter.java:119)
	at org.apache.catalina.core.ApplicationFilterChain.internalDoFilter(ApplicationFilterChain.java:189)
	at org.apache.catalina.core.ApplicationFilterChain.doFilter(ApplicationFilterChain.java:162)
	at org.springframework.web.filter.FormContentFilter.doFilterInternal(FormContentFilter.java:93)
	at org.springframework.web.filter.OncePerRequestFilter.doFilter(OncePerRequestFilter.java:119)
	at org.apache.catalina.core.ApplicationFilterChain.internalDoFilter(ApplicationFilterChain.java:189)
	at org.apache.catalina.core.ApplicationFilterChain.doFilter(ApplicationFilterChain.java:162)
	at org.springframework.web.filter.CharacterEncodingFilter.doFilterInternal(CharacterEncodingFilter.java:201)
	at org.springframework.web.filter.OncePerRequestFilter.doFilter(OncePerRequestFilter.java:119)
	at org.apache.catalina.core.ApplicationFilterChain.internalDoFilter(ApplicationFilterChain.java:189)
	at org.apache.catalina.core.ApplicationFilterChain.doFilter(ApplicationFilterChain.java:162)
	at org.apache.catalina.core.StandardWrapperValve.invoke(StandardWrapperValve.java:197)
	at org.apache.catalina.core.StandardContextValve.invoke(StandardContextValve.java:97)
	at org.apache.catalina.authenticator.AuthenticatorBase.invoke(AuthenticatorBase.java:540)
	at org.apache.catalina.core.StandardHostValve.invoke(StandardHostValve.java:135)
	at org.apache.catalina.valves.ErrorReportValve.invoke(ErrorReportValve.java:92)
	at org.apache.catalina.core.StandardEngineValve.invoke(StandardEngineValve.java:78)
	at org.apache.catalina.connector.CoyoteAdapter.service(CoyoteAdapter.java:357)
	at org.apache.coyote.http11.Http11Processor.service(Http11Processor.java:382)
	at org.apache.coyote.AbstractProcessorLight.process(AbstractProcessorLight.java:65)
	at org.apache.coyote.AbstractProtocol$ConnectionHandler.process(AbstractProtocol.java:895)
	at org.apache.tomcat.util.net.NioEndpoint$SocketProcessor.doRun(NioEndpoint.java:1722)
	at org.apache.tomcat.util.net.SocketProcessorBase.run(SocketProcessorBase.java:49)
	at org.apache.tomcat.util.threads.ThreadPoolExecutor.runWorker(ThreadPoolExecutor.java:1191)
	at org.apache.tomcat.util.threads.ThreadPoolExecutor$Worker.run(ThreadPoolExecutor.java:659)
	at org.apache.tomcat.util.threads.TaskThread$WrappingRunnable.run(TaskThread.java:61)
	at java.base/java.lang.Thread.run(Thread.java:840)

[2025-02-13T13:24:59.6817125] java.net.ConnectException: Connection refused: connect
	at java.base/sun.nio.ch.Net.connect0(Native Method)
	at java.base/sun.nio.ch.Net.connect(Net.java:579)
	at java.base/sun.nio.ch.Net.connect(Net.java:568)
	at java.base/sun.nio.ch.NioSocketImpl.connect(NioSocketImpl.java:593)
	at java.base/java.net.Socket.connect(Socket.java:633)
	at java.base/java.net.Socket.connect(Socket.java:583)
	at java.base/sun.net.NetworkClient.doConnect(NetworkClient.java:183)
	at java.base/sun.net.www.http.HttpClient.openServer(HttpClient.java:533)
	at java.base/sun.net.www.http.HttpClient.openServer(HttpClient.java:638)
	at java.base/sun.net.www.http.HttpClient.<init>(HttpClient.java:281)
	at java.base/sun.net.www.http.HttpClient.New(HttpClient.java:386)
	at java.base/sun.net.www.http.HttpClient.New(HttpClient.java:408)
	at java.base/sun.net.www.protocol.http.HttpURLConnection.getNewHttpClient(HttpURLConnection.java:1309)
	at java.base/sun.net.www.protocol.http.HttpURLConnection.plainConnect0(HttpURLConnection.java:1242)
	at java.base/sun.net.www.protocol.http.HttpURLConnection.plainConnect(HttpURLConnection.java:1128)
	at java.base/sun.net.www.protocol.http.HttpURLConnection.connect(HttpURLConnection.java:1057)
	at java.base/sun.net.www.protocol.http.HttpURLConnection.getInputStream0(HttpURLConnection.java:1665)
	at java.base/sun.net.www.protocol.http.HttpURLConnection.getInputStream(HttpURLConnection.java:1589)
	at java.base/java.net.URL.openStream(URL.java:1161)
	at com.example.demo.service.LearningPathVerificationService.downloadLearningPath(LearningPathVerificationService.java:91)
	at com.example.demo.service.LearningPathVerificationService.verifyAndFetchLearningPaths(LearningPathVerificationService.java:194)
	at com.example.demo.web.LearningPathController.verifyLearningPaths(LearningPathController.java:45)
	at java.base/jdk.internal.reflect.NativeMethodAccessorImpl.invoke0(Native Method)
	at java.base/jdk.internal.reflect.NativeMethodAccessorImpl.invoke(NativeMethodAccessorImpl.java:77)
	at java.base/jdk.internal.reflect.DelegatingMethodAccessorImpl.invoke(DelegatingMethodAccessorImpl.java:43)
	at java.base/java.lang.reflect.Method.invoke(Method.java:568)
	at org.springframework.web.method.support.InvocableHandlerMethod.doInvoke(InvocableHandlerMethod.java:205)
	at org.springframework.web.method.support.InvocableHandlerMethod.invokeForRequest(InvocableHandlerMethod.java:150)
	at org.springframework.web.servlet.mvc.method.annotation.ServletInvocableHandlerMethod.invokeAndHandle(ServletInvocableHandlerMethod.java:117)
	at org.springframework.web.servlet.mvc.method.annotation.RequestMappingHandlerAdapter.invokeHandlerMethod(RequestMappingHandlerAdapter.java:895)
	at org.springframework.web.servlet.mvc.method.annotation.RequestMappingHandlerAdapter.handleInternal(RequestMappingHandlerAdapter.java:808)
	at org.springframework.web.servlet.mvc.method.AbstractHandlerMethodAdapter.handle(AbstractHandlerMethodAdapter.java:87)
	at org.springframework.web.servlet.DispatcherServlet.doDispatch(DispatcherServlet.java:1067)
	at org.springframework.web.servlet.DispatcherServlet.doService(DispatcherServlet.java:963)
	at org.springframework.web.servlet.FrameworkServlet.processRequest(FrameworkServlet.java:1006)
	at org.springframework.web.servlet.FrameworkServlet.doPost(FrameworkServlet.java:909)
	at javax.servlet.http.HttpServlet.service(HttpServlet.java:681)
	at org.springframework.web.servlet.FrameworkServlet.service(FrameworkServlet.java:883)
	at javax.servlet.http.HttpServlet.service(HttpServlet.java:764)
	at org.apache.catalina.core.ApplicationFilterChain.internalDoFilter(ApplicationFilterChain.java:227)
	at org.apache.catalina.core.ApplicationFilterChain.doFilter(ApplicationFilterChain.java:162)
	at org.apache.tomcat.websocket.server.WsFilter.doFilter(WsFilter.java:53)
	at org.apache.catalina.core.ApplicationFilterChain.internalDoFilter(ApplicationFilterChain.java:189)
	at org.apache.catalina.core.ApplicationFilterChain.doFilter(ApplicationFilterChain.java:162)
	at org.springframework.security.web.FilterChainProxy$VirtualFilterChain.doFilter(FilterChainProxy.java:327)
	at org.springframework.security.web.access.intercept.FilterSecurityInterceptor.invoke(FilterSecurityInterceptor.java:115)
	at org.springframework.security.web.access.intercept.FilterSecurityInterceptor.doFilter(FilterSecurityInterceptor.java:81)
	at org.springframework.security.web.FilterChainProxy$VirtualFilterChain.doFilter(FilterChainProxy.java:336)
	at org.springframework.security.web.access.ExceptionTranslationFilter.doFilter(ExceptionTranslationFilter.java:122)
	at org.springframework.security.web.access.ExceptionTranslationFilter.doFilter(ExceptionTranslationFilter.java:116)
	at org.springframework.security.web.FilterChainProxy$VirtualFilterChain.doFilter(FilterChainProxy.java:336)
	at org.springframework.security.web.session.SessionManagementFilter.doFilter(SessionManagementFilter.java:126)
	at org.springframework.security.web.session.SessionManagementFilter.doFilter(SessionManagementFilter.java:81)
	at org.springframework.security.web.FilterChainProxy$VirtualFilterChain.doFilter(FilterChainProxy.java:336)
	at org.springframework.security.web.authentication.AnonymousAuthenticationFilter.doFilter(AnonymousAuthenticationFilter.java:109)
	at org.springframework.security.web.FilterChainProxy$VirtualFilterChain.doFilter(FilterChainProxy.java:336)
	at org.springframework.security.web.servletapi.SecurityContextHolderAwareRequestFilter.doFilter(SecurityContextHolderAwareRequestFilter.java:149)
	at org.springframework.security.web.FilterChainProxy$VirtualFilterChain.doFilter(FilterChainProxy.java:336)
	at org.springframework.security.web.savedrequest.RequestCacheAwareFilter.doFilter(RequestCacheAwareFilter.java:63)
	at org.springframework.security.web.FilterChainProxy$VirtualFilterChain.doFilter(FilterChainProxy.java:336)
	at org.springframework.security.web.session.ConcurrentSessionFilter.doFilter(ConcurrentSessionFilter.java:147)
	at org.springframework.security.web.session.ConcurrentSessionFilter.doFilter(ConcurrentSessionFilter.java:125)
	at org.springframework.security.web.FilterChainProxy$VirtualFilterChain.doFilter(FilterChainProxy.java:336)
	at org.springframework.security.web.authentication.AbstractAuthenticationProcessingFilter.doFilter(AbstractAuthenticationProcessingFilter.java:219)
	at org.springframework.security.web.authentication.AbstractAuthenticationProcessingFilter.doFilter(AbstractAuthenticationProcessingFilter.java:213)
	at org.springframework.security.web.FilterChainProxy$VirtualFilterChain.doFilter(FilterChainProxy.java:336)
	at org.springframework.security.web.authentication.logout.LogoutFilter.doFilter(LogoutFilter.java:103)
	at org.springframework.security.web.authentication.logout.LogoutFilter.doFilter(LogoutFilter.java:89)
	at org.springframework.security.web.FilterChainProxy$VirtualFilterChain.doFilter(FilterChainProxy.java:336)
	at org.springframework.security.web.header.HeaderWriterFilter.doHeadersAfter(HeaderWriterFilter.java:90)
	at org.springframework.security.web.header.HeaderWriterFilter.doFilterInternal(HeaderWriterFilter.java:75)
	at org.springframework.web.filter.OncePerRequestFilter.doFilter(OncePerRequestFilter.java:119)
	at org.springframework.security.web.FilterChainProxy$VirtualFilterChain.doFilter(FilterChainProxy.java:336)
	at org.springframework.security.web.context.SecurityContextPersistenceFilter.doFilter(SecurityContextPersistenceFilter.java:110)
	at org.springframework.security.web.context.SecurityContextPersistenceFilter.doFilter(SecurityContextPersistenceFilter.java:80)
	at org.springframework.security.web.FilterChainProxy$VirtualFilterChain.doFilter(FilterChainProxy.java:336)
	at org.springframework.security.web.context.request.async.WebAsyncManagerIntegrationFilter.doFilterInternal(WebAsyncManagerIntegrationFilter.java:55)
	at org.springframework.web.filter.OncePerRequestFilter.doFilter(OncePerRequestFilter.java:119)
	at org.springframework.security.web.FilterChainProxy$VirtualFilterChain.doFilter(FilterChainProxy.java:336)
	at org.springframework.security.web.FilterChainProxy.doFilterInternal(FilterChainProxy.java:211)
	at org.springframework.security.web.FilterChainProxy.doFilter(FilterChainProxy.java:183)
	at org.springframework.web.filter.DelegatingFilterProxy.invokeDelegate(DelegatingFilterProxy.java:358)
	at org.springframework.web.filter.DelegatingFilterProxy.doFilter(DelegatingFilterProxy.java:271)
	at org.apache.catalina.core.ApplicationFilterChain.internalDoFilter(ApplicationFilterChain.java:189)
	at org.apache.catalina.core.ApplicationFilterChain.doFilter(ApplicationFilterChain.java:162)
	at org.springframework.web.filter.RequestContextFilter.doFilterInternal(RequestContextFilter.java:100)
	at org.springframework.web.filter.OncePerRequestFilter.doFilter(OncePerRequestFilter.java:119)
	at org.apache.catalina.core.ApplicationFilterChain.internalDoFilter(ApplicationFilterChain.java:189)
	at org.apache.catalina.core.ApplicationFilterChain.doFilter(ApplicationFilterChain.java:162)
	at org.springframework.web.filter.FormContentFilter.doFilterInternal(FormContentFilter.java:93)
	at org.springframework.web.filter.OncePerRequestFilter.doFilter(OncePerRequestFilter.java:119)
	at org.apache.catalina.core.ApplicationFilterChain.internalDoFilter(ApplicationFilterChain.java:189)
	at org.apache.catalina.core.ApplicationFilterChain.doFilter(ApplicationFilterChain.java:162)
	at org.springframework.web.filter.CharacterEncodingFilter.doFilterInternal(CharacterEncodingFilter.java:201)
	at org.springframework.web.filter.OncePerRequestFilter.doFilter(OncePerRequestFilter.java:119)
	at org.apache.catalina.core.ApplicationFilterChain.internalDoFilter(ApplicationFilterChain.java:189)
	at org.apache.catalina.core.ApplicationFilterChain.doFilter(ApplicationFilterChain.java:162)
	at org.apache.catalina.core.StandardWrapperValve.invoke(StandardWrapperValve.java:197)
	at org.apache.catalina.core.StandardContextValve.invoke(StandardContextValve.java:97)
	at org.apache.catalina.authenticator.AuthenticatorBase.invoke(AuthenticatorBase.java:540)
	at org.apache.catalina.core.StandardHostValve.invoke(StandardHostValve.java:135)
	at org.apache.catalina.valves.ErrorReportValve.invoke(ErrorReportValve.java:92)
	at org.apache.catalina.core.StandardEngineValve.invoke(StandardEngineValve.java:78)
	at org.apache.catalina.connector.CoyoteAdapter.service(CoyoteAdapter.java:357)
	at org.apache.coyote.http11.Http11Processor.service(Http11Processor.java:382)
	at org.apache.coyote.AbstractProcessorLight.process(AbstractProcessorLight.java:65)
	at org.apache.coyote.AbstractProtocol$ConnectionHandler.process(AbstractProtocol.java:895)
	at org.apache.tomcat.util.net.NioEndpoint$SocketProcessor.doRun(NioEndpoint.java:1722)
	at org.apache.tomcat.util.net.SocketProcessorBase.run(SocketProcessorBase.java:49)
	at org.apache.tomcat.util.threads.ThreadPoolExecutor.runWorker(ThreadPoolExecutor.java:1191)
	at org.apache.tomcat.util.threads.ThreadPoolExecutor$Worker.run(ThreadPoolExecutor.java:659)
	at org.apache.tomcat.util.threads.TaskThread$WrappingRunnable.run(TaskThread.java:61)
	at java.base/java.lang.Thread.run(Thread.java:840)

[2025-02-13T13:24:59.6822724] java.net.ConnectException: Connection refused: connect
	at java.base/sun.nio.ch.Net.connect0(Native Method)
	at java.base/sun.nio.ch.Net.connect(Net.java:579)
	at java.base/sun.nio.ch.Net.connect(Net.java:568)
	at java.base/sun.nio.ch.NioSocketImpl.connect(NioSocketImpl.java:593)
	at java.base/java.net.Socket.connect(Socket.java:633)
	at java.base/java.net.Socket.connect(Socket.java:583)
	at java.base/sun.net.NetworkClient.doConnect(NetworkClient.java:183)
	at java.base/sun.net.www.http.HttpClient.openServer(HttpClient.java:533)
	at java.base/sun.net.www.http.HttpClient.openServer(HttpClient.java:638)
	at java.base/sun.net.www.http.HttpClient.<init>(HttpClient.java:281)
	at java.base/sun.net.www.http.HttpClient.New(HttpClient.java:386)
	at java.base/sun.net.www.http.HttpClient.New(HttpClient.java:408)
	at java.base/sun.net.www.protocol.http.HttpURLConnection.getNewHttpClient(HttpURLConnection.java:1309)
	at java.base/sun.net.www.protocol.http.HttpURLConnection.plainConnect0(HttpURLConnection.java:1242)
	at java.base/sun.net.www.protocol.http.HttpURLConnection.plainConnect(HttpURLConnection.java:1128)
	at java.base/sun.net.www.protocol.http.HttpURLConnection.connect(HttpURLConnection.java:1057)
	at java.base/sun.net.www.protocol.http.HttpURLConnection.getInputStream0(HttpURLConnection.java:1665)
	at java.base/sun.net.www.protocol.http.HttpURLConnection.getInputStream(HttpURLConnection.java:1589)
	at java.base/java.net.URL.openStream(URL.java:1161)
	at com.example.demo.service.LearningPathVerificationService.downloadLearningPath(LearningPathVerificationService.java:91)
	at com.example.demo.service.LearningPathVerificationService.verifyAndFetchLearningPaths(LearningPathVerificationService.java:194)
	at com.example.demo.web.LearningPathController.verifyLearningPaths(LearningPathController.java:45)
	at java.base/jdk.internal.reflect.NativeMethodAccessorImpl.invoke0(Native Method)
	at java.base/jdk.internal.reflect.NativeMethodAccessorImpl.invoke(NativeMethodAccessorImpl.java:77)
	at java.base/jdk.internal.reflect.DelegatingMethodAccessorImpl.invoke(DelegatingMethodAccessorImpl.java:43)
	at java.base/java.lang.reflect.Method.invoke(Method.java:568)
	at org.springframework.web.method.support.InvocableHandlerMethod.doInvoke(InvocableHandlerMethod.java:205)
	at org.springframework.web.method.support.InvocableHandlerMethod.invokeForRequest(InvocableHandlerMethod.java:150)
	at org.springframework.web.servlet.mvc.method.annotation.ServletInvocableHandlerMethod.invokeAndHandle(ServletInvocableHandlerMethod.java:117)
	at org.springframework.web.servlet.mvc.method.annotation.RequestMappingHandlerAdapter.invokeHandlerMethod(RequestMappingHandlerAdapter.java:895)
	at org.springframework.web.servlet.mvc.method.annotation.RequestMappingHandlerAdapter.handleInternal(RequestMappingHandlerAdapter.java:808)
	at org.springframework.web.servlet.mvc.method.AbstractHandlerMethodAdapter.handle(AbstractHandlerMethodAdapter.java:87)
	at org.springframework.web.servlet.DispatcherServlet.doDispatch(DispatcherServlet.java:1067)
	at org.springframework.web.servlet.DispatcherServlet.doService(DispatcherServlet.java:963)
	at org.springframework.web.servlet.FrameworkServlet.processRequest(FrameworkServlet.java:1006)
	at org.springframework.web.servlet.FrameworkServlet.doPost(FrameworkServlet.java:909)
	at javax.servlet.http.HttpServlet.service(HttpServlet.java:681)
	at org.springframework.web.servlet.FrameworkServlet.service(FrameworkServlet.java:883)
	at javax.servlet.http.HttpServlet.service(HttpServlet.java:764)
	at org.apache.catalina.core.ApplicationFilterChain.internalDoFilter(ApplicationFilterChain.java:227)
	at org.apache.catalina.core.ApplicationFilterChain.doFilter(ApplicationFilterChain.java:162)
	at org.apache.tomcat.websocket.server.WsFilter.doFilter(WsFilter.java:53)
	at org.apache.catalina.core.ApplicationFilterChain.internalDoFilter(ApplicationFilterChain.java:189)
	at org.apache.catalina.core.ApplicationFilterChain.doFilter(ApplicationFilterChain.java:162)
	at org.springframework.security.web.FilterChainProxy$VirtualFilterChain.doFilter(FilterChainProxy.java:327)
	at org.springframework.security.web.access.intercept.FilterSecurityInterceptor.invoke(FilterSecurityInterceptor.java:115)
	at org.springframework.security.web.access.intercept.FilterSecurityInterceptor.doFilter(FilterSecurityInterceptor.java:81)
	at org.springframework.security.web.FilterChainProxy$VirtualFilterChain.doFilter(FilterChainProxy.java:336)
	at org.springframework.security.web.access.ExceptionTranslationFilter.doFilter(ExceptionTranslationFilter.java:122)
	at org.springframework.security.web.access.ExceptionTranslationFilter.doFilter(ExceptionTranslationFilter.java:116)
	at org.springframework.security.web.FilterChainProxy$VirtualFilterChain.doFilter(FilterChainProxy.java:336)
	at org.springframework.security.web.session.SessionManagementFilter.doFilter(SessionManagementFilter.java:126)
	at org.springframework.security.web.session.SessionManagementFilter.doFilter(SessionManagementFilter.java:81)
	at org.springframework.security.web.FilterChainProxy$VirtualFilterChain.doFilter(FilterChainProxy.java:336)
	at org.springframework.security.web.authentication.AnonymousAuthenticationFilter.doFilter(AnonymousAuthenticationFilter.java:109)
	at org.springframework.security.web.FilterChainProxy$VirtualFilterChain.doFilter(FilterChainProxy.java:336)
	at org.springframework.security.web.servletapi.SecurityContextHolderAwareRequestFilter.doFilter(SecurityContextHolderAwareRequestFilter.java:149)
	at org.springframework.security.web.FilterChainProxy$VirtualFilterChain.doFilter(FilterChainProxy.java:336)
	at org.springframework.security.web.savedrequest.RequestCacheAwareFilter.doFilter(RequestCacheAwareFilter.java:63)
	at org.springframework.security.web.FilterChainProxy$VirtualFilterChain.doFilter(FilterChainProxy.java:336)
	at org.springframework.security.web.session.ConcurrentSessionFilter.doFilter(ConcurrentSessionFilter.java:147)
	at org.springframework.security.web.session.ConcurrentSessionFilter.doFilter(ConcurrentSessionFilter.java:125)
	at org.springframework.security.web.FilterChainProxy$VirtualFilterChain.doFilter(FilterChainProxy.java:336)
	at org.springframework.security.web.authentication.AbstractAuthenticationProcessingFilter.doFilter(AbstractAuthenticationProcessingFilter.java:219)
	at org.springframework.security.web.authentication.AbstractAuthenticationProcessingFilter.doFilter(AbstractAuthenticationProcessingFilter.java:213)
	at org.springframework.security.web.FilterChainProxy$VirtualFilterChain.doFilter(FilterChainProxy.java:336)
	at org.springframework.security.web.authentication.logout.LogoutFilter.doFilter(LogoutFilter.java:103)
	at org.springframework.security.web.authentication.logout.LogoutFilter.doFilter(LogoutFilter.java:89)
	at org.springframework.security.web.FilterChainProxy$VirtualFilterChain.doFilter(FilterChainProxy.java:336)
	at org.springframework.security.web.header.HeaderWriterFilter.doHeadersAfter(HeaderWriterFilter.java:90)
	at org.springframework.security.web.header.HeaderWriterFilter.doFilterInternal(HeaderWriterFilter.java:75)
	at org.springframework.web.filter.OncePerRequestFilter.doFilter(OncePerRequestFilter.java:119)
	at org.springframework.security.web.FilterChainProxy$VirtualFilterChain.doFilter(FilterChainProxy.java:336)
	at org.springframework.security.web.context.SecurityContextPersistenceFilter.doFilter(SecurityContextPersistenceFilter.java:110)
	at org.springframework.security.web.context.SecurityContextPersistenceFilter.doFilter(SecurityContextPersistenceFilter.java:80)
	at org.springframework.security.web.FilterChainProxy$VirtualFilterChain.doFilter(FilterChainProxy.java:336)
	at org.springframework.security.web.context.request.async.WebAsyncManagerIntegrationFilter.doFilterInternal(WebAsyncManagerIntegrationFilter.java:55)
	at org.springframework.web.filter.OncePerRequestFilter.doFilter(OncePerRequestFilter.java:119)
	at org.springframework.security.web.FilterChainProxy$VirtualFilterChain.doFilter(FilterChainProxy.java:336)
	at org.springframework.security.web.FilterChainProxy.doFilterInternal(FilterChainProxy.java:211)
	at org.springframework.security.web.FilterChainProxy.doFilter(FilterChainProxy.java:183)
	at org.springframework.web.filter.DelegatingFilterProxy.invokeDelegate(DelegatingFilterProxy.java:358)
	at org.springframework.web.filter.DelegatingFilterProxy.doFilter(DelegatingFilterProxy.java:271)
	at org.apache.catalina.core.ApplicationFilterChain.internalDoFilter(ApplicationFilterChain.java:189)
	at org.apache.catalina.core.ApplicationFilterChain.doFilter(ApplicationFilterChain.java:162)
	at org.springframework.web.filter.RequestContextFilter.doFilterInternal(RequestContextFilter.java:100)
	at org.springframework.web.filter.OncePerRequestFilter.doFilter(OncePerRequestFilter.java:119)
	at org.apache.catalina.core.ApplicationFilterChain.internalDoFilter(ApplicationFilterChain.java:189)
	at org.apache.catalina.core.ApplicationFilterChain.doFilter(ApplicationFilterChain.java:162)
	at org.springframework.web.filter.FormContentFilter.doFilterInternal(FormContentFilter.java:93)
	at org.springframework.web.filter.OncePerRequestFilter.doFilter(OncePerRequestFilter.java:119)
	at org.apache.catalina.core.ApplicationFilterChain.internalDoFilter(ApplicationFilterChain.java:189)
	at org.apache.catalina.core.ApplicationFilterChain.doFilter(ApplicationFilterChain.java:162)
	at org.springframework.web.filter.CharacterEncodingFilter.doFilterInternal(CharacterEncodingFilter.java:201)
	at org.springframework.web.filter.OncePerRequestFilter.doFilter(OncePerRequestFilter.java:119)
	at org.apache.catalina.core.ApplicationFilterChain.internalDoFilter(ApplicationFilterChain.java:189)
	at org.apache.catalina.core.ApplicationFilterChain.doFilter(ApplicationFilterChain.java:162)
	at org.apache.catalina.core.StandardWrapperValve.invoke(StandardWrapperValve.java:197)
	at org.apache.catalina.core.StandardContextValve.invoke(StandardContextValve.java:97)
	at org.apache.catalina.authenticator.AuthenticatorBase.invoke(AuthenticatorBase.java:540)
	at org.apache.catalina.core.StandardHostValve.invoke(StandardHostValve.java:135)
	at org.apache.catalina.valves.ErrorReportValve.invoke(ErrorReportValve.java:92)
	at org.apache.catalina.core.StandardEngineValve.invoke(StandardEngineValve.java:78)
	at org.apache.catalina.connector.CoyoteAdapter.service(CoyoteAdapter.java:357)
	at org.apache.coyote.http11.Http11Processor.service(Http11Processor.java:382)
	at org.apache.coyote.AbstractProcessorLight.process(AbstractProcessorLight.java:65)
	at org.apache.coyote.AbstractProtocol$ConnectionHandler.process(AbstractProtocol.java:895)
	at org.apache.tomcat.util.net.NioEndpoint$SocketProcessor.doRun(NioEndpoint.java:1722)
	at org.apache.tomcat.util.net.SocketProcessorBase.run(SocketProcessorBase.java:49)
	at org.apache.tomcat.util.threads.ThreadPoolExecutor.runWorker(ThreadPoolExecutor.java:1191)
	at org.apache.tomcat.util.threads.ThreadPoolExecutor$Worker.run(ThreadPoolExecutor.java:659)
	at org.apache.tomcat.util.threads.TaskThread$WrappingRunnable.run(TaskThread.java:61)
	at java.base/java.lang.Thread.run(Thread.java:840)

[2025-02-13T13:24:59.6822724] Full error stack trace:
[2025-02-13T13:24:59.6822724] Failed to download all learning paths for user 1
[2025-02-13T13:24:59.6822724] java.net.ConnectException: Connection refused: connect
	at java.base/sun.nio.ch.Net.connect0(Native Method)
	at java.base/sun.nio.ch.Net.connect(Net.java:579)
	at java.base/sun.nio.ch.Net.connect(Net.java:568)
	at java.base/sun.nio.ch.NioSocketImpl.connect(NioSocketImpl.java:593)
	at java.base/java.net.Socket.connect(Socket.java:633)
	at java.base/java.net.Socket.connect(Socket.java:583)
	at java.base/sun.net.NetworkClient.doConnect(NetworkClient.java:183)
	at java.base/sun.net.www.http.HttpClient.openServer(HttpClient.java:533)
	at java.base/sun.net.www.http.HttpClient.openServer(HttpClient.java:638)
	at java.base/sun.net.www.http.HttpClient.<init>(HttpClient.java:281)
	at java.base/sun.net.www.http.HttpClient.New(HttpClient.java:386)
	at java.base/sun.net.www.http.HttpClient.New(HttpClient.java:408)
	at java.base/sun.net.www.protocol.http.HttpURLConnection.getNewHttpClient(HttpURLConnection.java:1309)
	at java.base/sun.net.www.protocol.http.HttpURLConnection.plainConnect0(HttpURLConnection.java:1242)
	at java.base/sun.net.www.protocol.http.HttpURLConnection.plainConnect(HttpURLConnection.java:1128)
	at java.base/sun.net.www.protocol.http.HttpURLConnection.connect(HttpURLConnection.java:1057)
	at java.base/sun.net.www.protocol.http.HttpURLConnection.getInputStream0(HttpURLConnection.java:1665)
	at java.base/sun.net.www.protocol.http.HttpURLConnection.getInputStream(HttpURLConnection.java:1589)
	at java.base/java.net.URL.openStream(URL.java:1161)
	at com.example.demo.service.LearningPathVerificationService.downloadLearningPath(LearningPathVerificationService.java:91)
	at com.example.demo.service.LearningPathVerificationService.verifyAndFetchLearningPaths(LearningPathVerificationService.java:194)
	at com.example.demo.web.LearningPathController.verifyLearningPaths(LearningPathController.java:45)
	at java.base/jdk.internal.reflect.NativeMethodAccessorImpl.invoke0(Native Method)
	at java.base/jdk.internal.reflect.NativeMethodAccessorImpl.invoke(NativeMethodAccessorImpl.java:77)
	at java.base/jdk.internal.reflect.DelegatingMethodAccessorImpl.invoke(DelegatingMethodAccessorImpl.java:43)
	at java.base/java.lang.reflect.Method.invoke(Method.java:568)
	at org.springframework.web.method.support.InvocableHandlerMethod.doInvoke(InvocableHandlerMethod.java:205)
	at org.springframework.web.method.support.InvocableHandlerMethod.invokeForRequest(InvocableHandlerMethod.java:150)
	at org.springframework.web.servlet.mvc.method.annotation.ServletInvocableHandlerMethod.invokeAndHandle(ServletInvocableHandlerMethod.java:117)
	at org.springframework.web.servlet.mvc.method.annotation.RequestMappingHandlerAdapter.invokeHandlerMethod(RequestMappingHandlerAdapter.java:895)
	at org.springframework.web.servlet.mvc.method.annotation.RequestMappingHandlerAdapter.handleInternal(RequestMappingHandlerAdapter.java:808)
	at org.springframework.web.servlet.mvc.method.AbstractHandlerMethodAdapter.handle(AbstractHandlerMethodAdapter.java:87)
	at org.springframework.web.servlet.DispatcherServlet.doDispatch(DispatcherServlet.java:1067)
	at org.springframework.web.servlet.DispatcherServlet.doService(DispatcherServlet.java:963)
	at org.springframework.web.servlet.FrameworkServlet.processRequest(FrameworkServlet.java:1006)
	at org.springframework.web.servlet.FrameworkServlet.doPost(FrameworkServlet.java:909)
	at javax.servlet.http.HttpServlet.service(HttpServlet.java:681)
	at org.springframework.web.servlet.FrameworkServlet.service(FrameworkServlet.java:883)
	at javax.servlet.http.HttpServlet.service(HttpServlet.java:764)
	at org.apache.catalina.core.ApplicationFilterChain.internalDoFilter(ApplicationFilterChain.java:227)
	at org.apache.catalina.core.ApplicationFilterChain.doFilter(ApplicationFilterChain.java:162)
	at org.apache.tomcat.websocket.server.WsFilter.doFilter(WsFilter.java:53)
	at org.apache.catalina.core.ApplicationFilterChain.internalDoFilter(ApplicationFilterChain.java:189)
	at org.apache.catalina.core.ApplicationFilterChain.doFilter(ApplicationFilterChain.java:162)
	at org.springframework.security.web.FilterChainProxy$VirtualFilterChain.doFilter(FilterChainProxy.java:327)
	at org.springframework.security.web.access.intercept.FilterSecurityInterceptor.invoke(FilterSecurityInterceptor.java:115)
	at org.springframework.security.web.access.intercept.FilterSecurityInterceptor.doFilter(FilterSecurityInterceptor.java:81)
	at org.springframework.security.web.FilterChainProxy$VirtualFilterChain.doFilter(FilterChainProxy.java:336)
	at org.springframework.security.web.access.ExceptionTranslationFilter.doFilter(ExceptionTranslationFilter.java:122)
	at org.springframework.security.web.access.ExceptionTranslationFilter.doFilter(ExceptionTranslationFilter.java:116)
	at org.springframework.security.web.FilterChainProxy$VirtualFilterChain.doFilter(FilterChainProxy.java:336)
	at org.springframework.security.web.session.SessionManagementFilter.doFilter(SessionManagementFilter.java:126)
	at org.springframework.security.web.session.SessionManagementFilter.doFilter(SessionManagementFilter.java:81)
	at org.springframework.security.web.FilterChainProxy$VirtualFilterChain.doFilter(FilterChainProxy.java:336)
	at org.springframework.security.web.authentication.AnonymousAuthenticationFilter.doFilter(AnonymousAuthenticationFilter.java:109)
	at org.springframework.security.web.FilterChainProxy$VirtualFilterChain.doFilter(FilterChainProxy.java:336)
	at org.springframework.security.web.servletapi.SecurityContextHolderAwareRequestFilter.doFilter(SecurityContextHolderAwareRequestFilter.java:149)
	at org.springframework.security.web.FilterChainProxy$VirtualFilterChain.doFilter(FilterChainProxy.java:336)
	at org.springframework.security.web.savedrequest.RequestCacheAwareFilter.doFilter(RequestCacheAwareFilter.java:63)
	at org.springframework.security.web.FilterChainProxy$VirtualFilterChain.doFilter(FilterChainProxy.java:336)
	at org.springframework.security.web.session.ConcurrentSessionFilter.doFilter(ConcurrentSessionFilter.java:147)
	at org.springframework.security.web.session.ConcurrentSessionFilter.doFilter(ConcurrentSessionFilter.java:125)
	at org.springframework.security.web.FilterChainProxy$VirtualFilterChain.doFilter(FilterChainProxy.java:336)
	at org.springframework.security.web.authentication.AbstractAuthenticationProcessingFilter.doFilter(AbstractAuthenticationProcessingFilter.java:219)
	at org.springframework.security.web.authentication.AbstractAuthenticationProcessingFilter.doFilter(AbstractAuthenticationProcessingFilter.java:213)
	at org.springframework.security.web.FilterChainProxy$VirtualFilterChain.doFilter(FilterChainProxy.java:336)
	at org.springframework.security.web.authentication.logout.LogoutFilter.doFilter(LogoutFilter.java:103)
	at org.springframework.security.web.authentication.logout.LogoutFilter.doFilter(LogoutFilter.java:89)
	at org.springframework.security.web.FilterChainProxy$VirtualFilterChain.doFilter(FilterChainProxy.java:336)
	at org.springframework.security.web.header.HeaderWriterFilter.doHeadersAfter(HeaderWriterFilter.java:90)
	at org.springframework.security.web.header.HeaderWriterFilter.doFilterInternal(HeaderWriterFilter.java:75)
	at org.springframework.web.filter.OncePerRequestFilter.doFilter(OncePerRequestFilter.java:119)
	at org.springframework.security.web.FilterChainProxy$VirtualFilterChain.doFilter(FilterChainProxy.java:336)
	at org.springframework.security.web.context.SecurityContextPersistenceFilter.doFilter(SecurityContextPersistenceFilter.java:110)
	at org.springframework.security.web.context.SecurityContextPersistenceFilter.doFilter(SecurityContextPersistenceFilter.java:80)
	at org.springframework.security.web.FilterChainProxy$VirtualFilterChain.doFilter(FilterChainProxy.java:336)
	at org.springframework.security.web.context.request.async.WebAsyncManagerIntegrationFilter.doFilterInternal(WebAsyncManagerIntegrationFilter.java:55)
	at org.springframework.web.filter.OncePerRequestFilter.doFilter(OncePerRequestFilter.java:119)
	at org.springframework.security.web.FilterChainProxy$VirtualFilterChain.doFilter(FilterChainProxy.java:336)
	at org.springframework.security.web.FilterChainProxy.doFilterInternal(FilterChainProxy.java:211)
	at org.springframework.security.web.FilterChainProxy.doFilter(FilterChainProxy.java:183)
	at org.springframework.web.filter.DelegatingFilterProxy.invokeDelegate(DelegatingFilterProxy.java:358)
	at org.springframework.web.filter.DelegatingFilterProxy.doFilter(DelegatingFilterProxy.java:271)
	at org.apache.catalina.core.ApplicationFilterChain.internalDoFilter(ApplicationFilterChain.java:189)
	at org.apache.catalina.core.ApplicationFilterChain.doFilter(ApplicationFilterChain.java:162)
	at org.springframework.web.filter.RequestContextFilter.doFilterInternal(RequestContextFilter.java:100)
	at org.springframework.web.filter.OncePerRequestFilter.doFilter(OncePerRequestFilter.java:119)
	at org.apache.catalina.core.ApplicationFilterChain.internalDoFilter(ApplicationFilterChain.java:189)
	at org.apache.catalina.core.ApplicationFilterChain.doFilter(ApplicationFilterChain.java:162)
	at org.springframework.web.filter.FormContentFilter.doFilterInternal(FormContentFilter.java:93)
	at org.springframework.web.filter.OncePerRequestFilter.doFilter(OncePerRequestFilter.java:119)
	at org.apache.catalina.core.ApplicationFilterChain.internalDoFilter(ApplicationFilterChain.java:189)
	at org.apache.catalina.core.ApplicationFilterChain.doFilter(ApplicationFilterChain.java:162)
	at org.springframework.web.filter.CharacterEncodingFilter.doFilterInternal(CharacterEncodingFilter.java:201)
	at org.springframework.web.filter.OncePerRequestFilter.doFilter(OncePerRequestFilter.java:119)
	at org.apache.catalina.core.ApplicationFilterChain.internalDoFilter(ApplicationFilterChain.java:189)
	at org.apache.catalina.core.ApplicationFilterChain.doFilter(ApplicationFilterChain.java:162)
	at org.apache.catalina.core.StandardWrapperValve.invoke(StandardWrapperValve.java:197)
	at org.apache.catalina.core.StandardContextValve.invoke(StandardContextValve.java:97)
	at org.apache.catalina.authenticator.AuthenticatorBase.invoke(AuthenticatorBase.java:540)
	at org.apache.catalina.core.StandardHostValve.invoke(StandardHostValve.java:135)
	at org.apache.catalina.valves.ErrorReportValve.invoke(ErrorReportValve.java:92)
	at org.apache.catalina.core.StandardEngineValve.invoke(StandardEngineValve.java:78)
	at org.apache.catalina.connector.CoyoteAdapter.service(CoyoteAdapter.java:357)
	at org.apache.coyote.http11.Http11Processor.service(Http11Processor.java:382)
	at org.apache.coyote.AbstractProcessorLight.process(AbstractProcessorLight.java:65)
	at org.apache.coyote.AbstractProtocol$ConnectionHandler.process(AbstractProtocol.java:895)
	at org.apache.tomcat.util.net.NioEndpoint$SocketProcessor.doRun(NioEndpoint.java:1722)
	at org.apache.tomcat.util.net.SocketProcessorBase.run(SocketProcessorBase.java:49)
	at org.apache.tomcat.util.threads.ThreadPoolExecutor.runWorker(ThreadPoolExecutor.java:1191)
	at org.apache.tomcat.util.threads.ThreadPoolExecutor$Worker.run(ThreadPoolExecutor.java:659)
	at org.apache.tomcat.util.threads.TaskThread$WrappingRunnable.run(TaskThread.java:61)
	at java.base/java.lang.Thread.run(Thread.java:840)

[2025-02-13T13:24:59.6843484] Failed to download all learning paths for user 1
[2025-02-13T13:24:59.6843484] Failed to download all learning paths for user 1
[2025-02-13T13:24:59.6859895] Failed to download all learning paths for user 1
[2025-02-13T13:24:59.6859895] Failed to download all learning paths for user 1
[2025-02-13T13:24:59.6864972] Failed to download all learning paths for user 1
[2025-02-13T13:24:59.6864972] Failed to download all learning paths for user 1
[2025-02-13T13:25:19.1780296] Starting comprehensive learning path verification for user 1
[2025-02-13T13:25:19.1800849] Checking path for user 1, course 53: EXISTS
[2025-02-13T13:25:19.1805939] Checking path for user 1, course 54: NOT FOUND
[2025-02-13T13:25:19.1816054] Checking path for user 1, course 55: NOT FOUND
[2025-02-13T13:25:19.182639] Checking path for user 1, course 56: NOT FOUND
[2025-02-13T13:25:19.1836562] Starting download of missing learning paths for user 1: [54, 55, 56]
[2025-02-13T13:25:19.1841613] Attempting to download learning path from URL: http://localhost:8000/learning_path/1/54
[2025-02-13T13:25:19.1856682] Target save location: C:\Users\mdfar\OneDrive\Desktop\withfeedback\registration-login-spring-boot-security-thymeleaf\src\main\resources\static\data\data\learning_paths\1_54_path.json
[2025-02-13T13:25:50.5878831] Successfully downloaded learning path for user 1, course 54
[2025-02-13T13:25:50.5888735] Download details - Bytes transferred: 6948, Duration: 31400 ms
[2025-02-13T13:25:50.5888735] Verifying downloaded file - Size: 6948 bytes
[2025-02-13T13:25:50.620455] First few lines of the downloaded file:
[2025-02-13T13:25:50.6214639]   {"learning_path":{"modules":[{"id":"M1","title":"Basic Data Structures","description":"Introduction to basic data structures such as arrays, linked lists, stacks, queues, and trees.","sub_modules":[{"id":"M1-S1","title":"Introduction to Data Structures","description":"Learning the fundamental concepts of data structures including time complexity, space complexity, and trade-offs.","activities":[{"id":"M1-S1-A1","title":"Watch Introductory Videos","description":"Watching introductory videos on basic data structures.","duration":5},{"id":"M1-S1-A2","title":"Complete Basic DS Exercises","description":"Completing exercises on basic data structures to reinforce understanding.","duration":15}]},{"id":"M1-S2","title":"Learning and Practicing Data Structures","description":"Practicing data structures using Python.","activities":[{"id":"M1-S2-A1","title":"Practice Data Structure Problems","description":"Practicing problems on basic data structures.","duration":30}]}],"difficulty_level":"beginner","prerequisites":["some_knowledge"]},{"id":"M2","title":"Data Structures and Algorithms","description":"Learning data structures and algorithms including sorting, searching, graph traversal, and more.","sub_modules":[{"id":"M2-S1","title":"Sorting and Searching","description":"Learning about different types of sorting algorithms such as quicksort and heapsort, as well as searching algorithms like binary search.","activities":[{"id":"M2-S1-A1","title":"Learn Sorting Algorithms","description":"Learning the basics of sorting algorithms including time complexity, space complexity, and trade-offs.","duration":10}]},{"id":"M2-S2","title":"Graph Traversal and Other DS Algorithms","description":"Learning graph traversal algorithms like BFS and DFS, as well as other data structures such as hash tables and stacks.","activities":[{"id":"M2-S2-A1","title":"Learn Graph Traversal Algorithms","description":"Learning the basics of graph traversal algorithms including time complexity, space complexity, and trade-offs.","duration":15}]},{"id":"M2-S3","title":"Practice DS Algorithm Problems","description":"Practicing problems on data structures and algorithms to reinforce understanding.","activities":[{"id":"M2-S3-A1","title":"Complete DS Algorithm Exercises","description":"Completing exercises on data structures and algorithms.","duration":45}]}],"difficulty_level":"intermediate","prerequisites":["some_knowledge"]},{"id":"M3","title":"Optimization Techniques","description":"Learning optimization techniques such as greedy algorithms, dynamic programming, and more.","sub_modules":[{"id":"M3-S1","title":"Learn Greedy Algorithms","description":"Learning the basics of greedy algorithms including time complexity, space complexity, and trade-offs.","activities":[{"id":"M3-S1-A1","title":"Watch Videos on Greedy Algorithms","description":"Watching videos on greedy algorithms.","duration":10}]},{"id":"M3-S2","title":"Learn Dynamic Programming","description":"Learning the basics of dynamic programming including time complexity, space complexity, and trade-offs.","activities":[{"id":"M3-S2-A1","title":"Complete DP Exercises","description":"Completing exercises on dynamic programming.","duration":15}]},{"id":"M3-S3","title":"Practice Optimization Problems","description":"Practicing problems on optimization techniques to reinforce understanding.","activities":[{"id":"M3-S3-A1","title":"Complete Optimization Exercises","description":"Completing exercises on optimization techniques.","duration":45}]}],"difficulty_level":"advanced","prerequisites":["some_knowledge"]},{"id":"M4","title":"Review and Practice","description":"Reviewing data structures and algorithms and practicing problems to reinforce understanding.","sub_modules":[{"id":"M4-S1","title":"Watch Videos on DS Algorithms","description":"Watching videos on data structures and algorithms.","activities":[{"id":"M4-S1-A1","title":"Practice Problems on DS Algorithms","description":"Practicing problems on data structures and algorithms.","duration":30}]},{"id":"M4-S2","title":"Complete Review Exercises","description":"Completing exercises to review data structures and algorithms.","activities":[{"id":"M4-S2-A1","title":"Watch Videos on DS Algorithm Complexity","description":"Watching videos on complexity of data structures and algorithms.","duration":10}]},{"id":"M4-S3","title":"Review Your Progress","description":"Reviewing progress, identifying weak areas, and developing strategies to improve.","activities":[{"id":"M4-S3-A1","title":"Identify Weak Areas","description":"Identifying weak areas and developing a plan to improve.","duration":5}]},{"id":"M4-S4","title":"Practice Problem Solving","description":"Practicing problem solving strategies.","activities":[{"id":"M4-S4-A1","title":"Complete Problem Solving Exercises","description":"Completing exercises on problem solving strategies.","duration":45}]},{"id":"M4-S5","title":"Practice Learning Style","description":"Practicing learning styles and developing a plan to improve.","activities":[{"id":"M4-S5-A1","title":"Watch Videos on Learning Styles","description":"Watching videos on learning styles.","duration":10}]},{"id":"M4-S6","title":"Develop Motivation","description":"Developing motivation and staying committed to learning.","activities":[{"id":"M4-S6-A1","title":"Set Learning Goals","description":"Setting learning goals and developing a plan to achieve them.","duration":5}]},{"id":"M4-S7","title":"Learn Logical Reasoning","description":"Learning logical reasoning strategies.","activities":[{"id":"M4-S7-A1","title":"Complete Logical Reasoning Exercises","description":"Completing exercises on logical reasoning strategies.","duration":45}]},{"id":"M4-S8","title":"Learn Mathematical Concepts","description":"Learning mathematical concepts including time complexity, space complexity, and trade-offs.","activities":[{"id":"M4-S8-A1","title":"Watch Videos on Mathematical Concepts","description":"Watching videos on mathematical concepts.","duration":10}]},{"id":"M4-S9","title":"Develop Motivation and Staying Committed","description":"Developing motivation and staying committed to learning data structures and algorithms.","activities":[{"id":"M4-S9-A1","title":"Practice Problem Solving with Positive Feedback","description":"Practicing problem solving with positive feedback.","duration":30}]}],"difficulty_level":"intermediate","prerequisites":["some_knowledge"]}],"quiz_adaptations":[]},"course_id":54,"user_id":1,"quiz_performance":{"topic_scores":{"general":100.0,"problem_solving":0.0,"learning_style":50.0,"logical_reasoning":100.0,"mathematical":100.0,"motivation":100.0},"overall_score":70.0,"weak_areas":["problem_solving","learning_style"],"strengths":["general","logical_reasoning","mathematical","motivation"],"total_questions_answered":10,"question_distribution":{"general":1,"problem_solving":2,"learning_style":2,"logical_reasoning":2,"mathematical":2,"motivation":1}}}
[2025-02-13T13:25:50.6224709] Attempting to download learning path from URL: http://localhost:8000/learning_path/1/55
[2025-02-13T13:25:50.6224709] Target save location: C:\Users\mdfar\OneDrive\Desktop\withfeedback\registration-login-spring-boot-security-thymeleaf\src\main\resources\static\data\data\learning_paths\1_55_path.json
[2025-02-13T13:25:59.1867894] Successfully downloaded learning path for user 1, course 55
[2025-02-13T13:25:59.1867894] Download details - Bytes transferred: 1485, Duration: 8562 ms
[2025-02-13T13:25:59.187788] Verifying downloaded file - Size: 1485 bytes
[2025-02-13T13:25:59.2037577] First few lines of the downloaded file:
[2025-02-13T13:25:59.2088058]   {"learning_path":{"modules":[{"id":"M1","title":"{Title_1}","description":"{Description_1}","sub_modules":[{"id":"M1-S1","title":"{Title_2}","description":"{Description_2}","activities":[{"id":"M1-S1-A1","title":"{Title_3}","duration":120,"learning objectives":["LO_1","LO_2"]},{"id":"M1-S1-A2","title":"{Title_4}","duration":90,"learning objectives":[],"quiz":"Quiz_A"}]},{"id":"M1-S2","title":"{Title_5}","description":"{Description_3}","activities":[{"id":"M1-S2-A1","title":"{Title_6}","duration":180,"learning objectives":["LO_1","LO_2","LO_3"]},{"id":"M1-S2-A2","title":"{Title_7}","duration":150,"learning objectives":[],"quiz":"Quiz_B"}]},{"id":"M1-S3","title":"{Title_8}","description":"{Description_4}","activities":[{"id":"M1-S3-A1","title":"{Title_9}","duration":180,"learning objectives":["LO_1","LO_2","LO_3","LO_4"]},{"id":"M1-S3-A2","title":"{Title_10}","duration":150,"learning objectives":[],"quiz":"Quiz_C"}]}]}],"quiz_adaptations":["Quiz_A","Quiz_B","Quiz_C","Quiz_D"]},"course_id":55,"user_id":1,"quiz_performance":{"topic_scores":{"general":100.0,"problem_solving":0.0,"learning_style":50.0,"logical_reasoning":100.0,"mathematical":100.0,"motivation":100.0},"overall_score":70.0,"weak_areas":["problem_solving","learning_style"],"strengths":["general","logical_reasoning","mathematical","motivation"],"total_questions_answered":10,"question_distribution":{"general":1,"problem_solving":2,"learning_style":2,"logical_reasoning":2,"mathematical":2,"motivation":1}}}
[2025-02-13T13:25:59.2088058] Attempting to download learning path from URL: http://localhost:8000/learning_path/1/56
[2025-02-13T13:25:59.2098043] Target save location: C:\Users\mdfar\OneDrive\Desktop\withfeedback\registration-login-spring-boot-security-thymeleaf\src\main\resources\static\data\data\learning_paths\1_56_path.json
[2025-02-13T13:26:20.6222801] Successfully downloaded learning path for user 1, course 56
[2025-02-13T13:26:20.6237876] Download details - Bytes transferred: 4460, Duration: 21412 ms
[2025-02-13T13:26:20.6237876] Verifying downloaded file - Size: 4460 bytes
[2025-02-13T13:26:20.6418197] First few lines of the downloaded file:
[2025-02-13T13:26:20.6433303]   {"learning_path":{"modules":[{"id":"M1","title":"Introduction to Cognitive Biases","description":"This module introduces the concept of cognitive biases and their impact on technology decision making.","sub_modules":[{"id":"M1-S1","title":"What are Cognitive Biases?","description":"This sub-module explains the definition and types of cognitive biases.","activities":[{"type":"video","content_id":"bias_definition","id":"M1-S1-A1"},{"type":"quiz","questions":[{"id":"q1","question":"What is a cognitive bias?","options":["A mistake in reasoning","A systematic error in thinking","An incorrect assumption"],"correct_answer":"2"}],"id":"M1-S1-A2"}]},{"id":"M1-S2","title":"Types of Cognitive Biases","description":"This sub-module explains the different types of cognitive biases and their examples.","activities":[{"type":"text","content_id":"bias_types","id":"M1-S2-A1"},{"type":"quiz","questions":[{"id":"q2","question":"What is confirmation bias?","options":["The tendency to seek out information that confirms one's preconceptions","The tendency to ignore contradictory evidence"],"correct_answer":"1"}],"id":"M1-S2-A2"}]}],"duration":"As soon as possible","objectives":["Understand the definition and types of cognitive biases.","Recognize examples of cognitive biases in technology decision making."]},{"id":"M2","title":"Heuristics and Mental Models","description":"This module explains heuristics, mental models, and their role in cognitive biases.","sub_modules":[{"id":"M2-S1","title":"What are Heuristics?","description":"This sub-module explains the concept of heuristics and how they influence decision making.","activities":[{"type":"video","content_id":"heuristics","id":"M2-S1-A1"},{"type":"quiz","questions":[{"id":"q3","question":"What is the availability heuristic?","options":["The tendency to overestimate the importance of vivid events","The tendency to underestimate the importance of routine events"],"correct_answer":"1"}],"id":"M2-S1-A2"}]},{"id":"M2-S2","title":"Mental Models and Biases","description":"This sub-module explains how mental models can perpetuate cognitive biases.","activities":[{"type":"text","content_id":"mental_models","id":"M2-S2-A1"},{"type":"quiz","questions":[{"id":"q4","question":"What is the representativeness heuristic?","options":["The tendency to judge the likelihood of an event based on how closely it resembles a typical case","The tendency to ignore atypical cases"],"correct_answer":"1"}],"id":"M2-S2-A2"}]}],"duration":"After Module 1","objectives":["Understand the concept of heuristics and their influence on decision making.","Recognize how mental models can perpetuate cognitive biases."]},{"id":"M3","title":"Data-Driven Decision Making and Bias Mitigation","description":"This module explains strategies for data-driven decision making and bias mitigation in technology.","sub_modules":[{"id":"M3-S1","title":"Data-Driven Decision Making","description":"This sub-module explains the importance of data-driven decision making and how to incorporate it into your workflow.","activities":[{"type":"video","content_id":"data_driven","id":"M3-S1-A1"},{"type":"quiz","questions":[{"id":"q5","question":"What is the importance of data quality in decision making?","options":["High","Low","Medium"],"correct_answer":"0"}],"id":"M3-S1-A2"}]},{"id":"M3-S2","title":"Bias Mitigation Strategies","description":"This sub-module explains various strategies for bias mitigation in technology decision making.","activities":[{"type":"text","content_id":"bias_mitigation","id":"M3-S2-A1"},{"type":"quiz","questions":[{"id":"q6","question":"What is the role of diversity and inclusion in bias mitigation?","options":["Minor","Major","Critical"],"correct_answer":"2"}],"id":"M3-S2-A2"}]}],"duration":"After Module 2","objectives":["Understand the importance of data-driven decision making and how to incorporate it into your workflow.","Recognize strategies for bias mitigation in technology decision making."]}]},"course_id":56,"user_id":1,"quiz_performance":{"topic_scores":{"general":100.0,"problem_solving":0.0,"learning_style":50.0,"logical_reasoning":100.0,"mathematical":100.0,"motivation":100.0},"overall_score":70.0,"weak_areas":["problem_solving","learning_style"],"strengths":["general","logical_reasoning","mathematical","motivation"],"total_questions_answered":10,"question_distribution":{"general":1,"problem_solving":2,"learning_style":2,"logical_reasoning":2,"mathematical":2,"motivation":1}}}
[2025-02-13T13:26:20.6433303] Successfully downloaded all missing learning paths for user 1
[2025-02-13T13:31:58.9420322] Starting comprehensive learning path verification for user 2
[2025-02-13T13:31:58.944571] Checking path for user 2, course 57: NOT FOUND
[2025-02-13T13:31:58.9458683] Checking path for user 2, course 58: NOT FOUND
[2025-02-13T13:31:58.9468838] Checking path for user 2, course 59: NOT FOUND
[2025-02-13T13:31:58.9478828] Checking path for user 2, course 60: NOT FOUND
[2025-02-13T13:31:58.9493922] Checking path for user 2, course 61: NOT FOUND
[2025-02-13T13:31:58.9504045] Starting download of missing learning paths for user 2: [57, 58, 59, 60, 61]
[2025-02-13T13:31:58.9514017] Attempting to download learning path from URL: http://localhost:8000/learning_path/2/57
[2025-02-13T13:31:58.951929] Target save location: C:\Users\mdfar\OneDrive\Desktop\withfeedback\registration-login-spring-boot-security-thymeleaf\src\main\resources\static\data\data\learning_paths\2_57_path.json
[2025-02-13T13:32:34.6656904] Successfully downloaded learning path for user 2, course 57
[2025-02-13T13:32:34.6667026] Download details - Bytes transferred: 4529, Duration: 35711 ms
[2025-02-13T13:32:34.6667026] Verifying downloaded file - Size: 4529 bytes
[2025-02-13T13:32:34.701924] First few lines of the downloaded file:
[2025-02-13T13:32:34.7034345]   {"learning_path":{"modules":[{"id":"M1","title":"Module One: Marketing Fundamentals","description":"Introduction to marketing and its importance.","sub_modules":[{"id":"M1-S1","title":"What is Marketing?","description":"Exploring the definition, types of marketing, and its role in business.","activities":[{"id":"M1-S1-A1","type":"Quiz","title":"Quiz 1: What is Marketing?","description":"Understanding the basics of marketing.","learning objectives":["Define marketing","Explain types of marketing"],"duration":"30 minutes","activities":[{"id":"Activity-1.1_2","type":"Discussion Forum","title":"What do you think is the most important aspect of marketing?","description":"Sharing thoughts and opinions on marketing.","learning objectives":["Analyze marketing's impact","Identify key marketing concepts"],"duration":"45 minutes","activities":[{"id":"Activity-1.1_3","type":"Video Lecture","title":"Understanding the Basics of Marketing.","description":"Learning about marketing's role in business and its importance.","learning objectives":["Explain marketing's definition","Describe types of marketing"],"duration":"45 minutes"}],"sub_modules":[{"id":"Sub-module-1.2","title":"Types of Marketing","description":"Exploring various forms of marketing and their applications.","activities":[{"id":"Activity-1.3_1","type":"Quiz","title":"Quiz 3: Marketing Fundamentals","description":"Evaluating understanding of marketing basics.","learning objectives":["Recite the definition","Describe types of marketing"],"duration":"30 minutes"}]},{"id":"Two","title":"Module Two: Understanding Your Target Market","description":"Identifying your target audience and analyzing their behavior.","sub_modules":[{"id":"Sub-module-2.1","title":"Understanding Consumer Behavior","description":"Analyzing how consumers make purchasing decisions.","activities":[{"id":"Activity-2.1_1","type":"Quiz","title":"Quiz 4: Understanding Consumer Behavior","description":"Evaluating comprehension of consumer behavior.","learning objectives":["Describe the benefits of segmentation","Explain how to use demographic data"],"duration":"30 minutes"},{"id":"Activity-2.1_2","type":"Discussion Forum","title":"What do you think are the most important factors in consumer behavior?","description":"Sharing thoughts and opinions on consumer behavior.","learning objectives":["Analyze the importance of segmentation","Explain how to use demographic data"],"duration":"45 minutes"},"activities",{"id":"Activity-2.1_3","type":"Video Lecture","title":"Understanding Consumer Behavior.","description":"Learning about consumer behavior and its role in marketing.","learning objectives":["Explain the benefits of segmentation","Describe how to use demographic data"],"duration":"45 minutes"},"sub_modules",{"id":"Sub-module-2.2","title":"Identifying Your Target Market","description":"Analyze your target market and create buyer personas.","activities":[{"id":"Activity-2.2_1","type":"Quiz","title":"Quiz 5: Identifying Your Target Market","description":"Evaluating understanding of target market analysis.","learning objectives":["Describe the process of segmenting","Explain how to create buyer personas"],"duration":"30 minutes"},{"id":"Activity-2.2_2","type":"Case Study","title":"Analyzing a Target Market","description":"Examining a real-world target market analysis.","learning objectives":["Apply segmentation","Create buyer personas"],"duration":"60 minutes"}]}]},{"id":"Three","title":"Module Three: Branding and Positioning.","description":"Understanding the importance of branding and positioning in marketing.","sub_modules":[{"id":"Sub-module-3.1","title":"The Importance of Branding","description":"Analyzing the role of branding in marketing strategy.","activities":[{"id":"Activity-4_1","type":"Quiz","title":"Quiz 8: Branding and Positioning.","description":"Evaluating comprehension of branding and positioning.","learning objectives":["Recite the importance of brand awareness","Describe unique selling propositions"],"duration":"30 minutes"}]}]}]}]}]}]}]}]},"course_id":57,"user_id":2,"quiz_performance":{"topic_scores":{"general":100.0,"problem_solving":50.0,"learning_style":50.0,"logical_reasoning":0.0,"mathematical":50.0,"motivation":0.0},"overall_score":40.0,"weak_areas":["problem_solving","learning_style","logical_reasoning","mathematical","motivation"],"strengths":["general"],"total_questions_answered":10,"question_distribution":{"general":1,"problem_solving":2,"learning_style":2,"logical_reasoning":2,"mathematical":2,"motivation":1}}}
[2025-02-13T13:32:34.7044435] Attempting to download learning path from URL: http://localhost:8000/learning_path/2/58
[2025-02-13T13:32:34.7044435] Target save location: C:\Users\mdfar\OneDrive\Desktop\withfeedback\registration-login-spring-boot-security-thymeleaf\src\main\resources\static\data\data\learning_paths\2_58_path.json
[2025-02-13T13:32:54.1096251] Successfully downloaded learning path for user 2, course 58
[2025-02-13T13:32:54.1106232] Download details - Bytes transferred: 4059, Duration: 19404 ms
[2025-02-13T13:32:54.1131537] Verifying downloaded file - Size: 4059 bytes
[2025-02-13T13:32:54.1436471] First few lines of the downloaded file:
[2025-02-13T13:32:54.1456945]   {"learning_path":{"modules":[{"id":"M1","title":"Introduction to Problem-Solving Strategies","description":"This module introduces marketing students to the world of problem-solving strategies.","sub_modules":[{"id":"M1-S1","title":"Problem Solving Framework","description":"Learn how to approach problems using a structured framework.","activities":[{"type":"video","content":"Introduction to problem-solving frameworks","id":"M1-S1-A1"},{"type":"quiz","content":"Apply the problem-solving framework to real-world scenarios","id":"M1-S1-A2"}]},{"id":"M1-S2","title":"Analytical Thinking Techniques","description":"Develop your analytical thinking skills to tackle complex problems.","activities":[{"type":"text","content":"Read and analyze case studies","id":"M1-S2-A1"},{"type":"exercise","content":"Practice identifying patterns and relationships in data","id":"M1-S2-A2"}]}],"duration":"When ready"},{"id":"M2","title":"Problem-Solving Tactics","description":"Master various tactics to overcome common problem-solving obstacles.","sub_modules":[{"id":"M2-S1","title":"Brute Force Approach","description":"Learn when and how to use the brute force approach to solve problems.","activities":[{"type":"video","content":"Introduction to brute force tactics","id":"M2-S1-A1"},{"type":"quiz","content":"Apply the brute force approach in practice exercises","id":"M2-S1-A2"}]},{"id":"M2-S2","title":"Divide and Conquer Technique","description":"Develop your skills in dividing problems into manageable parts.","activities":[{"type":"text","content":"Read and analyze examples of divide and conquer techniques","id":"M2-S2-A1"},{"type":"exercise","content":"Practice applying the technique to real-world scenarios","id":"M2-S2-A2"}]}],"duration":"When ready"},{"id":"M3","title":"Problem-Solving with Data","description":"Master data analysis techniques to inform problem-solving decisions.","sub_modules":[{"id":"M3-S1","title":"Data Analysis Techniques","description":"Learn how to analyze and interpret data for better decision-making.","activities":[{"type":"video","content":"Introduction to data analysis techniques","id":"M3-S1-A1"},{"type":"exercise","content":"Practice applying data analysis techniques in practice exercises","id":"M3-S1-A2"}]},{"id":"M3-S2","title":"Data Visualization Techniques","description":"Understand how to present complex data insights effectively.","activities":[{"type":"text","content":"Read and analyze examples of effective data visualization","id":"M3-S2-A1"},{"type":"exercise","content":"Practice creating visualizations in a data analysis tool","id":"M3-S2-A2"}]}],"duration":"When ready"},{"id":"M4","title":"Problem-Solving Strategies","description":"Apply problem-solving strategies to real-world marketing scenarios.","sub_modules":[{"id":"M4-S1","title":"Marketing Strategy Development","description":"Learn how to develop effective marketing strategies using problem-solving techniques.","activities":[{"type":"video","content":"Introduction to marketing strategy development","id":"M4-S1-A1"},{"type":"exercise","content":"Practice developing marketing strategies in practice exercises","id":"M4-S1-A2"}]},{"id":"M4-S2","title":"Product Development Strategies","description":"Understand how to develop effective product strategies using problem-solving techniques.","activities":[{"type":"text","content":"Read and analyze examples of successful product launches","id":"M4-S2-A1"},{"type":"exercise","content":"Practice developing product strategies in practice exercises","id":"M4-S2-A2"}]}],"duration":"When ready"}]},"course_id":58,"user_id":2,"quiz_performance":{"topic_scores":{"general":100.0,"problem_solving":50.0,"learning_style":50.0,"logical_reasoning":0.0,"mathematical":50.0,"motivation":0.0},"overall_score":40.0,"weak_areas":["problem_solving","learning_style","logical_reasoning","mathematical","motivation"],"strengths":["general"],"total_questions_answered":10,"question_distribution":{"general":1,"problem_solving":2,"learning_style":2,"logical_reasoning":2,"mathematical":2,"motivation":1}}}
[2025-02-13T13:32:54.1456945] Attempting to download learning path from URL: http://localhost:8000/learning_path/2/59
[2025-02-13T13:32:54.1472148] Target save location: C:\Users\mdfar\OneDrive\Desktop\withfeedback\registration-login-spring-boot-security-thymeleaf\src\main\resources\static\data\data\learning_paths\2_59_path.json
[2025-02-13T13:33:44.035017] Successfully downloaded learning path for user 2, course 59
[2025-02-13T13:33:44.035017] Download details - Bytes transferred: 8655, Duration: 49886 ms
[2025-02-13T13:33:44.0360242] Verifying downloaded file - Size: 8655 bytes
[2025-02-13T13:33:44.0704683] First few lines of the downloaded file:
[2025-02-13T13:33:44.0724694]   {"learning_path":{"modules":[{"id":"M1","title":"Introduction to Storytelling in Marketing","description":"This module introduces the concept of storytelling in marketing, its importance, and how it can be applied in real-world scenarios.","sub_modules":[{"id":"M1-S1","title":"What is Storytelling in Marketing?","description":"This sub-module explains the concept of storytelling in marketing, its history, and how it differs from other forms of communication.","activities":[{"id":"M1-S1-A1","title":"Define Storytelling in Marketing","description":"Identify and define storytelling in marketing. Provide examples of successful storytelling campaigns.","duration":30,"quiz":{"type":"multiple_choice","correct_answers":["The use of narrative techniques to engage audiences and convey messages."],"questions":["What is the primary purpose of storytelling in marketing?","How does storytelling differ from other forms of communication?"]}},{"id":"M1-S1-A2","title":"History of Storytelling in Marketing","description":"Explain the history and evolution of storytelling in marketing. Discuss its impact on various industries.","duration":45,"quiz":{"type":"short_answer","correct_answers":["The early days of advertising, the rise of digital media, and the current state of the industry."],"questions":["When did storytelling first emerge as a marketing strategy?"]}}],"learning_outcomes":["Understanding of the concept of storytelling in marketing.","Knowledge of the history and evolution of storytelling in marketing."]},{"id":"M1-S2","title":"Types of Storytelling in Marketing","description":"This sub-module explores different types of storytelling in marketing, including brand storytelling, customer storytelling, and experiential storytelling.","activities":[{"id":"M1-S2-A1","title":"Brand Storytelling","description":"Explain the concept of brand storytelling and its application in marketing. Provide examples of successful brand storytelling campaigns.","duration":45,"quiz":{"type":"multiple_choice","correct_answers":["The use of narrative techniques to build brand awareness and loyalty."],"questions":["What is the primary goal of brand storytelling?","How does brand storytelling differ from other forms of marketing?"]}},{"id":"M1-S2-A2","title":"Customer Storytelling","description":"Discuss the importance of customer storytelling in marketing. Explain how to create effective customer stories and provide examples.","duration":40,"quiz":{"type":"short_answer","correct_answers":["The use of customer stories to build trust and loyalty."],"questions":["Why is customer storytelling important in marketing?"]}},{"id":"M1-S2-A3","title":"Experiential Storytelling","description":"Explain the concept of experiential storytelling and its application in marketing. Provide examples of successful experiential storytelling campaigns.","duration":50,"quiz":{"type":"multiple_choice","correct_answers":["The use of immersive experiences to create memorable brand moments."],"questions":["What is the primary goal of experiential storytelling?","How does experiential storytelling differ from other forms of marketing?"]}}],"learning_outcomes":["Understanding of different types of storytelling in marketing.","Knowledge of how to apply storytelling techniques in various marketing contexts."]}],"duration":"AsNeeded","prerequisites":["Introduction_to_Marketing"]},{"id":"M2","title":"Crafting a Compelling Story","description":"This module teaches the skills and techniques necessary to craft a compelling story that resonates with audiences.","sub_modules":[{"id":"M2-S1","title":"The Art of Scriptwriting","description":"Explain the principles of scriptwriting and how they apply to storytelling in marketing. Provide examples of successful scriptwriting campaigns.","activities":[{"id":"M2-S1-A1","title":"Scriptwriting Elements","description":"Identify and explain the key elements of effective scriptwriting, including structure, pacing, and dialogue.","duration":30,"quiz":{"type":"multiple_choice","correct_answers":["The use of narrative techniques to engage audiences."],"questions":["What is the primary purpose of scriptwriting in marketing?"]}},{"id":"M2-S1-A2","title":"Dialogue Writing Tips","description":"Provide tips and best practices for writing effective dialogue that resonates with audiences.","duration":45,"quiz":{"type":"short_answer","correct_answers":["Use contractions, avoid jargon, and create distinct voices."],"questions":["How can you make dialogue more engaging?"]}}],"learning_outcomes":["Understanding of the principles of scriptwriting.","Knowledge of how to write effective dialogue."]},{"id":"M2-S2","title":"Visual Media Telling","description":"Explain the importance of visual media in storytelling and provide tips for creating effective visual content.","activities":[{"id":"M2-S2-A1","title":"Image Sequencing Tips","description":"Provide tips and best practices for sequencing images to tell a story.","duration":30,"quiz":{"type":"multiple_choice","correct_answers":["Use a consistent color palette, avoid clutter, and create visual hierarchy."],"questions":["What is the primary goal of image sequencing in marketing?"]}},{"id":"M2-S2-A2","title":"Video Storytelling Tips","description":"Provide tips and best practices for creating effective video content that tells a story.","duration":50,"quiz":{"type":"short_answer","correct_answers":["Use a clear narrative structure, avoid jargon, and create engaging visuals."],"questions":["How can you make your videos more engaging?"]}}],"learning_outcomes":["Understanding of the importance of visual media in storytelling.","Knowledge of how to create effective visual content."]}],"duration":"AsNeeded","prerequisites":["Introduction_to_Storytelling_in_Marketing"]},{"id":"M3","title":"Measuring Storytelling Success","description":"This module teaches how to measure the success of storytelling campaigns and provide insights on how to optimize future efforts.","sub_modules":[{"id":"M3-S1","title":"Metrics for Success","description":"Explain the key metrics used to measure the success of storytelling campaigns, including engagement, conversion, and return on investment.","activities":[{"id":"M3-S1-A1","title":"Engagement Metrics","description":"Identify and explain the different types of engagement metrics used to measure audience interaction with stories.","duration":45,"quiz":{"type":"multiple_choice","correct_answers":["Likes, shares, comments, and reactions."],"questions":["What are some common metrics used to measure engagement?"]}},{"id":"M3-S1-A2","title":"Conversion Metrics","description":"Provide tips and best practices for setting up conversion metrics that drive results.","duration":30,"quiz":{"type":"short_answer","correct_answers":["Use clear calls-to-action, track specific goals, and segment audiences."],"questions":["How can you optimize your conversion rates?"]}}],"learning_outcomes":["Understanding of the key metrics used to measure storytelling success.","Knowledge of how to set up effective conversion metrics."]},{"id":"M3-S2","title":"Optimizing Storytelling Campaigns","description":"Provide tips and best practices for optimizing future storytelling efforts, including A/B testing and audience analysis.","activities":[{"id":"M3-S2-A1","title":"Audience Analysis Tips","description":"Provide tips and best practices for analyzing audience behavior to optimize future storytelling efforts.","duration":30,"quiz":{"What is the primary goal of audience analysis?":["Understand your audience's needs, preferences, and pain points."]}},{"id":"M3-S2-A2","title":"Storytelling Frameworks","description":"Explain different storytelling frameworks that can be used to structure and optimize future campaigns.","activities":[{"What is the primary goal of using a framework?":["Create a clear narrative arc, build tension and suspense, and resolve the story."]},"id","Best_Pactices"],"duration":50,"prerequisites":["Measuring Storytelling Success"]}],"learning_outcomes":["Understanding of how to measure storytelling success.","Knowledge of how to optimize future efforts."]}],"duration":"AsNeeded","prerequisites":[]}]},"course_id":59,"user_id":2,"quiz_performance":{"topic_scores":{"general":100.0,"problem_solving":50.0,"learning_style":50.0,"logical_reasoning":0.0,"mathematical":50.0,"motivation":0.0},"overall_score":40.0,"weak_areas":["problem_solving","learning_style","logical_reasoning","mathematical","motivation"],"strengths":["general"],"total_questions_answered":10,"question_distribution":{"general":1,"problem_solving":2,"learning_style":2,"logical_reasoning":2,"mathematical":2,"motivation":1}}}
[2025-02-13T13:33:44.0744843] Attempting to download learning path from URL: http://localhost:8000/learning_path/2/60
[2025-02-13T13:33:44.0744843] Target save location: C:\Users\mdfar\OneDrive\Desktop\withfeedback\registration-login-spring-boot-security-thymeleaf\src\main\resources\static\data\data\learning_paths\2_60_path.json
[2025-02-13T13:36:15.7174614] Detailed error downloading learning path for user 2, course 60:
[2025-02-13T13:36:15.7174614] Error message: Connection refused: connect
[2025-02-13T13:36:15.7184739] Error type: java.net.ConnectException
[2025-02-13T13:36:15.7194741] Full error stack trace:
[2025-02-13T13:36:15.7204742] java.net.ConnectException: Connection refused: connect
	at java.base/sun.nio.ch.Net.connect0(Native Method)
	at java.base/sun.nio.ch.Net.connect(Net.java:579)
	at java.base/sun.nio.ch.Net.connect(Net.java:568)
	at java.base/sun.nio.ch.NioSocketImpl.connect(NioSocketImpl.java:593)
	at java.base/java.net.Socket.connect(Socket.java:633)
	at java.base/java.net.Socket.connect(Socket.java:583)
	at java.base/sun.net.NetworkClient.doConnect(NetworkClient.java:183)
	at java.base/sun.net.www.http.HttpClient.openServer(HttpClient.java:533)
	at java.base/sun.net.www.http.HttpClient.openServer(HttpClient.java:638)
	at java.base/sun.net.www.http.HttpClient.parseHTTP(HttpClient.java:781)
	at java.base/sun.net.www.protocol.http.HttpURLConnection.getInputStream0(HttpURLConnection.java:1688)
	at java.base/sun.net.www.protocol.http.HttpURLConnection.getInputStream(HttpURLConnection.java:1589)
	at java.base/java.net.URL.openStream(URL.java:1161)
	at com.example.demo.service.LearningPathVerificationService.downloadLearningPath(LearningPathVerificationService.java:91)
	at com.example.demo.service.LearningPathVerificationService.verifyAndFetchLearningPaths(LearningPathVerificationService.java:194)
	at com.example.demo.web.LearningPathController.verifyLearningPaths(LearningPathController.java:45)
	at java.base/jdk.internal.reflect.NativeMethodAccessorImpl.invoke0(Native Method)
	at java.base/jdk.internal.reflect.NativeMethodAccessorImpl.invoke(NativeMethodAccessorImpl.java:77)
	at java.base/jdk.internal.reflect.DelegatingMethodAccessorImpl.invoke(DelegatingMethodAccessorImpl.java:43)
	at java.base/java.lang.reflect.Method.invoke(Method.java:568)
	at org.springframework.web.method.support.InvocableHandlerMethod.doInvoke(InvocableHandlerMethod.java:205)
	at org.springframework.web.method.support.InvocableHandlerMethod.invokeForRequest(InvocableHandlerMethod.java:150)
	at org.springframework.web.servlet.mvc.method.annotation.ServletInvocableHandlerMethod.invokeAndHandle(ServletInvocableHandlerMethod.java:117)
	at org.springframework.web.servlet.mvc.method.annotation.RequestMappingHandlerAdapter.invokeHandlerMethod(RequestMappingHandlerAdapter.java:895)
	at org.springframework.web.servlet.mvc.method.annotation.RequestMappingHandlerAdapter.handleInternal(RequestMappingHandlerAdapter.java:808)
	at org.springframework.web.servlet.mvc.method.AbstractHandlerMethodAdapter.handle(AbstractHandlerMethodAdapter.java:87)
	at org.springframework.web.servlet.DispatcherServlet.doDispatch(DispatcherServlet.java:1067)
	at org.springframework.web.servlet.DispatcherServlet.doService(DispatcherServlet.java:963)
	at org.springframework.web.servlet.FrameworkServlet.processRequest(FrameworkServlet.java:1006)
	at org.springframework.web.servlet.FrameworkServlet.doPost(FrameworkServlet.java:909)
	at javax.servlet.http.HttpServlet.service(HttpServlet.java:681)
	at org.springframework.web.servlet.FrameworkServlet.service(FrameworkServlet.java:883)
	at javax.servlet.http.HttpServlet.service(HttpServlet.java:764)
	at org.apache.catalina.core.ApplicationFilterChain.internalDoFilter(ApplicationFilterChain.java:227)
	at org.apache.catalina.core.ApplicationFilterChain.doFilter(ApplicationFilterChain.java:162)
	at org.apache.tomcat.websocket.server.WsFilter.doFilter(WsFilter.java:53)
	at org.apache.catalina.core.ApplicationFilterChain.internalDoFilter(ApplicationFilterChain.java:189)
	at org.apache.catalina.core.ApplicationFilterChain.doFilter(ApplicationFilterChain.java:162)
	at org.springframework.security.web.FilterChainProxy$VirtualFilterChain.doFilter(FilterChainProxy.java:327)
	at org.springframework.security.web.access.intercept.FilterSecurityInterceptor.invoke(FilterSecurityInterceptor.java:115)
	at org.springframework.security.web.access.intercept.FilterSecurityInterceptor.doFilter(FilterSecurityInterceptor.java:81)
	at org.springframework.security.web.FilterChainProxy$VirtualFilterChain.doFilter(FilterChainProxy.java:336)
	at org.springframework.security.web.access.ExceptionTranslationFilter.doFilter(ExceptionTranslationFilter.java:122)
	at org.springframework.security.web.access.ExceptionTranslationFilter.doFilter(ExceptionTranslationFilter.java:116)
	at org.springframework.security.web.FilterChainProxy$VirtualFilterChain.doFilter(FilterChainProxy.java:336)
	at org.springframework.security.web.session.SessionManagementFilter.doFilter(SessionManagementFilter.java:126)
	at org.springframework.security.web.session.SessionManagementFilter.doFilter(SessionManagementFilter.java:81)
	at org.springframework.security.web.FilterChainProxy$VirtualFilterChain.doFilter(FilterChainProxy.java:336)
	at org.springframework.security.web.authentication.AnonymousAuthenticationFilter.doFilter(AnonymousAuthenticationFilter.java:109)
	at org.springframework.security.web.FilterChainProxy$VirtualFilterChain.doFilter(FilterChainProxy.java:336)
	at org.springframework.security.web.servletapi.SecurityContextHolderAwareRequestFilter.doFilter(SecurityContextHolderAwareRequestFilter.java:149)
	at org.springframework.security.web.FilterChainProxy$VirtualFilterChain.doFilter(FilterChainProxy.java:336)
	at org.springframework.security.web.savedrequest.RequestCacheAwareFilter.doFilter(RequestCacheAwareFilter.java:63)
	at org.springframework.security.web.FilterChainProxy$VirtualFilterChain.doFilter(FilterChainProxy.java:336)
	at org.springframework.security.web.session.ConcurrentSessionFilter.doFilter(ConcurrentSessionFilter.java:147)
	at org.springframework.security.web.session.ConcurrentSessionFilter.doFilter(ConcurrentSessionFilter.java:125)
	at org.springframework.security.web.FilterChainProxy$VirtualFilterChain.doFilter(FilterChainProxy.java:336)
	at org.springframework.security.web.authentication.AbstractAuthenticationProcessingFilter.doFilter(AbstractAuthenticationProcessingFilter.java:219)
	at org.springframework.security.web.authentication.AbstractAuthenticationProcessingFilter.doFilter(AbstractAuthenticationProcessingFilter.java:213)
	at org.springframework.security.web.FilterChainProxy$VirtualFilterChain.doFilter(FilterChainProxy.java:336)
	at org.springframework.security.web.authentication.logout.LogoutFilter.doFilter(LogoutFilter.java:103)
	at org.springframework.security.web.authentication.logout.LogoutFilter.doFilter(LogoutFilter.java:89)
	at org.springframework.security.web.FilterChainProxy$VirtualFilterChain.doFilter(FilterChainProxy.java:336)
	at org.springframework.security.web.header.HeaderWriterFilter.doHeadersAfter(HeaderWriterFilter.java:90)
	at org.springframework.security.web.header.HeaderWriterFilter.doFilterInternal(HeaderWriterFilter.java:75)
	at org.springframework.web.filter.OncePerRequestFilter.doFilter(OncePerRequestFilter.java:119)
	at org.springframework.security.web.FilterChainProxy$VirtualFilterChain.doFilter(FilterChainProxy.java:336)
	at org.springframework.security.web.context.SecurityContextPersistenceFilter.doFilter(SecurityContextPersistenceFilter.java:110)
	at org.springframework.security.web.context.SecurityContextPersistenceFilter.doFilter(SecurityContextPersistenceFilter.java:80)
	at org.springframework.security.web.FilterChainProxy$VirtualFilterChain.doFilter(FilterChainProxy.java:336)
	at org.springframework.security.web.context.request.async.WebAsyncManagerIntegrationFilter.doFilterInternal(WebAsyncManagerIntegrationFilter.java:55)
	at org.springframework.web.filter.OncePerRequestFilter.doFilter(OncePerRequestFilter.java:119)
	at org.springframework.security.web.FilterChainProxy$VirtualFilterChain.doFilter(FilterChainProxy.java:336)
	at org.springframework.security.web.FilterChainProxy.doFilterInternal(FilterChainProxy.java:211)
	at org.springframework.security.web.FilterChainProxy.doFilter(FilterChainProxy.java:183)
	at org.springframework.web.filter.DelegatingFilterProxy.invokeDelegate(DelegatingFilterProxy.java:358)
	at org.springframework.web.filter.DelegatingFilterProxy.doFilter(DelegatingFilterProxy.java:271)
	at org.apache.catalina.core.ApplicationFilterChain.internalDoFilter(ApplicationFilterChain.java:189)
	at org.apache.catalina.core.ApplicationFilterChain.doFilter(ApplicationFilterChain.java:162)
	at org.springframework.web.filter.RequestContextFilter.doFilterInternal(RequestContextFilter.java:100)
	at org.springframework.web.filter.OncePerRequestFilter.doFilter(OncePerRequestFilter.java:119)
	at org.apache.catalina.core.ApplicationFilterChain.internalDoFilter(ApplicationFilterChain.java:189)
	at org.apache.catalina.core.ApplicationFilterChain.doFilter(ApplicationFilterChain.java:162)
	at org.springframework.web.filter.FormContentFilter.doFilterInternal(FormContentFilter.java:93)
	at org.springframework.web.filter.OncePerRequestFilter.doFilter(OncePerRequestFilter.java:119)
	at org.apache.catalina.core.ApplicationFilterChain.internalDoFilter(ApplicationFilterChain.java:189)
	at org.apache.catalina.core.ApplicationFilterChain.doFilter(ApplicationFilterChain.java:162)
	at org.springframework.web.filter.CharacterEncodingFilter.doFilterInternal(CharacterEncodingFilter.java:201)
	at org.springframework.web.filter.OncePerRequestFilter.doFilter(OncePerRequestFilter.java:119)
	at org.apache.catalina.core.ApplicationFilterChain.internalDoFilter(ApplicationFilterChain.java:189)
	at org.apache.catalina.core.ApplicationFilterChain.doFilter(ApplicationFilterChain.java:162)
	at org.apache.catalina.core.StandardWrapperValve.invoke(StandardWrapperValve.java:197)
	at org.apache.catalina.core.StandardContextValve.invoke(StandardContextValve.java:97)
	at org.apache.catalina.authenticator.AuthenticatorBase.invoke(AuthenticatorBase.java:540)
	at org.apache.catalina.core.StandardHostValve.invoke(StandardHostValve.java:135)
	at org.apache.catalina.valves.ErrorReportValve.invoke(ErrorReportValve.java:92)
	at org.apache.catalina.core.StandardEngineValve.invoke(StandardEngineValve.java:78)
	at org.apache.catalina.connector.CoyoteAdapter.service(CoyoteAdapter.java:357)
	at org.apache.coyote.http11.Http11Processor.service(Http11Processor.java:382)
	at org.apache.coyote.AbstractProcessorLight.process(AbstractProcessorLight.java:65)
	at org.apache.coyote.AbstractProtocol$ConnectionHandler.process(AbstractProtocol.java:895)
	at org.apache.tomcat.util.net.NioEndpoint$SocketProcessor.doRun(NioEndpoint.java:1722)
	at org.apache.tomcat.util.net.SocketProcessorBase.run(SocketProcessorBase.java:49)
	at org.apache.tomcat.util.threads.ThreadPoolExecutor.runWorker(ThreadPoolExecutor.java:1191)
	at org.apache.tomcat.util.threads.ThreadPoolExecutor$Worker.run(ThreadPoolExecutor.java:659)
	at org.apache.tomcat.util.threads.TaskThread$WrappingRunnable.run(TaskThread.java:61)
	at java.base/java.lang.Thread.run(Thread.java:840)

[2025-02-13T13:36:15.7239955] Attempting to download learning path from URL: http://localhost:8000/learning_path/2/61
[2025-02-13T13:36:15.7249937] Target save location: C:\Users\mdfar\OneDrive\Desktop\withfeedback\registration-login-spring-boot-security-thymeleaf\src\main\resources\static\data\data\learning_paths\2_61_path.json
[2025-02-13T13:36:15.7269934] Detailed error downloading learning path for user 2, course 61:
[2025-02-13T13:36:15.7269934] Error message: Connection refused: connect
[2025-02-13T13:36:15.7279996] Error type: java.net.ConnectException
[2025-02-13T13:36:15.729017] Full error stack trace:
[2025-02-13T13:36:15.7298065] java.net.ConnectException: Connection refused: connect
	at java.base/sun.nio.ch.Net.connect0(Native Method)
	at java.base/sun.nio.ch.Net.connect(Net.java:579)
	at java.base/sun.nio.ch.Net.connect(Net.java:568)
	at java.base/sun.nio.ch.NioSocketImpl.connect(NioSocketImpl.java:593)
	at java.base/java.net.Socket.connect(Socket.java:633)
	at java.base/java.net.Socket.connect(Socket.java:583)
	at java.base/sun.net.NetworkClient.doConnect(NetworkClient.java:183)
	at java.base/sun.net.www.http.HttpClient.openServer(HttpClient.java:533)
	at java.base/sun.net.www.http.HttpClient.openServer(HttpClient.java:638)
	at java.base/sun.net.www.http.HttpClient.<init>(HttpClient.java:281)
	at java.base/sun.net.www.http.HttpClient.New(HttpClient.java:386)
	at java.base/sun.net.www.http.HttpClient.New(HttpClient.java:408)
	at java.base/sun.net.www.protocol.http.HttpURLConnection.getNewHttpClient(HttpURLConnection.java:1309)
	at java.base/sun.net.www.protocol.http.HttpURLConnection.plainConnect0(HttpURLConnection.java:1242)
	at java.base/sun.net.www.protocol.http.HttpURLConnection.plainConnect(HttpURLConnection.java:1128)
	at java.base/sun.net.www.protocol.http.HttpURLConnection.connect(HttpURLConnection.java:1057)
	at java.base/sun.net.www.protocol.http.HttpURLConnection.getInputStream0(HttpURLConnection.java:1665)
	at java.base/sun.net.www.protocol.http.HttpURLConnection.getInputStream(HttpURLConnection.java:1589)
	at java.base/java.net.URL.openStream(URL.java:1161)
	at com.example.demo.service.LearningPathVerificationService.downloadLearningPath(LearningPathVerificationService.java:91)
	at com.example.demo.service.LearningPathVerificationService.verifyAndFetchLearningPaths(LearningPathVerificationService.java:194)
	at com.example.demo.web.LearningPathController.verifyLearningPaths(LearningPathController.java:45)
	at java.base/jdk.internal.reflect.NativeMethodAccessorImpl.invoke0(Native Method)
	at java.base/jdk.internal.reflect.NativeMethodAccessorImpl.invoke(NativeMethodAccessorImpl.java:77)
	at java.base/jdk.internal.reflect.DelegatingMethodAccessorImpl.invoke(DelegatingMethodAccessorImpl.java:43)
	at java.base/java.lang.reflect.Method.invoke(Method.java:568)
	at org.springframework.web.method.support.InvocableHandlerMethod.doInvoke(InvocableHandlerMethod.java:205)
	at org.springframework.web.method.support.InvocableHandlerMethod.invokeForRequest(InvocableHandlerMethod.java:150)
	at org.springframework.web.servlet.mvc.method.annotation.ServletInvocableHandlerMethod.invokeAndHandle(ServletInvocableHandlerMethod.java:117)
	at org.springframework.web.servlet.mvc.method.annotation.RequestMappingHandlerAdapter.invokeHandlerMethod(RequestMappingHandlerAdapter.java:895)
	at org.springframework.web.servlet.mvc.method.annotation.RequestMappingHandlerAdapter.handleInternal(RequestMappingHandlerAdapter.java:808)
	at org.springframework.web.servlet.mvc.method.AbstractHandlerMethodAdapter.handle(AbstractHandlerMethodAdapter.java:87)
	at org.springframework.web.servlet.DispatcherServlet.doDispatch(DispatcherServlet.java:1067)
	at org.springframework.web.servlet.DispatcherServlet.doService(DispatcherServlet.java:963)
	at org.springframework.web.servlet.FrameworkServlet.processRequest(FrameworkServlet.java:1006)
	at org.springframework.web.servlet.FrameworkServlet.doPost(FrameworkServlet.java:909)
	at javax.servlet.http.HttpServlet.service(HttpServlet.java:681)
	at org.springframework.web.servlet.FrameworkServlet.service(FrameworkServlet.java:883)
	at javax.servlet.http.HttpServlet.service(HttpServlet.java:764)
	at org.apache.catalina.core.ApplicationFilterChain.internalDoFilter(ApplicationFilterChain.java:227)
	at org.apache.catalina.core.ApplicationFilterChain.doFilter(ApplicationFilterChain.java:162)
	at org.apache.tomcat.websocket.server.WsFilter.doFilter(WsFilter.java:53)
	at org.apache.catalina.core.ApplicationFilterChain.internalDoFilter(ApplicationFilterChain.java:189)
	at org.apache.catalina.core.ApplicationFilterChain.doFilter(ApplicationFilterChain.java:162)
	at org.springframework.security.web.FilterChainProxy$VirtualFilterChain.doFilter(FilterChainProxy.java:327)
	at org.springframework.security.web.access.intercept.FilterSecurityInterceptor.invoke(FilterSecurityInterceptor.java:115)
	at org.springframework.security.web.access.intercept.FilterSecurityInterceptor.doFilter(FilterSecurityInterceptor.java:81)
	at org.springframework.security.web.FilterChainProxy$VirtualFilterChain.doFilter(FilterChainProxy.java:336)
	at org.springframework.security.web.access.ExceptionTranslationFilter.doFilter(ExceptionTranslationFilter.java:122)
	at org.springframework.security.web.access.ExceptionTranslationFilter.doFilter(ExceptionTranslationFilter.java:116)
	at org.springframework.security.web.FilterChainProxy$VirtualFilterChain.doFilter(FilterChainProxy.java:336)
	at org.springframework.security.web.session.SessionManagementFilter.doFilter(SessionManagementFilter.java:126)
	at org.springframework.security.web.session.SessionManagementFilter.doFilter(SessionManagementFilter.java:81)
	at org.springframework.security.web.FilterChainProxy$VirtualFilterChain.doFilter(FilterChainProxy.java:336)
	at org.springframework.security.web.authentication.AnonymousAuthenticationFilter.doFilter(AnonymousAuthenticationFilter.java:109)
	at org.springframework.security.web.FilterChainProxy$VirtualFilterChain.doFilter(FilterChainProxy.java:336)
	at org.springframework.security.web.servletapi.SecurityContextHolderAwareRequestFilter.doFilter(SecurityContextHolderAwareRequestFilter.java:149)
	at org.springframework.security.web.FilterChainProxy$VirtualFilterChain.doFilter(FilterChainProxy.java:336)
	at org.springframework.security.web.savedrequest.RequestCacheAwareFilter.doFilter(RequestCacheAwareFilter.java:63)
	at org.springframework.security.web.FilterChainProxy$VirtualFilterChain.doFilter(FilterChainProxy.java:336)
	at org.springframework.security.web.session.ConcurrentSessionFilter.doFilter(ConcurrentSessionFilter.java:147)
	at org.springframework.security.web.session.ConcurrentSessionFilter.doFilter(ConcurrentSessionFilter.java:125)
	at org.springframework.security.web.FilterChainProxy$VirtualFilterChain.doFilter(FilterChainProxy.java:336)
	at org.springframework.security.web.authentication.AbstractAuthenticationProcessingFilter.doFilter(AbstractAuthenticationProcessingFilter.java:219)
	at org.springframework.security.web.authentication.AbstractAuthenticationProcessingFilter.doFilter(AbstractAuthenticationProcessingFilter.java:213)
	at org.springframework.security.web.FilterChainProxy$VirtualFilterChain.doFilter(FilterChainProxy.java:336)
	at org.springframework.security.web.authentication.logout.LogoutFilter.doFilter(LogoutFilter.java:103)
	at org.springframework.security.web.authentication.logout.LogoutFilter.doFilter(LogoutFilter.java:89)
	at org.springframework.security.web.FilterChainProxy$VirtualFilterChain.doFilter(FilterChainProxy.java:336)
	at org.springframework.security.web.header.HeaderWriterFilter.doHeadersAfter(HeaderWriterFilter.java:90)
	at org.springframework.security.web.header.HeaderWriterFilter.doFilterInternal(HeaderWriterFilter.java:75)
	at org.springframework.web.filter.OncePerRequestFilter.doFilter(OncePerRequestFilter.java:119)
	at org.springframework.security.web.FilterChainProxy$VirtualFilterChain.doFilter(FilterChainProxy.java:336)
	at org.springframework.security.web.context.SecurityContextPersistenceFilter.doFilter(SecurityContextPersistenceFilter.java:110)
	at org.springframework.security.web.context.SecurityContextPersistenceFilter.doFilter(SecurityContextPersistenceFilter.java:80)
	at org.springframework.security.web.FilterChainProxy$VirtualFilterChain.doFilter(FilterChainProxy.java:336)
	at org.springframework.security.web.context.request.async.WebAsyncManagerIntegrationFilter.doFilterInternal(WebAsyncManagerIntegrationFilter.java:55)
	at org.springframework.web.filter.OncePerRequestFilter.doFilter(OncePerRequestFilter.java:119)
	at org.springframework.security.web.FilterChainProxy$VirtualFilterChain.doFilter(FilterChainProxy.java:336)
	at org.springframework.security.web.FilterChainProxy.doFilterInternal(FilterChainProxy.java:211)
	at org.springframework.security.web.FilterChainProxy.doFilter(FilterChainProxy.java:183)
	at org.springframework.web.filter.DelegatingFilterProxy.invokeDelegate(DelegatingFilterProxy.java:358)
	at org.springframework.web.filter.DelegatingFilterProxy.doFilter(DelegatingFilterProxy.java:271)
	at org.apache.catalina.core.ApplicationFilterChain.internalDoFilter(ApplicationFilterChain.java:189)
	at org.apache.catalina.core.ApplicationFilterChain.doFilter(ApplicationFilterChain.java:162)
	at org.springframework.web.filter.RequestContextFilter.doFilterInternal(RequestContextFilter.java:100)
	at org.springframework.web.filter.OncePerRequestFilter.doFilter(OncePerRequestFilter.java:119)
	at org.apache.catalina.core.ApplicationFilterChain.internalDoFilter(ApplicationFilterChain.java:189)
	at org.apache.catalina.core.ApplicationFilterChain.doFilter(ApplicationFilterChain.java:162)
	at org.springframework.web.filter.FormContentFilter.doFilterInternal(FormContentFilter.java:93)
	at org.springframework.web.filter.OncePerRequestFilter.doFilter(OncePerRequestFilter.java:119)
	at org.apache.catalina.core.ApplicationFilterChain.internalDoFilter(ApplicationFilterChain.java:189)
	at org.apache.catalina.core.ApplicationFilterChain.doFilter(ApplicationFilterChain.java:162)
	at org.springframework.web.filter.CharacterEncodingFilter.doFilterInternal(CharacterEncodingFilter.java:201)
	at org.springframework.web.filter.OncePerRequestFilter.doFilter(OncePerRequestFilter.java:119)
	at org.apache.catalina.core.ApplicationFilterChain.internalDoFilter(ApplicationFilterChain.java:189)
	at org.apache.catalina.core.ApplicationFilterChain.doFilter(ApplicationFilterChain.java:162)
	at org.apache.catalina.core.StandardWrapperValve.invoke(StandardWrapperValve.java:197)
	at org.apache.catalina.core.StandardContextValve.invoke(StandardContextValve.java:97)
	at org.apache.catalina.authenticator.AuthenticatorBase.invoke(AuthenticatorBase.java:540)
	at org.apache.catalina.core.StandardHostValve.invoke(StandardHostValve.java:135)
	at org.apache.catalina.valves.ErrorReportValve.invoke(ErrorReportValve.java:92)
	at org.apache.catalina.core.StandardEngineValve.invoke(StandardEngineValve.java:78)
	at org.apache.catalina.connector.CoyoteAdapter.service(CoyoteAdapter.java:357)
	at org.apache.coyote.http11.Http11Processor.service(Http11Processor.java:382)
	at org.apache.coyote.AbstractProcessorLight.process(AbstractProcessorLight.java:65)
	at org.apache.coyote.AbstractProtocol$ConnectionHandler.process(AbstractProtocol.java:895)
	at org.apache.tomcat.util.net.NioEndpoint$SocketProcessor.doRun(NioEndpoint.java:1722)
	at org.apache.tomcat.util.net.SocketProcessorBase.run(SocketProcessorBase.java:49)
	at org.apache.tomcat.util.threads.ThreadPoolExecutor.runWorker(ThreadPoolExecutor.java:1191)
	at org.apache.tomcat.util.threads.ThreadPoolExecutor$Worker.run(ThreadPoolExecutor.java:659)
	at org.apache.tomcat.util.threads.TaskThread$WrappingRunnable.run(TaskThread.java:61)
	at java.base/java.lang.Thread.run(Thread.java:840)

[2025-02-13T13:36:15.7319113] Failed to download all learning paths for user 2
[2025-02-13T13:36:30.636848] Starting comprehensive learning path verification for user 2
[2025-02-13T13:36:30.637869] Checking path for user 2, course 57: EXISTS
[2025-02-13T13:36:30.6388599] Checking path for user 2, course 58: EXISTS
[2025-02-13T13:36:30.6388599] Checking path for user 2, course 59: EXISTS
[2025-02-13T13:36:30.6388599] Checking path for user 2, course 60: NOT FOUND
[2025-02-13T13:36:30.639866] Checking path for user 2, course 61: NOT FOUND
[2025-02-13T13:36:30.640862] Starting download of missing learning paths for user 2: [60, 61]
[2025-02-13T13:36:30.6418587] Attempting to download learning path from URL: http://localhost:8000/learning_path/2/60
[2025-02-13T13:36:30.6428634] Target save location: C:\Users\mdfar\OneDrive\Desktop\withfeedback\registration-login-spring-boot-security-thymeleaf\src\main\resources\static\data\data\learning_paths\2_60_path.json
[2025-02-13T13:37:19.5561439] Successfully downloaded learning path for user 2, course 60
[2025-02-13T13:37:19.5561439] Download details - Bytes transferred: 8387, Duration: 48912 ms
[2025-02-13T13:37:19.5561439] Verifying downloaded file - Size: 8387 bytes
[2025-02-13T13:37:19.579455] First few lines of the downloaded file:
[2025-02-13T13:37:19.579455]   {"learning_path":{"modules":[{"id":"M1","title":"Foundations of Marketing Analytics","description":"This module introduces the basics of marketing analytics, including data collection, cleaning, and visualization.","sub_modules":[{"id":"M1-S1","title":"Data Collection and Cleaning","description":"Learn how to collect and clean marketing data from various sources.","activities":[{"id":"M1-S1-A1","title":"Data Collection","description":"Understand the importance of data quality and learn how to collect data from various sources."},{"id":"M1-S1-A2","title":"Data Cleaning","description":"Learn how to clean and preprocess marketing data for analysis."}],"learning_outcomes":["Apply basic data cleaning techniques"]},{"id":"M1-S2","title":"Data Visualization","description":"Learn how to effectively visualize marketing data using various tools and techniques.","activities":[{"id":"M1-S2-A1","title":"Visualization Techniques","description":"Understand the importance of visualization in marketing analytics."},{"id":"M1-S2-A2","title":"Tools and Software","description":"Learn about various tools and software for data visualization, such as Tableau or Power BI."}],"learning_outcomes":["Apply visualization techniques to marketing data"]}],"duration":"Theory: 2 weeks, Practical: 4 weeks"},{"id":"M2","title":"Marketing Data Analysis and Interpretation","description":"This module teaches students how to analyze and interpret marketing data using statistical methods and techniques.","sub_modules":[{"id":"M2-S1","title":"Descriptive Statistics","description":"Learn about descriptive statistics, including measures of central tendency and variability.","activities":[{"id":"M2-S1-A1","title":"Measures of Central Tendency","description":"Understand the importance of measures of central tendency in marketing data analysis."},{"id":"M2-S1-A2","title":"Measures of Variability","description":"Learn how to calculate and interpret measures of variability in marketing data."}],"learning_outcomes":["Apply descriptive statistics techniques"]},{"id":"M2-S2","title":"Inferential Statistics","description":"Learn about inferential statistics, including hypothesis testing and confidence intervals.","activities":[{"id":"M2-S2-A1","title":"Hypothesis Testing","description":"Understand how to formulate and test hypotheses using statistical methods."},{"id":"M2-S2-A2","title":"Confidence Intervals","description":"Learn how to calculate and interpret confidence intervals in marketing data analysis."}],"learning_outcomes":["Apply inferential statistics techniques"]},{"id":"M2-S3","title":"Regression Analysis","description":"Learn about regression analysis, including linear and logistic regression.","activities":[{"id":"M2-S3-A1","title":"Linear Regression","description":"Understand how to formulate and interpret linear regression models."},{"id":"M2-S3-A2","title":"Logistic Regression","description":"Learn how to apply logistic regression techniques in marketing data analysis."}],"learning_outcomes":["Apply regression analysis techniques"]}],"duration":"Theory: 3 weeks, Practical: 5 weeks"},{"id":"M3","title":"Marketing Analytics Tools and Software","description":"This module teaches students about various marketing analytics tools and software, including data visualization, machine learning, and predictive analytics.","sub_modules":[{"id":"M3-S1","title":"Data Visualization Tools","description":"Learn about various data visualization tools, such as Tableau or Power BI.","activities":[{"id":"M3-S1-A1","title":"Tableau Tutorial","description":"Understand how to use Tableau for data visualization and analysis."},{"id":"M3-S1-A2","title":"Power BI Tutorial","description":"Learn how to use Power BI for data visualization and analysis."}],"learning_outcomes":["Apply data visualization techniques using Tableau or Power BI"]},{"id":"M3-S2","title":"Machine Learning Algorithms","description":"Learn about various machine learning algorithms, such as supervised and unsupervised learning.","activities":[{"id":"M3-S2-A1","title":"Supervised Learning","description":"Understand how to apply supervised learning techniques in marketing data analysis."},{"id":"M3-S2-A2","title":"Unsupervised Learning","description":"Learn about unsupervised learning techniques, such as clustering and dimensionality reduction."}],"learning_outcomes":["Apply machine learning algorithms"]},{"id":"M3-S3","title":"Predictive Analytics","description":"Learn about predictive analytics, including regression and decision trees.","activities":[{"id":"M3-S3-A1","title":"Regression Analysis","description":"Understand how to apply regression analysis techniques in marketing data analysis."},{"id":"M3-S3-A2","title":"Decision Trees","description":"Learn how to apply decision trees for predictive analytics in marketing data analysis."}],"learning_outcomes":["Apply predictive analytics techniques"]}],"duration":"Theory: 3 weeks, Practical: 5 weeks"},{"id":"M4","title":"Marketing Analytics Project","description":"This module teaches students how to apply marketing analytics concepts and tools to a real-world project.","sub_modules":[{"id":"M4-S1","title":"Project Idea Generation","description":"Learn how to generate ideas for marketing analytics projects.","activities":[{"id":"M4-S1-A1","title":"Identify Project Ideas","description":"Understand how to identify potential marketing analytics project ideas."}],"learning_outcomes":["Generate project ideas"]},{"id":"M4-S2","title":"Project Planning and Execution","description":"Learn how to plan and execute a marketing analytics project.","activities":[{"id":"M4-S2-A1","title":"Create Project Plan","description":"Understand how to create a project plan for marketing analytics projects."},{"id":"M4-S2-A2","title":"Execute Project","description":"Learn how to execute the project and collect data."}],"learning_outcomes":["Plan and execute a marketing analytics project"]},{"id":"M4-S3","title":"Project Evaluation and Presentation","description":"Learn how to evaluate and present the results of the marketing analytics project.","activities":[{"id":"M4-S3-A1","title":"Evaluate Project Results","description":"Understand how to evaluate the results of the marketing analytics project."},{"id":"M4-S3-A2","title":"Present Project Results","description":"Learn how to present the results of the marketing analytics project."}],"learning_outcomes":["Evaluate and present marketing analytics project results"]}],"duration":"Theory: 2 weeks, Practical: 4 weeks"},{"id":"M5","title":"Marketing Analytics Career Development","description":"This module teaches students about the career development opportunities available in marketing analytics.","sub_modules":[{"id":"M5-S1","title":"Career Development Strategies","description":"Learn about various career development strategies for marketing analytics professionals.","activities":[{"id":"M5-S1-A1","title":"Identify Career Goals","description":"Understand how to identify career goals in marketing analytics."},{"id":"M5-S1-A2","title":"Create Career Plan","description":"Learn how to create a career plan for marketing analytics professionals."}],"learning_outcomes":["Develop career development strategies"]},{"id":"M5-S2","title":"Networking and Professional Development","description":"Learn about the importance of networking and professional development in marketing analytics careers.","activities":[{"id":"M5-S2-A1","title":"Attend Industry Events","description":"Understand how to attend industry events for marketing analytics professionals."},{"id":"M5-S2-A2","title":"Join Professional Associations","description":"Learn how to join professional associations for marketing analytics professionals."}],"learning_outcomes":["Network and develop professionally"]}],"duration":"Theory: 3 weeks, Practical: 2 weeks"}],"user_pace":"[\"/home\",\"/courses\"]","quiz_adaptations":[]},"course_id":60,"user_id":2,"quiz_performance":{"topic_scores":{"general":100.0,"problem_solving":50.0,"learning_style":50.0,"logical_reasoning":0.0,"mathematical":50.0,"motivation":0.0},"overall_score":40.0,"weak_areas":["problem_solving","learning_style","logical_reasoning","mathematical","motivation"],"strengths":["general"],"total_questions_answered":10,"question_distribution":{"general":1,"problem_solving":2,"learning_style":2,"logical_reasoning":2,"mathematical":2,"motivation":1}}}
[2025-02-13T13:37:19.579455] Attempting to download learning path from URL: http://localhost:8000/learning_path/2/61
[2025-02-13T13:37:19.5810725] Target save location: C:\Users\mdfar\OneDrive\Desktop\withfeedback\registration-login-spring-boot-security-thymeleaf\src\main\resources\static\data\data\learning_paths\2_61_path.json
[2025-02-13T13:40:10.5662999] Successfully downloaded learning path for user 2, course 61
[2025-02-13T13:40:10.5679394] Download details - Bytes transferred: 25596, Duration: 170984 ms
[2025-02-13T13:40:10.5691553] Verifying downloaded file - Size: 25596 bytes
[2025-02-13T13:40:10.6110032] First few lines of the downloaded file:
[2025-02-13T13:40:10.6120019]   {"learning_path":{"modules":[{"id":"M1","title":"Module 1: Introduction to Visual Aids for Marketing","description":"Introduce the concept of visual aids and their role in marketing. Discuss types of visual aids, benefits, and best practices.","sub_modules":[{"id":"M1-S1","title":"Sub-module 1.1: Types of Visual Aids","description":"Explore different types of visual aids used in marketing, including infographics, posters, presentations, and videos.","activities":[{"id":"M1-S1-A1","title":"Activity 1.1.1: Create an Infographic on Marketing Statistics","description":"Design a visually appealing infographic showcasing marketing statistics.","learning_objectives":["Apply visual aid principles to create effective marketing materials."]}]},{"id":"M1-S2","title":"Sub-module 1.2: Benefits of Visual Aids","description":"Discuss the benefits of using visual aids in marketing, including increased engagement and brand recognition.","activities":[{"id":"M1-S2-A1","title":"Activity 1.2.1: Design a Poster with Marketing Branding Elements","description":"Create a visually appealing poster incorporating marketing branding elements.","learning_objectives":["Analyze the impact of visual aids on brand recognition."]}]}],"duration":":[{"},{"id":"M2","title":"Module 1: Introduction to Visual Aids for Marketing","description":"Introduce the concept of visual aids and their role in marketing. Discuss types of visual aids, benefits, and best practices.","sub_modules":[{"id":"M2-S1","title":"Sub-module 1.1: Types of Visual Aids","description":"Explore different types of visual aids used in marketing, including infographics, posters, presentations, and videos.","activities":[{"id":"M2-S1-A1","title":"Activity 1.1.1: Research Types of Visual Aids Used in Marketing","description":"Investigate the different types of visual aids used in marketing, including their benefits and drawbacks.","learning_objectives":["Identify the most effective types of visual aids for marketing."]}]},{"id":"M2-S2","title":"Sub-module 1.2: Benefits of Visual Aids","description":"Discuss the benefits of using visual aids in marketing, including increased engagement and brand recognition.","activities":[{"id":"M2-S2-A1","title":"Activity 1.2.1: Design a Poster with Marketing Branding Elements","description":"Create a visually appealing poster incorporating marketing branding elements.","learning_objectives":["Analyze the impact of visual aids on brand recognition."]}]}],"duration":":[{"},{"id":"M3","title":"Module 2: Designing Visual Aids for Marketing","description":"Teach principles and best practices for designing effective visual aids.","sub_modules":[{"id":"M3-S1","title":"Sub-module 2.1: Principles of Design","description":"Introduce the fundamental principles of design, including balance, contrast, and alignment.","activities":[{"id":"M3-S1-A1","title":"Activity 2.1.1: Design a Visually Appealing Slide on Marketing Statistics","description":"Create a visually appealing slide incorporating design principles.","learning_objectives":["Apply design principles to create effective marketing materials."]}]},{"id":"M3-S2","title":"Sub-module 2.2: Visual Aids Specification","description":"Discuss the importance of specifying visual aids, including content, layout, and color scheme.","activities":[{"id":"M3-S2-A1","title":"Activity 2.2.1: Create a Visual Aids Specification Document for Marketing Materials","description":"Develop a visual aids specification document outlining the requirements for marketing materials.","learning_objectives":["Analyze the importance of specifying visual aids."]}]}],"duration":":[{"},{"id":"M4","title":"Module 3: Creating Visual Aids for Marketing","description":"Teach the process of creating effective visual aids, including design tools and techniques.","sub_modules":[{"id":"M4-S1","title":"Sub-module 3.1: Design Tools and Techniques","description":"Introduce popular design tools and techniques for creating visual aids, including Canva, Adobe Creative Cloud, and video editing software.","activities":[{"id":"M4-S1-A1","title":"Activity 3.1.1: Create a Visual Aid using Canva","description":"Use Canva to design a visually appealing visual aid.","learning_objectives":["Apply design tools and techniques to create effective marketing materials."]}]},{"id":"M4-S2","title":"Sub-module 3.2: Creating Visual Aids Tips","description":"Share expert tips for creating effective visual aids, including storytelling and audience engagement.","activities":[{"id":"M4-S2-A1","title":"Activity 3.2.1: Create a Visual Aid using Video Editing Software","description":"Use video editing software to create a visually engaging visual aid.","learning_objectives":["Apply expert tips for creating effective marketing materials."]}]}],"duration":":[{"},{"id":"M5","title":"Module 4: Implementing Visual Aids for Marketing","description":"Teach strategies and techniques for implementing visual aids in marketing campaigns.","sub_modules":[{"id":"M5-S1","title":"Sub-module 4.1: Strategies for Implementing Visual Aids","description":"Discuss various strategies for implementing visual aids, including social media marketing and event promotions.","activities":[{"id":"M5-S1-A1","title":"Activity 4.1.1: Implement a Visual Aids Campaign on Social Media","description":"Develop a social media campaign incorporating visual aids.","learning_objectives":["Analyze the impact of implementing visual aids in marketing campaigns."]}]},{"id":"M5-S2","title":"Sub-module 4.2: Measuring Visual Aids Implementation","description":"Discuss methods for measuring the effectiveness of visual aid implementation, including analytics and feedback.","activities":[{"id":"M5-S2-A1","title":"Activity 4.2.1: Measure the Effectiveness of Visual Aids on Social Media","description":"Use analytics to measure the effectiveness of a social media campaign incorporating visual aids.","learning_objectives":["Analyze the importance of measuring visual aid implementation."]}]}],"duration":":[{"},{"id":"M6","title":"Module 5: Best Practices for Visual Aids in Marketing","description":"Share expert advice and best practices for creating effective visual aids in marketing.","sub_modules":[{"id":"M6-S1","title":"Sub-module 5.1: Expert Advice","description":"Introduce expert tips and advice for creating effective visual aids, including storytelling and audience engagement.","activities":[{"id":"M6-S1-A1","title":"Activity 5.1.1: Create a Visual Aid using Tips and Advice","description":"Use tips and advice to create a visually appealing visual aid.","learning_objectives":["Apply expert tips for creating effective marketing materials."]}]},{"id":"M6-S2","title":"Sub-module 5.2: Best Practices","description":"Discuss best practices for creating effective visual aids, including content, layout, and color scheme.","activities":[{"id":"M6-S2-A1","title":"Activity 5.2.1: Create a Visual Aids Specification Document for Marketing Materials","description":"Develop a visual aids specification document outlining the requirements for marketing materials.","learning_objectives":["Analyze the importance of following best practices for creating effective marketing materials."]}]}],"duration":":[{"},{"id":"M7","title":"Module 6: Conclusion","description":"Summarize key takeaways from the course, including design principles and implementation strategies.","sub_modules":[{"id":"M7-S1","title":"Sub-module 6.1: Key Takeaways","description":"Introduce key concepts and principles learned throughout the course.","activities":[{"id":"M7-S1-A1","title":"Activity 6.1.1: Summarize the Course","description":"Develop a summary of the key takeaways from the course.","learning_objectives":["Analyze the importance of summarizing key concepts."]}]},{"id":"M7-S2","title":"Sub-module 6.2: Final Project","description":"Assign a final project that applies course concepts and principles to real-world marketing scenarios.","activities":[{"id":"M7-S2-A1","title":"Activity 6.2.1: Create a Final Project","description":"Develop a final project incorporating key concepts and principles learned throughout the course.","learning_objectives":["Apply course concepts to real-world marketing scenarios."]}]}],"duration":":[{"},{"id":"M8","title":"Module 7: Assessment","description":"Evaluate student progress and understanding of key concepts throughout the course.","sub_modules":[{"id":"M8-S1","title":"Sub-module 7.1: Quizzes","description":"Administer quizzes to assess student understanding of key concepts.","activities":[{"id":"M8-S1-A1","title":"Activity 7.1.1: Take a Quiz","description":"Complete a quiz assessing student understanding of key concepts.","learning_objectives":["Analyze the importance of self-assessment and evaluation."]}]},{"id":"M8-S2","title":"Sub-module 7.2: Projects","description":"Assign projects that apply key concepts to real-world marketing scenarios.","activities":[{"id":"M8-S2-A1","title":"Activity 7.2.1: Complete a Project","description":"Develop and submit a project incorporating key concepts and principles learned throughout the course.","learning_objectives":["Apply course concepts to real-world marketing scenarios."]}]},{"id":"M8-S3","title":"Sub-module 7.3: Peer Evaluation","description":"Administer peer evaluation to assess student understanding of key concepts.","activities":[{"id":"M8-S3-A1","title":"Activity 7.3.1: Evaluate a Colleague","description":"Complete a peer evaluation assessing a colleague's understanding of key concepts.","learning_objectives":["Analyze the importance of peer feedback and collaboration."]}]},{"id":"M8-S4","title":"Sub-module 7.4: Final Average","description":"Calculate a final average grade based on student progress throughout the course.","activities":[{"id":"M8-S4-A1","title":"Activity 7.4.1: View the Final Grade","description":"Review and understand the final average grade assigned to students.","learning_objectives":["Analyze the importance of understanding and applying grades."]}]}],"duration":":[{"},{"id":"M9","title":"Module 8: Conclusion","description":"Summarize key takeaways from the course, including design principles and implementation strategies.","sub_modules":[{"id":"M9-S1","title":"Sub-module 8.1: Key Takeaways","description":"Introduce key concepts and principles learned throughout the course.","activities":[{"id":"M9-S1-A1","title":"Activity 8.1.1: Summarize the Course","description":"Develop a summary of the key takeaways from the course.","learning_objectives":["Analyze the importance of summarizing key concepts."]}]},{"id":"M9-S2","title":"Sub-module 8.2: Final Project","description":"Assign a final project that applies course concepts and principles to real-world marketing scenarios.","activities":[{"id":"M9-S2-A1","title":"Activity 8.2.1: Create a Final Project","description":"Develop a final project incorporating key concepts and principles learned throughout the course.","learning_objectives":["Apply course concepts to real-world marketing scenarios."]}]},{"id":"M9-S3","title":"Sub-module 8.3: Assessment","description":"Evaluate student progress and understanding of key concepts throughout the course.","activities":[{"id":"M9-S3-A1","title":"Activity 8.3.1: View the Assessment","description":"Review and understand the assessment process used to evaluate student progress.","learning_objectives":["Analyze the importance of understanding and applying grades."]}]}],"duration":":[{"},{"id":"M10","title":"Module 9: Final Course","description":"Summarize key takeaways from the course, including design principles and implementation strategies.","sub_modules":[{"id":"M10-S1","title":"Sub-module 9.1: Key Takeaways","description":"Introduce key concepts and principles learned throughout the course.","activities":[{"id":"M10-S1-A1","title":"Activity 9.1.1: Summarize the Course","description":"Develop a summary of the key takeaways from the course.","learning_objectives":["Analyze the importance of summarizing key concepts."]}]},{"id":"M10-S2","title":"Sub-module 9.2: Final Average","description":"Calculate a final average grade based on student progress throughout the course.","activities":[{"id":"M10-S2-A1","title":"Activity 9.2.1: View the Final Grade","description":"Review and understand the final average grade assigned to students.","learning_objectives":["Analyze the importance of understanding and applying grades."]}]},{"id":"M10-S3","title":"Sub-module 9.3: Course Conclusion","description":"Summarize key takeaways from the course, including design principles and implementation strategies.","activities":[{"id":"M10-S3-A1","title":"Activity 9.3.1: Review the Course","description":"Develop a final review of the course, incorporating key concepts and principles learned throughout the course.","learning_objectives":["Analyze the importance of reviewing and applying knowledge."]}]},{"id":"M10-S4","title":"Sub-module 9.4: Next Steps","description":"Provide next steps for students to continue learning and growing in their marketing careers.","activities":[{"id":"M10-S4-A1","title":"Activity 9.4.1: Plan for Future Growth","description":"Develop a plan for future growth and development, incorporating key concepts and principles learned throughout the course.","learning_objectives":["Analyze the importance of planning and applying knowledge."]}]}],"duration":":[{"},{"id":"M11","title":"Module 10: Final Course","description":"Summarize key takeaways from the course, including design principles and implementation strategies.","sub_modules":[{"id":"M11-S1","title":"Sub-module 10.1: Key Takeaways","description":"Introduce key concepts and principles learned throughout the course.","activities":[{"id":"M11-S1-A1","title":"Activity 10.1.1: Summarize the Course","description":"Develop a summary of the key takeaways from the course.","learning_objectives":["Analyze the importance of summarizing key concepts."]}]},{"id":"M11-S2","title":"Sub-module 10.2: Final Average","description":"Calculate a final average grade based on student progress throughout the course.","activities":[{"id":"M11-S2-A1","title":"Activity 10.2.1: View the Final Grade","description":"Review and understand the final average grade assigned to students.","learning_objectives":["Analyze the importance of understanding and applying grades."]}]},{"id":"M11-S3","title":"Sub-module 10.3: Course Conclusion","description":"Summarize key takeaways from the course, including design principles and implementation strategies.","activities":[{"id":"M11-S3-A1","title":"Activity 10.3.1: Review the Course","description":"Develop a final review of the course, incorporating key concepts and principles learned throughout the course.","learning_objectives":["Analyze the importance of reviewing and applying knowledge."]}]},{"id":"M11-S4","title":"Sub-module 10.4: Final Assessment","description":"Conduct a final assessment to evaluate student learning and progress throughout the course.","activities":[{"id":"M11-S4-A1","title":"Activity 10.4.1: Complete the Final Assessment","description":"Develop and complete a final assessment to evaluate student learning and progress throughout the course.","learning_objectives":["Analyze the importance of assessing and applying knowledge."]}]}],"duration":":[{"},{"id":"M12","title":"Module 11: Final Course","description":"Summarize key takeaways from the course, including design principles and implementation strategies.","sub_modules":[{"id":"M12-S1","title":"Sub-module 11.1: Key Takeaways","description":"Introduce key concepts and principles learned throughout the course.","activities":[{"id":"M12-S1-A1","title":"Activity 11.1.1: Summarize the Course","description":"Develop a summary of the key takeaways from the course.","learning_objectives":["Analyze the importance of summarizing key concepts."]}]},{"id":"M12-S2","title":"Sub-module 11.2: Final Average","description":"Calculate a final average grade based on student progress throughout the course.","activities":[{"id":"M12-S2-A1","title":"Activity 11.2.1: View the Final Grade","description":"Review and understand the final average grade assigned to students.","learning_objectives":["Analyze the importance of understanding and applying grades."]}]},{"id":"M12-S3","title":"Sub-module 11.3: Course Conclusion","description":"Summarize key takeaways from the course, including design principles and implementation strategies.","activities":[{"id":"M12-S3-A1","title":"Activity 11.3.1: Review the Course","description":"Develop a final review of the course, incorporating key concepts and principles learned throughout the course.","learning_objectives":["Analyze the importance of reviewing and applying knowledge."]}]},{"id":"M12-S4","title":"Sub-module 11.4: Final Course","description":"Conduct a final review and evaluation of the course, incorporating key concepts and principles learned throughout the course.","activities":[{"id":"M12-S4-A1","title":"Activity 11.4.1: Complete the Final Course","description":"Develop and complete a final review and evaluation of the course, incorporating key concepts and principles learned throughout the course.","learning_objectives":["Analyze the importance of assessing and applying knowledge."]}]}],"duration":":[{"},{"id":"M13","title":"Module 12: Final Course","description":"Summarize key takeaways from the course, including design principles and implementation strategies.","sub_modules":[{"id":"M13-S1","title":"Sub-module 12.1: Key Takeaways","description":"Introduce key concepts and principles learned throughout the course.","activities":[{"id":"M13-S1-A1","title":"Activity 12.1.1: Summarize the Course","description":"Develop a summary of the key takeaways from the course.","learning_objectives":["Analyze the importance of summarizing key concepts."]}]},{"id":"M13-S2","title":"Sub-module 12.2: Final Average","description":"Calculate a final average grade based on student progress throughout the course.","activities":[{"id":"M13-S2-A1","title":"Activity 12.2.1: View the Final Grade","description":"Review and understand the final average grade assigned to students.","learning_objectives":["Analyze the importance of understanding and applying grades."]}]},{"id":"M13-S3","title":"Sub-module 12.3: Course Conclusion","description":"Summarize key takeaways from the course, including design principles and implementation strategies.","activities":[{"id":"M13-S3-A1","title":"Activity 12.3.1: Review the Course","description":"Develop a final review of the course, incorporating key concepts and principles learned throughout the course.","learning_objectives":["Analyze the importance of reviewing and applying knowledge."]}]},{"id":"M13-S4","title":"Sub-module 12.4: Final Course","description":"Conduct a final review and evaluation of the course, incorporating key concepts and principles learned throughout the course.","activities":[{"id":"M13-S4-A1","title":"Activity 12.4.1: Complete the Final Course","description":"Develop and complete a final review and evaluation of the course, incorporating key concepts and principles learned throughout the course.","learning_objectives":["Analyze the importance of assessing and applying knowledge."]}]}],"duration":":[{"},{"id":"M14","title":"Module 13: Final Course","description":"Summarize key takeaways from the course, including design principles and implementation strategies.","sub_modules":[{"id":"M14-S1","title":"Sub-module 13.1: Key Takeaways","description":"Introduce key concepts and principles learned throughout the course.","activities":[{"id":"M14-S1-A1","title":"Activity 13.1.1: Summarize the Course","description":"Develop a summary of the key takeaways from the course.","learning_objectives":["Analyze the importance of summarizing key concepts."]}]},{"id":"M14-S2","title":"Sub-module 13.2: Final Average","description":"Calculate a final average grade based on student progress throughout the course.","activities":[{"id":"M14-S2-A1","title":"Activity 13.2.1: View the Final Grade","description":"Review and understand the final average grade assigned to students.","learning_objectives":["Analyze the importance of understanding and applying grades."]}]},{"id":"M14-S3","title":"Sub-module 13.3: Course Conclusion","description":"Summarize key takeaways from the course, including design principles and implementation strategies.","activities":[{"id":"M14-S3-A1","title":"Activity 13.3.1: Review the Course","description":"Develop a final review of the course, incorporating key concepts and principles learned throughout the course.","learning_objectives":["Analyze the importance of reviewing and applying knowledge."]}]},{"id":"M14-S4","title":"Sub-module 13.4: Final Course","description":"Conduct a final review and evaluation of the course, incorporating key concepts and principles learned throughout the course.","activities":[{"id":"M14-S4-A1","title":"Activity 13.4.1: Complete the Final Course","description":"Develop and complete a final review and evaluation of the course, incorporating key concepts and principles learned throughout the course.","learning_objectives":["Analyze the importance of assessing and applying knowledge."]}]}],"duration":":[{"},{"id":"M15","title":"Module 14: Final Course","description":"Summarize key takeaways from the course, including design principles and implementation strategies.","sub_modules":[{"id":"M15-S1","title":"Sub-module 14.1: Key Takeaways","description":"Introduce key concepts and principles learned throughout the course.","activities":[{"id":"M15-S1-A1","title":"Activity 14.1.1: Summarize the Course","description":"Develop a summary of the key takeaways from the course.","learning_objectives":["Analyze the importance of summarizing key concepts."]}]},{"id":"M15-S2","title":"Sub-module 14.2: Final Average","description":"Calculate a final average grade based on student progress throughout the course.","activities":[{"id":"M15-S2-A1","title":"Activity 14.2.1: View the Final Grade","description":"Review and understand the final average grade assigned to students.","learning_objectives":["Analyze the importance of understanding and applying grades."]}]},{"id":"M15-S3","title":"Sub-module 14.3: Course Conclusion","description":"Summarize key takeaways from the course, including design principles and implementation strategies.","activities":[{"id":"M15-S3-A1","title":"Activity 14.3.1: Review the Course","description":"Develop a final review of the course, incorporating key concepts and principles learned throughout the course.","learning_objectives":["Analyze the importance of reviewing and applying knowledge."]}]},{"id":"M15-S4","title":"Sub-module 14.4: Final Course","description":"Conduct a final review and evaluation of the course, incorporating key concepts and principles learned throughout the course.","activities":[{"id":"M15-S4-A1","title":"Activity 14.4.1: Complete the Final Course","description":"Develop and complete a final review and evaluation of the course, incorporating key concepts and principles learned throughout the course.","learning_objectives":["Analyze the importance of assessing and applying knowledge."]}]}],"duration":":[{"},{"id":"M16","title":"Module 15: Final Course","description":"Summarize key takeaways from the course, including design principles and implementation strategies.","sub_modules":[{"id":"M16-S1","title":"Sub-module 15.1: Key Takeaways","description":"Introduce key concepts and principles learned throughout the course.","activities":[{"id":"M16-S1-A1","title":"Activity 15.1.1: Summarize the Course","description":"Develop a summary of the key takeaways from the course.","learning_objectives":["Analyze the importance of summarizing key concepts."]}]},{"id":"M16-S2","title":"Sub-module 15.2: Final Average","description":"Calculate a final average grade based on student progress throughout the course.","activities":[{"id":"M16-S2-A1","title":"Activity 15.2.1: View the Final Grade","description":"Review and understand the final average grade assigned to students.","learning_objectives":["Analyze the importance of understanding and applying grades."]}]},{"id":"M16-S3","title":"Sub-module 15.3: Course Conclusion","description":"Summarize key takeaways from the course, including design principles and implementation strategies.","activities":[{"id":"M16-S3-A1","title":"Activity 15.3.1: Review the Course","description":"Develop a final review of the course, incorporating key concepts and principles learned throughout the course.","learning_objectives":["Analyze the importance of reviewing and applying knowledge."]}]},{"id":"M16-S4","title":"Sub-module 15.4: Final Course","description":"Conduct a final review and evaluation of the course, incorporating key concepts and principles learned throughout the course.","activities":[{"id":"M16-S4-A1","title":"Activity 15.4.1: Complete the Final Course","description":"Develop and complete a final review and evaluation of the course, incorporating key concepts and principles learned throughout the course.","learning_objectives":["Analyze the importance of assessing and applying knowledge."]}]}],"duration":":[{"}]},"course_id":61,"user_id":2,"quiz_performance":{"topic_scores":{"general":100.0,"problem_solving":50.0,"learning_style":50.0,"logical_reasoning":0.0,"mathematical":50.0,"motivation":0.0},"overall_score":40.0,"weak_areas":["problem_solving","learning_style","logical_reasoning","mathematical","motivation"],"strengths":["general"],"total_questions_answered":10,"question_distribution":{"general":1,"problem_solving":2,"learning_style":2,"logical_reasoning":2,"mathematical":2,"motivation":1}}}
[2025-02-13T13:40:10.6120019] Successfully downloaded all missing learning paths for user 2
[2025-02-13T13:59:30.2105957] Starting comprehensive learning path verification for user 3
[2025-02-13T13:59:30.2213146] Checking path for user 3, course 62: NOT FOUND
[2025-02-13T13:59:30.2223354] Checking path for user 3, course 63: NOT FOUND
[2025-02-13T13:59:30.2235656] Checking path for user 3, course 64: NOT FOUND
[2025-02-13T13:59:30.224578] Starting download of missing learning paths for user 3: [62, 63, 64]
[2025-02-13T13:59:30.2255784] Attempting to download learning path from URL: http://localhost:8000/learning_path/3/62
[2025-02-13T13:59:30.2280586] Target save location: C:\Users\mdfar\OneDrive\Desktop\withfeedback\registration-login-spring-boot-security-thymeleaf\src\main\resources\static\data\data\learning_paths\3_62_path.json
[2025-02-13T14:00:03.5931372] Successfully downloaded learning path for user 3, course 62
[2025-02-13T14:00:03.5967958] Download details - Bytes transferred: 6052, Duration: 33363 ms
[2025-02-13T14:00:03.6013143] Verifying downloaded file - Size: 6052 bytes
[2025-02-13T14:00:03.8780597] First few lines of the downloaded file:
[2025-02-13T14:00:03.8899763]   {"learning_path":{"modules":[{"id":"M1","title":"Mathematics Fundamentals","description":"This module covers the mathematical principles necessary for computer science, including arithmetic, algebra, and geometry.","sub_modules":[{"id":"M1-S1","title":"Number Theory","description":"This sub-module delves into the properties of numbers, including prime numbers, modular arithmetic, and number sequences.","activities":[{"type":"text_editor","activity":"Solve Mathematical Problems","id":"M1-S1-A1"}],"learning_outcomes":["Apply mathematical concepts to solve problems","Understand the properties of numbers"]},{"id":"M1-S2","title":"Algebra Basics","description":"This sub-module introduces students to algebraic equations, variables, and functions.","activities":[{"type":"code_editor","activity":"Write Algebraic Equations","id":"M1-S2-A1"}],"learning_outcomes":["Solve linear and quadratic equations","Understand the concept of functions"]},{"id":"M1-S3","title":"Geometry Principles","description":"This sub-module explores the fundamental concepts of geometry, including points, lines, and planes.","activities":[{"type":"drawing_tool","activity":"Draw Geometric Shapes","id":"M1-S3-A1"}],"learning_outcomes":["Apply geometric principles to solve problems","Understand the concept of spatial reasoning"]}],"duration":"At least 3 days"},{"id":"M2","title":"Problem Solving Strategies","description":"This module teaches students how to approach and solve complex problems using logical reasoning and critical thinking.","sub_modules":[{"id":"M2-S1","title":"Problem Solving Strategies","description":"This sub-module introduces students to various problem-solving strategies, including breaking down problems into smaller parts and identifying patterns.","activities":[{"type":"brainstorming_session","activity":"Identify Problem-Solving Strategies","id":"M2-S1-A1"}],"learning_outcomes":["Apply problem-solving strategies to solve complex problems","Understand the importance of breaking down problems into smaller parts"]},{"id":"M2-S2","title":"Critical Thinking Techniques","description":"This sub-module teaches students how to evaluate information critically and make informed decisions.","activities":[{"type":"debate","activity":"Evaluate Information Critically","id":"M2-S2-A1"}],"learning_outcomes":["Apply critical thinking techniques to solve problems","Understand the importance of evaluating information critically"]}],"duration":"At least 4 days"},{"id":"M3","title":"Logical Reasoning Fundamentals","description":"This module covers the logical reasoning concepts necessary for computer science, including propositional and predicate logic.","sub_modules":[{"id":"M3-S1","title":"Propositional Logic","description":"This sub-module introduces students to propositional logic, including statements, arguments, and inference.","activities":[{"type":"logic_puzzle","activity":"Solve Propositional Logic Problems","id":"M3-S1-A1"}],"learning_outcomes":["Apply propositional logic principles to solve problems","Understand the concept of logical implication"]},{"id":"M3-S2","title":"Predicate Logic","description":"This sub-module explores the concepts of predicate logic, including quantifiers and predicates.","activities":[{"type":"code_editor","activity":"Write Predicate Logic Expressions","id":"M3-S2-A1"}],"learning_outcomes":["Apply predicate logic principles to solve problems","Understand the concept of quantifiers"]}],"duration":"At least 5 days"},{"id":"M4","title":"General Knowledge","description":"This module covers general knowledge topics that are relevant to computer science, including history and society.","sub_modules":[{"id":"M4-S1","title":"History of Computing","description":"This sub-module explores the evolution of computing technology and its impact on society.","activities":[{"type":"reading_material","activity":"Read About the History of Computing","id":"M4-S1-A1"}],"learning_outcomes":["Understand the history of computing","Recognize the importance of computing in society"]},{"id":"M4-S2","title":"Computer Science and Society","description":"This sub-module examines the relationship between computer science and society, including social and ethical implications.","activities":[{"type":"group_discussion","activity":"Discuss Computer Science and Society","id":"M4-S2-A1"}],"learning_outcomes":["Understand the impact of computing on society","Recognize the importance of computer science ethics"]}],"duration":"At least 3 days"},{"id":"M5","title":"Motivation and Engagement","description":"This module helps students develop motivation and engagement strategies for learning computer science.","sub_modules":[{"id":"M5-S1","title":"Motivational Strategies","description":"This sub-module introduces students to various motivational strategies, including setting goals and celebrating achievements.","activities":[{"type":"goal_setting","activity":"Set Computer Science Goals","id":"M5-S1-A1"}],"learning_outcomes":["Apply motivational strategies to stay engaged in learning","Understand the importance of celebrating achievements"]},{"id":"M5-S2","title":"Engagement Strategies","description":"This sub-module teaches students how to maintain engagement in learning, including finding interesting topics and seeking help when needed.","activities":[{"type":"interest_based_learning","activity":"Find Interesting Topics","id":"M5-S2-A1"}],"learning_outcomes":["Apply engagement strategies to stay motivated","Understand the importance of seeking help when needed"]}],"duration":"At least 4 days"}]},"course_id":62,"user_id":3,"quiz_performance":{"topic_scores":{"general":0.0,"problem_solving":0.0,"learning_style":50.0,"logical_reasoning":100.0,"mathematical":100.0,"motivation":100.0},"overall_score":60.0,"weak_areas":["general","problem_solving","learning_style"],"strengths":["logical_reasoning","mathematical","motivation"],"total_questions_answered":10,"question_distribution":{"general":1,"problem_solving":2,"learning_style":2,"logical_reasoning":2,"mathematical":2,"motivation":1}}}
[2025-02-13T14:00:03.8929781] Attempting to download learning path from URL: http://localhost:8000/learning_path/3/63
[2025-02-13T14:00:03.8944877] Target save location: C:\Users\mdfar\OneDrive\Desktop\withfeedback\registration-login-spring-boot-security-thymeleaf\src\main\resources\static\data\data\learning_paths\3_63_path.json
[2025-02-13T14:00:29.0335057] Successfully downloaded learning path for user 3, course 63
[2025-02-13T14:00:29.0341212] Download details - Bytes transferred: 5391, Duration: 25137 ms
[2025-02-13T14:00:29.0377497] Verifying downloaded file - Size: 5391 bytes
[2025-02-13T14:00:29.0778333] First few lines of the downloaded file:
[2025-02-13T14:00:29.0813101]   {"learning_path":{"modules":[{"id":"M1","title":"Data Structures","description":"A comprehensive introduction to data structures, including arrays, linked lists, stacks, queues, trees, and graphs.","sub_modules":[{"id":"M1-S1","title":"Introduction to Arrays","description":"Understanding the basics of arrays, including indexing, slicing, and array operations.","activities":[{"id":"M1-S1-A1","title":"Practice array operations","duration":30,"learning objectives":["understanding indexing and slicing","applying array operations"]},{"id":"M1-S1-A2","title":"Implement a basic array data structure","duration":60,"learning objectives":["implementing an array from scratch","handling common operations"]}]},{"id":"M1-S2","title":"Linked Lists and Stacks/Queues","description":"Exploring the properties and applications of linked lists, stacks, and queues.","activities":[{"id":"M1-S2-A1","title":"Understanding the basics of linked lists","duration":45,"learning objectives":["understanding node structure","applying basic operations"]},{"id":"M1-S2-A2","title":"Implement a linked list data structure and stacks/queues","duration":90,"learning objectives":["implementing from scratch","handling common operations"]}],"learning_outcomes":["Data Structures - Array"]},{"id":"M1-S3","title":"Algorithms","description":"A broad introduction to algorithms, including sorting, searching, and graph traversal.","activities":[{"id":"M1-S3-A1","title":"Introduction to Sorting Algorithms","duration":45,"learning objectives":["understanding time complexities","applying basic sorting algorithms"]},{"id":"M1-S3-A2","title":"Introduction to Searching Algorithms","duration":45,"learning objectives":["understanding data structures for search","applying basic searching algorithms"]}],"learning_outcomes":["Data Structures - Linked List"]}]},{"id":"M2","title":"Motivation and Learning Style","description":"A discussion on the importance of motivation in learning, as well as how to identify and adapt one's learning style.","sub_modules":[{"id":"M2-S1","title":"The Role of Motivation in Learning","description":"Exploring the impact of motivation on learning, including strategies for cultivating a growth mindset.","activities":[{"id":"M2-S1-A1","title":"Identifying and understanding your motivations","duration":45,"learning objectives":["recognizing internal vs external motivators","developing personal goals"]},{"id":"M2-S1-A2","title":"Setting SMART learning goals","duration":30,"learning objectives":["defining clear objectives","creating actionable plans"]}]},{"id":"M2-S2","title":"Understanding Your Learning Style","description":"Exploring the different types of learning styles and how to adapt your study habits.","activities":[{"id":"M2-S2-A1","title":"Identifying your preferred learning style","duration":45,"learning objectives":["recognizing visual, auditory or kinesthetic preferences"]},{"id":"M2-S2-A2","title":"Adjusting your study habits to match your learning style","duration":60,"learning objectives":["applying learning strategies"]}]}]},{"id":"M3","title":"Logical Reasoning and Problem Solving","description":"Understanding logical reasoning concepts and improving problem-solving skills.","sub_modules":[{"id":"M3-S1","title":"Introduction to Logical Reasoning","description":"Exploring the basics of logical reasoning, including rules of inference and argumentation.","activities":[{"id":"M3-S1-A1","title":"Understanding basic argumentation structures","duration":45,"learning objectives":["identifying valid arguments"]},{"id":"M3-S1-A2","title":"Applying advanced reasoning techniques","duration":60,"learning objectives":["applying deductive and inductive reasoning"]}]},{"id":"M3-S2","title":"Effective Problem Solving Strategies","description":"Developing problem-solving skills through a systematic approach.","activities":[{"id":"M3-S2-A1","title":"Breaking down complex problems into manageable parts","duration":45,"learning objectives":["identifying key factors"]},{"id":"M3-S2-A2","title":"Developing effective problem-solving strategies","duration":60,"learning objectives":["applying logical reasoning"]}]}]},{"id":"M4","title":"Mathematical Fundamentals for Data Science","description":"Understanding mathematical concepts relevant to data science, including probability and statistics.","sub_modules":[{"id":"M4-S1","title":"Introduction to Probability Theory","description":"Exploring the basics of probability theory, including distributions and conditional probability.","activities":[{"id":"M4-S1-A1","title":"Understanding basic probabilities and their applications","duration":45,"learning objectives":["applying basic probability rules"]},{"id":"M4-S1-A2","title":"Understanding conditional probability and its significance in data science","duration":60,"learning objectives":["applying conditional probability"]}]}],"duration":"time_available"}]},"course_id":63,"user_id":3,"quiz_performance":{"topic_scores":{"general":0.0,"problem_solving":0.0,"learning_style":50.0,"logical_reasoning":100.0,"mathematical":100.0,"motivation":100.0},"overall_score":60.0,"weak_areas":["general","problem_solving","learning_style"],"strengths":["logical_reasoning","mathematical","motivation"],"total_questions_answered":10,"question_distribution":{"general":1,"problem_solving":2,"learning_style":2,"logical_reasoning":2,"mathematical":2,"motivation":1}}}
[2025-02-13T14:00:29.0833508] Attempting to download learning path from URL: http://localhost:8000/learning_path/3/64
[2025-02-13T14:00:29.0838602] Target save location: C:\Users\mdfar\OneDrive\Desktop\withfeedback\registration-login-spring-boot-security-thymeleaf\src\main\resources\static\data\data\learning_paths\3_64_path.json
[2025-02-13T14:00:58.5887006] Successfully downloaded learning path for user 3, course 64
[2025-02-13T14:00:58.5902167] Download details - Bytes transferred: 5382, Duration: 29503 ms
[2025-02-13T14:00:58.5912394] Verifying downloaded file - Size: 5382 bytes
[2025-02-13T14:00:58.6305929] First few lines of the downloaded file:
[2025-02-13T14:00:58.6305929]   {"learning_path":{"modules":[{"id":"M1","title":"Computer Networks Fundamentals","description":"Introduction to computer networks, network architecture, and protocols.","sub_modules":[{"id":"M1-S1","title":"Network Architecture","description":"Understanding network topologies, devices, and protocols.","activities":[{"id":"M1-S1-A1","title":"Identify Network Topologies","description":"Recognize common network topologies (bus, star, ring, mesh).","difficulty":"easy"},{"id":"M1-S1-A2","title":"Describe Network Devices","description":"Explain the function of routers, switches, and hubs.","difficulty":"medium"}],"learning_outcomes":["Understand network topologies","Identify network devices"]},{"id":"M1-S2","title":"Network Protocols","description":"Introduction to TCP/IP, DNS, DHCP, and HTTP.","activities":[{"id":"M1-S2-A1","title":"Explain TCP/IP","description":"Describe the functions of TCP and IP in a network.","difficulty":"medium"},{"id":"M1-S2-A2","title":"Describe DNS","description":"Explain how DNS resolves hostnames to IP addresses.","difficulty":"easy"}],"learning_outcomes":["Understand TCP/IP functions","Explain DNS resolution"]}]},{"id":"M2","title":"Network Devices and Protocols","description":"In-depth study of network devices, protocols, and technologies.","sub_modules":[{"id":"M2-S1","title":"Router Configuration","description":"Configure and troubleshoot router settings.","activities":[{"id":"M2-S1-A1","title":"Configure Router Settings","description":"Set up and configure basic router settings.","difficulty":"medium"},{"id":"M2-S1-A2","title":"Troubleshoot Router Issues","description":"Identify common router configuration errors.","difficulty":"hard"}],"learning_outcomes":["Configure and troubleshoot routers","Identify common router configuration issues"]},{"id":"M2-S2","title":"Switch Configuration","description":"Configure and troubleshoot switch settings.","activities":[{"id":"M2-S2-A1","title":"Configure Switch Settings","description":"Set up and configure basic switch settings.","difficulty":"medium"},{"id":"M2-S2-A2","title":"Troubleshoot Switch Issues","description":"Identify common switch configuration errors.","difficulty":"hard"}],"learning_outcomes":["Configure and troubleshoot switches","Identify common switch configuration issues"]}]},{"id":"M3","title":"Network Security and Safety","description":"Introduction to network security, safety protocols, and threats.","sub_modules":[{"id":"M3-S1","title":"Firewall Configuration","description":"Configure and troubleshoot firewall settings.","activities":[{"id":"M3-S1-A1","title":"Configure Firewall Settings","description":"Set up and configure basic firewall rules.","difficulty":"medium"},{"id":"M3-S1-A2","title":"Troubleshoot Firewall Issues","description":"Identify common firewall configuration errors.","difficulty":"hard"}],"learning_outcomes":["Configure and troubleshoot firewalls","Identify common firewall configuration issues"]},{"id":"M3-S2","title":"Malware Detection and Prevention","description":"Explain malware detection and prevention techniques.","activities":[{"id":"M3-S2-A1","title":"Identify Malware Types","description":"Recognize common types of malware (viruses, worms, trojans).","difficulty":"easy"},{"id":"M3-S2-A2","title":"Describe Antivirus Software","description":"Explain the function of antivirus software.","difficulty":"medium"}],"learning_outcomes":["Identify common malware types","Explain antivirus software functions"]}]},{"id":"M4","title":"Network Administration and Management","description":"Practical skills for network administration and management.","sub_modules":[{"id":"M4-S1","title":"Network Monitoring Tools","description":"Introduce common network monitoring tools (Wireshark, Snort).","activities":[{"id":"M4-S1-A1","title":"Configure Wireshark","description":"Set up and configure Wireshark for network capture.","difficulty":"hard"},{"id":"M4-S1-A2","title":"Describe Network Monitoring Concepts","description":"Explain common network monitoring concepts ( packet sniffing, IP tracing).","difficulty":"medium"}],"learning_outcomes":["Configure Wireshark for network capture","Explain common network monitoring concepts"]},{"id":"M4-S2","title":"Network Backup and Recovery","description":"Introduce backup and recovery techniques for networks.","activities":[{"id":"M4-S2-A1","title":"Configure Backup Software","description":"Set up and configure backup software (Veeam, Bacula).","difficulty":"medium"},{"id":"M4-S2-A2","title":"Describe Network Recovery Concepts","description":"Explain common network recovery techniques ( restore points, backups).","difficulty":"hard"}],"learning_outcomes":["Configure backup software","Explain common network recovery concepts"]}]}],"quiz_adaptations":["activity11-1","activity12-1","activity21-1","activity22-1","activity31-1","activity32-1","activity41-1","activity42-1"]},"course_id":64,"user_id":3,"quiz_performance":{"topic_scores":{"general":0.0,"problem_solving":0.0,"learning_style":50.0,"logical_reasoning":100.0,"mathematical":100.0,"motivation":100.0},"overall_score":60.0,"weak_areas":["general","problem_solving","learning_style"],"strengths":["logical_reasoning","mathematical","motivation"],"total_questions_answered":10,"question_distribution":{"general":1,"problem_solving":2,"learning_style":2,"logical_reasoning":2,"mathematical":2,"motivation":1}}}
[2025-02-13T14:00:58.6324037] Successfully downloaded all missing learning paths for user 3
[2025-04-09T12:30:11.9232751] Starting comprehensive learning path verification for user 1
[2025-04-09T12:30:11.9312813] Checking path for user 1, course 51: NOT FOUND
[2025-04-09T12:30:11.9312813] Checking path for user 1, course 52: NOT FOUND
[2025-04-09T12:30:11.9322835] Checking path for user 1, course 53: NOT FOUND
[2025-04-09T12:30:11.9322835] Checking path for user 1, course 54: NOT FOUND
[2025-04-09T12:30:11.9322835] Starting download of missing learning paths for user 1: [51, 52, 53, 54]
[2025-04-09T12:30:11.941799] Attempting to download learning path from URL: http://localhost:8000/learning_path/1/51
[2025-04-09T12:30:11.941799] Target save location: C:\Users\Farhan Mohammad\Desktop\my project directory\registration-login-spring-boot-security-thymeleaf\src\main\resources\static\data\data\learning_paths\1_51_path.json
[2025-04-09T12:31:26.4923399] Detailed error downloading learning path for user 1, course 51:
[2025-04-09T12:31:26.4953756] Error message: Connection reset
[2025-04-09T12:31:26.4976312] Error type: java.net.SocketException
[2025-04-09T12:31:26.5076824] Full error stack trace:
[2025-04-09T12:31:26.5082204] java.net.SocketException: Connection reset
	at java.base/sun.nio.ch.NioSocketImpl.implRead(NioSocketImpl.java:328)
	at java.base/sun.nio.ch.NioSocketImpl.read(NioSocketImpl.java:355)
	at java.base/sun.nio.ch.NioSocketImpl$1.read(NioSocketImpl.java:808)
	at java.base/java.net.Socket$SocketInputStream.read(Socket.java:966)
	at java.base/java.io.BufferedInputStream.fill(BufferedInputStream.java:244)
	at java.base/java.io.BufferedInputStream.read1(BufferedInputStream.java:284)
	at java.base/java.io.BufferedInputStream.read(BufferedInputStream.java:343)
	at java.base/sun.net.www.http.HttpClient.parseHTTPHeader(HttpClient.java:826)
	at java.base/sun.net.www.http.HttpClient.parseHTTP(HttpClient.java:761)
	at java.base/sun.net.www.http.HttpClient.parseHTTP(HttpClient.java:785)
	at java.base/sun.net.www.protocol.http.HttpURLConnection.getInputStream0(HttpURLConnection.java:1725)
	at java.base/sun.net.www.protocol.http.HttpURLConnection.getInputStream(HttpURLConnection.java:1626)
	at java.base/java.net.URL.openStream(URL.java:1161)
	at com.example.demo.service.LearningPathVerificationService.downloadLearningPath(LearningPathVerificationService.java:91)
	at com.example.demo.service.LearningPathVerificationService.verifyAndFetchLearningPaths(LearningPathVerificationService.java:194)
	at com.example.demo.web.LearningPathController.verifyLearningPaths(LearningPathController.java:45)
	at java.base/jdk.internal.reflect.NativeMethodAccessorImpl.invoke0(Native Method)
	at java.base/jdk.internal.reflect.NativeMethodAccessorImpl.invoke(NativeMethodAccessorImpl.java:77)
	at java.base/jdk.internal.reflect.DelegatingMethodAccessorImpl.invoke(DelegatingMethodAccessorImpl.java:43)
	at java.base/java.lang.reflect.Method.invoke(Method.java:569)
	at org.springframework.web.method.support.InvocableHandlerMethod.doInvoke(InvocableHandlerMethod.java:205)
	at org.springframework.web.method.support.InvocableHandlerMethod.invokeForRequest(InvocableHandlerMethod.java:150)
	at org.springframework.web.servlet.mvc.method.annotation.ServletInvocableHandlerMethod.invokeAndHandle(ServletInvocableHandlerMethod.java:117)
	at org.springframework.web.servlet.mvc.method.annotation.RequestMappingHandlerAdapter.invokeHandlerMethod(RequestMappingHandlerAdapter.java:895)
	at org.springframework.web.servlet.mvc.method.annotation.RequestMappingHandlerAdapter.handleInternal(RequestMappingHandlerAdapter.java:808)
	at org.springframework.web.servlet.mvc.method.AbstractHandlerMethodAdapter.handle(AbstractHandlerMethodAdapter.java:87)
	at org.springframework.web.servlet.DispatcherServlet.doDispatch(DispatcherServlet.java:1067)
	at org.springframework.web.servlet.DispatcherServlet.doService(DispatcherServlet.java:963)
	at org.springframework.web.servlet.FrameworkServlet.processRequest(FrameworkServlet.java:1006)
	at org.springframework.web.servlet.FrameworkServlet.doPost(FrameworkServlet.java:909)
	at javax.servlet.http.HttpServlet.service(HttpServlet.java:681)
	at org.springframework.web.servlet.FrameworkServlet.service(FrameworkServlet.java:883)
	at javax.servlet.http.HttpServlet.service(HttpServlet.java:764)
	at org.apache.catalina.core.ApplicationFilterChain.internalDoFilter(ApplicationFilterChain.java:227)
	at org.apache.catalina.core.ApplicationFilterChain.doFilter(ApplicationFilterChain.java:162)
	at org.apache.tomcat.websocket.server.WsFilter.doFilter(WsFilter.java:53)
	at org.apache.catalina.core.ApplicationFilterChain.internalDoFilter(ApplicationFilterChain.java:189)
	at org.apache.catalina.core.ApplicationFilterChain.doFilter(ApplicationFilterChain.java:162)
	at org.springframework.security.web.FilterChainProxy$VirtualFilterChain.doFilter(FilterChainProxy.java:327)
	at org.springframework.security.web.access.intercept.FilterSecurityInterceptor.invoke(FilterSecurityInterceptor.java:115)
	at org.springframework.security.web.access.intercept.FilterSecurityInterceptor.doFilter(FilterSecurityInterceptor.java:81)
	at org.springframework.security.web.FilterChainProxy$VirtualFilterChain.doFilter(FilterChainProxy.java:336)
	at org.springframework.security.web.access.ExceptionTranslationFilter.doFilter(ExceptionTranslationFilter.java:122)
	at org.springframework.security.web.access.ExceptionTranslationFilter.doFilter(ExceptionTranslationFilter.java:116)
	at org.springframework.security.web.FilterChainProxy$VirtualFilterChain.doFilter(FilterChainProxy.java:336)
	at org.springframework.security.web.session.SessionManagementFilter.doFilter(SessionManagementFilter.java:126)
	at org.springframework.security.web.session.SessionManagementFilter.doFilter(SessionManagementFilter.java:81)
	at org.springframework.security.web.FilterChainProxy$VirtualFilterChain.doFilter(FilterChainProxy.java:336)
	at org.springframework.security.web.authentication.AnonymousAuthenticationFilter.doFilter(AnonymousAuthenticationFilter.java:109)
	at org.springframework.security.web.FilterChainProxy$VirtualFilterChain.doFilter(FilterChainProxy.java:336)
	at org.springframework.security.web.servletapi.SecurityContextHolderAwareRequestFilter.doFilter(SecurityContextHolderAwareRequestFilter.java:149)
	at org.springframework.security.web.FilterChainProxy$VirtualFilterChain.doFilter(FilterChainProxy.java:336)
	at org.springframework.security.web.savedrequest.RequestCacheAwareFilter.doFilter(RequestCacheAwareFilter.java:63)
	at org.springframework.security.web.FilterChainProxy$VirtualFilterChain.doFilter(FilterChainProxy.java:336)
	at org.springframework.security.web.session.ConcurrentSessionFilter.doFilter(ConcurrentSessionFilter.java:147)
	at org.springframework.security.web.session.ConcurrentSessionFilter.doFilter(ConcurrentSessionFilter.java:125)
	at org.springframework.security.web.FilterChainProxy$VirtualFilterChain.doFilter(FilterChainProxy.java:336)
	at org.springframework.security.web.authentication.AbstractAuthenticationProcessingFilter.doFilter(AbstractAuthenticationProcessingFilter.java:219)
	at org.springframework.security.web.authentication.AbstractAuthenticationProcessingFilter.doFilter(AbstractAuthenticationProcessingFilter.java:213)
	at org.springframework.security.web.FilterChainProxy$VirtualFilterChain.doFilter(FilterChainProxy.java:336)
	at org.springframework.security.web.authentication.logout.LogoutFilter.doFilter(LogoutFilter.java:103)
	at org.springframework.security.web.authentication.logout.LogoutFilter.doFilter(LogoutFilter.java:89)
	at org.springframework.security.web.FilterChainProxy$VirtualFilterChain.doFilter(FilterChainProxy.java:336)
	at org.springframework.security.web.header.HeaderWriterFilter.doHeadersAfter(HeaderWriterFilter.java:90)
	at org.springframework.security.web.header.HeaderWriterFilter.doFilterInternal(HeaderWriterFilter.java:75)
	at org.springframework.web.filter.OncePerRequestFilter.doFilter(OncePerRequestFilter.java:119)
	at org.springframework.security.web.FilterChainProxy$VirtualFilterChain.doFilter(FilterChainProxy.java:336)
	at org.springframework.security.web.context.SecurityContextPersistenceFilter.doFilter(SecurityContextPersistenceFilter.java:110)
	at org.springframework.security.web.context.SecurityContextPersistenceFilter.doFilter(SecurityContextPersistenceFilter.java:80)
	at org.springframework.security.web.FilterChainProxy$VirtualFilterChain.doFilter(FilterChainProxy.java:336)
	at org.springframework.security.web.context.request.async.WebAsyncManagerIntegrationFilter.doFilterInternal(WebAsyncManagerIntegrationFilter.java:55)
	at org.springframework.web.filter.OncePerRequestFilter.doFilter(OncePerRequestFilter.java:119)
	at org.springframework.security.web.FilterChainProxy$VirtualFilterChain.doFilter(FilterChainProxy.java:336)
	at org.springframework.security.web.FilterChainProxy.doFilterInternal(FilterChainProxy.java:211)
	at org.springframework.security.web.FilterChainProxy.doFilter(FilterChainProxy.java:183)
	at org.springframework.web.filter.DelegatingFilterProxy.invokeDelegate(DelegatingFilterProxy.java:358)
	at org.springframework.web.filter.DelegatingFilterProxy.doFilter(DelegatingFilterProxy.java:271)
	at org.apache.catalina.core.ApplicationFilterChain.internalDoFilter(ApplicationFilterChain.java:189)
	at org.apache.catalina.core.ApplicationFilterChain.doFilter(ApplicationFilterChain.java:162)
	at org.springframework.web.filter.RequestContextFilter.doFilterInternal(RequestContextFilter.java:100)
	at org.springframework.web.filter.OncePerRequestFilter.doFilter(OncePerRequestFilter.java:119)
	at org.apache.catalina.core.ApplicationFilterChain.internalDoFilter(ApplicationFilterChain.java:189)
	at org.apache.catalina.core.ApplicationFilterChain.doFilter(ApplicationFilterChain.java:162)
	at org.springframework.web.filter.FormContentFilter.doFilterInternal(FormContentFilter.java:93)
	at org.springframework.web.filter.OncePerRequestFilter.doFilter(OncePerRequestFilter.java:119)
	at org.apache.catalina.core.ApplicationFilterChain.internalDoFilter(ApplicationFilterChain.java:189)
	at org.apache.catalina.core.ApplicationFilterChain.doFilter(ApplicationFilterChain.java:162)
	at org.springframework.web.filter.CharacterEncodingFilter.doFilterInternal(CharacterEncodingFilter.java:201)
	at org.springframework.web.filter.OncePerRequestFilter.doFilter(OncePerRequestFilter.java:119)
	at org.apache.catalina.core.ApplicationFilterChain.internalDoFilter(ApplicationFilterChain.java:189)
	at org.apache.catalina.core.ApplicationFilterChain.doFilter(ApplicationFilterChain.java:162)
	at org.apache.catalina.core.StandardWrapperValve.invoke(StandardWrapperValve.java:197)
	at org.apache.catalina.core.StandardContextValve.invoke(StandardContextValve.java:97)
	at org.apache.catalina.authenticator.AuthenticatorBase.invoke(AuthenticatorBase.java:540)
	at org.apache.catalina.core.StandardHostValve.invoke(StandardHostValve.java:135)
	at org.apache.catalina.valves.ErrorReportValve.invoke(ErrorReportValve.java:92)
	at org.apache.catalina.core.StandardEngineValve.invoke(StandardEngineValve.java:78)
	at org.apache.catalina.connector.CoyoteAdapter.service(CoyoteAdapter.java:357)
	at org.apache.coyote.http11.Http11Processor.service(Http11Processor.java:382)
	at org.apache.coyote.AbstractProcessorLight.process(AbstractProcessorLight.java:65)
	at org.apache.coyote.AbstractProtocol$ConnectionHandler.process(AbstractProtocol.java:895)
	at org.apache.tomcat.util.net.NioEndpoint$SocketProcessor.doRun(NioEndpoint.java:1722)
	at org.apache.tomcat.util.net.SocketProcessorBase.run(SocketProcessorBase.java:49)
	at org.apache.tomcat.util.threads.ThreadPoolExecutor.runWorker(ThreadPoolExecutor.java:1191)
	at org.apache.tomcat.util.threads.ThreadPoolExecutor$Worker.run(ThreadPoolExecutor.java:659)
	at org.apache.tomcat.util.threads.TaskThread$WrappingRunnable.run(TaskThread.java:61)
	at java.base/java.lang.Thread.run(Thread.java:840)

[2025-04-09T12:31:26.5379513] Attempting to download learning path from URL: http://localhost:8000/learning_path/1/52
[2025-04-09T12:31:26.5389519] Target save location: C:\Users\Farhan Mohammad\Desktop\my project directory\registration-login-spring-boot-security-thymeleaf\src\main\resources\static\data\data\learning_paths\1_52_path.json
[2025-04-09T12:31:26.5444653] Detailed error downloading learning path for user 1, course 52:
[2025-04-09T12:31:26.5454676] Error message: Connection refused: connect
[2025-04-09T12:31:26.5474696] Error type: java.net.ConnectException
[2025-04-09T12:31:26.5504707] Full error stack trace:
[2025-04-09T12:31:26.5514673] java.net.ConnectException: Connection refused: connect
	at java.base/sun.nio.ch.Net.connect0(Native Method)
	at java.base/sun.nio.ch.Net.connect(Net.java:579)
	at java.base/sun.nio.ch.Net.connect(Net.java:568)
	at java.base/sun.nio.ch.NioSocketImpl.connect(NioSocketImpl.java:593)
	at java.base/java.net.Socket.connect(Socket.java:633)
	at java.base/java.net.Socket.connect(Socket.java:583)
	at java.base/sun.net.NetworkClient.doConnect(NetworkClient.java:183)
	at java.base/sun.net.www.http.HttpClient.openServer(HttpClient.java:533)
	at java.base/sun.net.www.http.HttpClient.openServer(HttpClient.java:638)
	at java.base/sun.net.www.http.HttpClient.<init>(HttpClient.java:281)
	at java.base/sun.net.www.http.HttpClient.New(HttpClient.java:386)
	at java.base/sun.net.www.http.HttpClient.New(HttpClient.java:408)
	at java.base/sun.net.www.protocol.http.HttpURLConnection.getNewHttpClient(HttpURLConnection.java:1324)
	at java.base/sun.net.www.protocol.http.HttpURLConnection.plainConnect0(HttpURLConnection.java:1257)
	at java.base/sun.net.www.protocol.http.HttpURLConnection.plainConnect(HttpURLConnection.java:1143)
	at java.base/sun.net.www.protocol.http.HttpURLConnection.connect(HttpURLConnection.java:1072)
	at java.base/sun.net.www.protocol.http.HttpURLConnection.getInputStream0(HttpURLConnection.java:1702)
	at java.base/sun.net.www.protocol.http.HttpURLConnection.getInputStream(HttpURLConnection.java:1626)
	at java.base/java.net.URL.openStream(URL.java:1161)
	at com.example.demo.service.LearningPathVerificationService.downloadLearningPath(LearningPathVerificationService.java:91)
	at com.example.demo.service.LearningPathVerificationService.verifyAndFetchLearningPaths(LearningPathVerificationService.java:194)
	at com.example.demo.web.LearningPathController.verifyLearningPaths(LearningPathController.java:45)
	at java.base/jdk.internal.reflect.NativeMethodAccessorImpl.invoke0(Native Method)
	at java.base/jdk.internal.reflect.NativeMethodAccessorImpl.invoke(NativeMethodAccessorImpl.java:77)
	at java.base/jdk.internal.reflect.DelegatingMethodAccessorImpl.invoke(DelegatingMethodAccessorImpl.java:43)
	at java.base/java.lang.reflect.Method.invoke(Method.java:569)
	at org.springframework.web.method.support.InvocableHandlerMethod.doInvoke(InvocableHandlerMethod.java:205)
	at org.springframework.web.method.support.InvocableHandlerMethod.invokeForRequest(InvocableHandlerMethod.java:150)
	at org.springframework.web.servlet.mvc.method.annotation.ServletInvocableHandlerMethod.invokeAndHandle(ServletInvocableHandlerMethod.java:117)
	at org.springframework.web.servlet.mvc.method.annotation.RequestMappingHandlerAdapter.invokeHandlerMethod(RequestMappingHandlerAdapter.java:895)
	at org.springframework.web.servlet.mvc.method.annotation.RequestMappingHandlerAdapter.handleInternal(RequestMappingHandlerAdapter.java:808)
	at org.springframework.web.servlet.mvc.method.AbstractHandlerMethodAdapter.handle(AbstractHandlerMethodAdapter.java:87)
	at org.springframework.web.servlet.DispatcherServlet.doDispatch(DispatcherServlet.java:1067)
	at org.springframework.web.servlet.DispatcherServlet.doService(DispatcherServlet.java:963)
	at org.springframework.web.servlet.FrameworkServlet.processRequest(FrameworkServlet.java:1006)
	at org.springframework.web.servlet.FrameworkServlet.doPost(FrameworkServlet.java:909)
	at javax.servlet.http.HttpServlet.service(HttpServlet.java:681)
	at org.springframework.web.servlet.FrameworkServlet.service(FrameworkServlet.java:883)
	at javax.servlet.http.HttpServlet.service(HttpServlet.java:764)
	at org.apache.catalina.core.ApplicationFilterChain.internalDoFilter(ApplicationFilterChain.java:227)
	at org.apache.catalina.core.ApplicationFilterChain.doFilter(ApplicationFilterChain.java:162)
	at org.apache.tomcat.websocket.server.WsFilter.doFilter(WsFilter.java:53)
	at org.apache.catalina.core.ApplicationFilterChain.internalDoFilter(ApplicationFilterChain.java:189)
	at org.apache.catalina.core.ApplicationFilterChain.doFilter(ApplicationFilterChain.java:162)
	at org.springframework.security.web.FilterChainProxy$VirtualFilterChain.doFilter(FilterChainProxy.java:327)
	at org.springframework.security.web.access.intercept.FilterSecurityInterceptor.invoke(FilterSecurityInterceptor.java:115)
	at org.springframework.security.web.access.intercept.FilterSecurityInterceptor.doFilter(FilterSecurityInterceptor.java:81)
	at org.springframework.security.web.FilterChainProxy$VirtualFilterChain.doFilter(FilterChainProxy.java:336)
	at org.springframework.security.web.access.ExceptionTranslationFilter.doFilter(ExceptionTranslationFilter.java:122)
	at org.springframework.security.web.access.ExceptionTranslationFilter.doFilter(ExceptionTranslationFilter.java:116)
	at org.springframework.security.web.FilterChainProxy$VirtualFilterChain.doFilter(FilterChainProxy.java:336)
	at org.springframework.security.web.session.SessionManagementFilter.doFilter(SessionManagementFilter.java:126)
	at org.springframework.security.web.session.SessionManagementFilter.doFilter(SessionManagementFilter.java:81)
	at org.springframework.security.web.FilterChainProxy$VirtualFilterChain.doFilter(FilterChainProxy.java:336)
	at org.springframework.security.web.authentication.AnonymousAuthenticationFilter.doFilter(AnonymousAuthenticationFilter.java:109)
	at org.springframework.security.web.FilterChainProxy$VirtualFilterChain.doFilter(FilterChainProxy.java:336)
	at org.springframework.security.web.servletapi.SecurityContextHolderAwareRequestFilter.doFilter(SecurityContextHolderAwareRequestFilter.java:149)
	at org.springframework.security.web.FilterChainProxy$VirtualFilterChain.doFilter(FilterChainProxy.java:336)
	at org.springframework.security.web.savedrequest.RequestCacheAwareFilter.doFilter(RequestCacheAwareFilter.java:63)
	at org.springframework.security.web.FilterChainProxy$VirtualFilterChain.doFilter(FilterChainProxy.java:336)
	at org.springframework.security.web.session.ConcurrentSessionFilter.doFilter(ConcurrentSessionFilter.java:147)
	at org.springframework.security.web.session.ConcurrentSessionFilter.doFilter(ConcurrentSessionFilter.java:125)
	at org.springframework.security.web.FilterChainProxy$VirtualFilterChain.doFilter(FilterChainProxy.java:336)
	at org.springframework.security.web.authentication.AbstractAuthenticationProcessingFilter.doFilter(AbstractAuthenticationProcessingFilter.java:219)
	at org.springframework.security.web.authentication.AbstractAuthenticationProcessingFilter.doFilter(AbstractAuthenticationProcessingFilter.java:213)
	at org.springframework.security.web.FilterChainProxy$VirtualFilterChain.doFilter(FilterChainProxy.java:336)
	at org.springframework.security.web.authentication.logout.LogoutFilter.doFilter(LogoutFilter.java:103)
	at org.springframework.security.web.authentication.logout.LogoutFilter.doFilter(LogoutFilter.java:89)
	at org.springframework.security.web.FilterChainProxy$VirtualFilterChain.doFilter(FilterChainProxy.java:336)
	at org.springframework.security.web.header.HeaderWriterFilter.doHeadersAfter(HeaderWriterFilter.java:90)
	at org.springframework.security.web.header.HeaderWriterFilter.doFilterInternal(HeaderWriterFilter.java:75)
	at org.springframework.web.filter.OncePerRequestFilter.doFilter(OncePerRequestFilter.java:119)
	at org.springframework.security.web.FilterChainProxy$VirtualFilterChain.doFilter(FilterChainProxy.java:336)
	at org.springframework.security.web.context.SecurityContextPersistenceFilter.doFilter(SecurityContextPersistenceFilter.java:110)
	at org.springframework.security.web.context.SecurityContextPersistenceFilter.doFilter(SecurityContextPersistenceFilter.java:80)
	at org.springframework.security.web.FilterChainProxy$VirtualFilterChain.doFilter(FilterChainProxy.java:336)
	at org.springframework.security.web.context.request.async.WebAsyncManagerIntegrationFilter.doFilterInternal(WebAsyncManagerIntegrationFilter.java:55)
	at org.springframework.web.filter.OncePerRequestFilter.doFilter(OncePerRequestFilter.java:119)
	at org.springframework.security.web.FilterChainProxy$VirtualFilterChain.doFilter(FilterChainProxy.java:336)
	at org.springframework.security.web.FilterChainProxy.doFilterInternal(FilterChainProxy.java:211)
	at org.springframework.security.web.FilterChainProxy.doFilter(FilterChainProxy.java:183)
	at org.springframework.web.filter.DelegatingFilterProxy.invokeDelegate(DelegatingFilterProxy.java:358)
	at org.springframework.web.filter.DelegatingFilterProxy.doFilter(DelegatingFilterProxy.java:271)
	at org.apache.catalina.core.ApplicationFilterChain.internalDoFilter(ApplicationFilterChain.java:189)
	at org.apache.catalina.core.ApplicationFilterChain.doFilter(ApplicationFilterChain.java:162)
	at org.springframework.web.filter.RequestContextFilter.doFilterInternal(RequestContextFilter.java:100)
	at org.springframework.web.filter.OncePerRequestFilter.doFilter(OncePerRequestFilter.java:119)
	at org.apache.catalina.core.ApplicationFilterChain.internalDoFilter(ApplicationFilterChain.java:189)
	at org.apache.catalina.core.ApplicationFilterChain.doFilter(ApplicationFilterChain.java:162)
	at org.springframework.web.filter.FormContentFilter.doFilterInternal(FormContentFilter.java:93)
	at org.springframework.web.filter.OncePerRequestFilter.doFilter(OncePerRequestFilter.java:119)
	at org.apache.catalina.core.ApplicationFilterChain.internalDoFilter(ApplicationFilterChain.java:189)
	at org.apache.catalina.core.ApplicationFilterChain.doFilter(ApplicationFilterChain.java:162)
	at org.springframework.web.filter.CharacterEncodingFilter.doFilterInternal(CharacterEncodingFilter.java:201)
	at org.springframework.web.filter.OncePerRequestFilter.doFilter(OncePerRequestFilter.java:119)
	at org.apache.catalina.core.ApplicationFilterChain.internalDoFilter(ApplicationFilterChain.java:189)
	at org.apache.catalina.core.ApplicationFilterChain.doFilter(ApplicationFilterChain.java:162)
	at org.apache.catalina.core.StandardWrapperValve.invoke(StandardWrapperValve.java:197)
	at org.apache.catalina.core.StandardContextValve.invoke(StandardContextValve.java:97)
	at org.apache.catalina.authenticator.AuthenticatorBase.invoke(AuthenticatorBase.java:540)
	at org.apache.catalina.core.StandardHostValve.invoke(StandardHostValve.java:135)
	at org.apache.catalina.valves.ErrorReportValve.invoke(ErrorReportValve.java:92)
	at org.apache.catalina.core.StandardEngineValve.invoke(StandardEngineValve.java:78)
	at org.apache.catalina.connector.CoyoteAdapter.service(CoyoteAdapter.java:357)
	at org.apache.coyote.http11.Http11Processor.service(Http11Processor.java:382)
	at org.apache.coyote.AbstractProcessorLight.process(AbstractProcessorLight.java:65)
	at org.apache.coyote.AbstractProtocol$ConnectionHandler.process(AbstractProtocol.java:895)
	at org.apache.tomcat.util.net.NioEndpoint$SocketProcessor.doRun(NioEndpoint.java:1722)
	at org.apache.tomcat.util.net.SocketProcessorBase.run(SocketProcessorBase.java:49)
	at org.apache.tomcat.util.threads.ThreadPoolExecutor.runWorker(ThreadPoolExecutor.java:1191)
	at org.apache.tomcat.util.threads.ThreadPoolExecutor$Worker.run(ThreadPoolExecutor.java:659)
	at org.apache.tomcat.util.threads.TaskThread$WrappingRunnable.run(TaskThread.java:61)
	at java.base/java.lang.Thread.run(Thread.java:840)

[2025-04-09T12:31:26.5565416] Attempting to download learning path from URL: http://localhost:8000/learning_path/1/53
[2025-04-09T12:31:26.5575427] Target save location: C:\Users\Farhan Mohammad\Desktop\my project directory\registration-login-spring-boot-security-thymeleaf\src\main\resources\static\data\data\learning_paths\1_53_path.json
[2025-04-09T12:31:26.5595407] Detailed error downloading learning path for user 1, course 53:
[2025-04-09T12:31:26.5605411] Error message: Connection refused: connect
[2025-04-09T12:31:26.5605411] Error type: java.net.ConnectException
[2025-04-09T12:31:26.5615412] Full error stack trace:
[2025-04-09T12:31:26.5625404] java.net.ConnectException: Connection refused: connect
	at java.base/sun.nio.ch.Net.connect0(Native Method)
	at java.base/sun.nio.ch.Net.connect(Net.java:579)
	at java.base/sun.nio.ch.Net.connect(Net.java:568)
	at java.base/sun.nio.ch.NioSocketImpl.connect(NioSocketImpl.java:593)
	at java.base/java.net.Socket.connect(Socket.java:633)
	at java.base/java.net.Socket.connect(Socket.java:583)
	at java.base/sun.net.NetworkClient.doConnect(NetworkClient.java:183)
	at java.base/sun.net.www.http.HttpClient.openServer(HttpClient.java:533)
	at java.base/sun.net.www.http.HttpClient.openServer(HttpClient.java:638)
	at java.base/sun.net.www.http.HttpClient.<init>(HttpClient.java:281)
	at java.base/sun.net.www.http.HttpClient.New(HttpClient.java:386)
	at java.base/sun.net.www.http.HttpClient.New(HttpClient.java:408)
	at java.base/sun.net.www.protocol.http.HttpURLConnection.getNewHttpClient(HttpURLConnection.java:1324)
	at java.base/sun.net.www.protocol.http.HttpURLConnection.plainConnect0(HttpURLConnection.java:1257)
	at java.base/sun.net.www.protocol.http.HttpURLConnection.plainConnect(HttpURLConnection.java:1143)
	at java.base/sun.net.www.protocol.http.HttpURLConnection.connect(HttpURLConnection.java:1072)
	at java.base/sun.net.www.protocol.http.HttpURLConnection.getInputStream0(HttpURLConnection.java:1702)
	at java.base/sun.net.www.protocol.http.HttpURLConnection.getInputStream(HttpURLConnection.java:1626)
	at java.base/java.net.URL.openStream(URL.java:1161)
	at com.example.demo.service.LearningPathVerificationService.downloadLearningPath(LearningPathVerificationService.java:91)
	at com.example.demo.service.LearningPathVerificationService.verifyAndFetchLearningPaths(LearningPathVerificationService.java:194)
	at com.example.demo.web.LearningPathController.verifyLearningPaths(LearningPathController.java:45)
	at java.base/jdk.internal.reflect.NativeMethodAccessorImpl.invoke0(Native Method)
	at java.base/jdk.internal.reflect.NativeMethodAccessorImpl.invoke(NativeMethodAccessorImpl.java:77)
	at java.base/jdk.internal.reflect.DelegatingMethodAccessorImpl.invoke(DelegatingMethodAccessorImpl.java:43)
	at java.base/java.lang.reflect.Method.invoke(Method.java:569)
	at org.springframework.web.method.support.InvocableHandlerMethod.doInvoke(InvocableHandlerMethod.java:205)
	at org.springframework.web.method.support.InvocableHandlerMethod.invokeForRequest(InvocableHandlerMethod.java:150)
	at org.springframework.web.servlet.mvc.method.annotation.ServletInvocableHandlerMethod.invokeAndHandle(ServletInvocableHandlerMethod.java:117)
	at org.springframework.web.servlet.mvc.method.annotation.RequestMappingHandlerAdapter.invokeHandlerMethod(RequestMappingHandlerAdapter.java:895)
	at org.springframework.web.servlet.mvc.method.annotation.RequestMappingHandlerAdapter.handleInternal(RequestMappingHandlerAdapter.java:808)
	at org.springframework.web.servlet.mvc.method.AbstractHandlerMethodAdapter.handle(AbstractHandlerMethodAdapter.java:87)
	at org.springframework.web.servlet.DispatcherServlet.doDispatch(DispatcherServlet.java:1067)
	at org.springframework.web.servlet.DispatcherServlet.doService(DispatcherServlet.java:963)
	at org.springframework.web.servlet.FrameworkServlet.processRequest(FrameworkServlet.java:1006)
	at org.springframework.web.servlet.FrameworkServlet.doPost(FrameworkServlet.java:909)
	at javax.servlet.http.HttpServlet.service(HttpServlet.java:681)
	at org.springframework.web.servlet.FrameworkServlet.service(FrameworkServlet.java:883)
	at javax.servlet.http.HttpServlet.service(HttpServlet.java:764)
	at org.apache.catalina.core.ApplicationFilterChain.internalDoFilter(ApplicationFilterChain.java:227)
	at org.apache.catalina.core.ApplicationFilterChain.doFilter(ApplicationFilterChain.java:162)
	at org.apache.tomcat.websocket.server.WsFilter.doFilter(WsFilter.java:53)
	at org.apache.catalina.core.ApplicationFilterChain.internalDoFilter(ApplicationFilterChain.java:189)
	at org.apache.catalina.core.ApplicationFilterChain.doFilter(ApplicationFilterChain.java:162)
	at org.springframework.security.web.FilterChainProxy$VirtualFilterChain.doFilter(FilterChainProxy.java:327)
	at org.springframework.security.web.access.intercept.FilterSecurityInterceptor.invoke(FilterSecurityInterceptor.java:115)
	at org.springframework.security.web.access.intercept.FilterSecurityInterceptor.doFilter(FilterSecurityInterceptor.java:81)
	at org.springframework.security.web.FilterChainProxy$VirtualFilterChain.doFilter(FilterChainProxy.java:336)
	at org.springframework.security.web.access.ExceptionTranslationFilter.doFilter(ExceptionTranslationFilter.java:122)
	at org.springframework.security.web.access.ExceptionTranslationFilter.doFilter(ExceptionTranslationFilter.java:116)
	at org.springframework.security.web.FilterChainProxy$VirtualFilterChain.doFilter(FilterChainProxy.java:336)
	at org.springframework.security.web.session.SessionManagementFilter.doFilter(SessionManagementFilter.java:126)
	at org.springframework.security.web.session.SessionManagementFilter.doFilter(SessionManagementFilter.java:81)
	at org.springframework.security.web.FilterChainProxy$VirtualFilterChain.doFilter(FilterChainProxy.java:336)
	at org.springframework.security.web.authentication.AnonymousAuthenticationFilter.doFilter(AnonymousAuthenticationFilter.java:109)
	at org.springframework.security.web.FilterChainProxy$VirtualFilterChain.doFilter(FilterChainProxy.java:336)
	at org.springframework.security.web.servletapi.SecurityContextHolderAwareRequestFilter.doFilter(SecurityContextHolderAwareRequestFilter.java:149)
	at org.springframework.security.web.FilterChainProxy$VirtualFilterChain.doFilter(FilterChainProxy.java:336)
	at org.springframework.security.web.savedrequest.RequestCacheAwareFilter.doFilter(RequestCacheAwareFilter.java:63)
	at org.springframework.security.web.FilterChainProxy$VirtualFilterChain.doFilter(FilterChainProxy.java:336)
	at org.springframework.security.web.session.ConcurrentSessionFilter.doFilter(ConcurrentSessionFilter.java:147)
	at org.springframework.security.web.session.ConcurrentSessionFilter.doFilter(ConcurrentSessionFilter.java:125)
	at org.springframework.security.web.FilterChainProxy$VirtualFilterChain.doFilter(FilterChainProxy.java:336)
	at org.springframework.security.web.authentication.AbstractAuthenticationProcessingFilter.doFilter(AbstractAuthenticationProcessingFilter.java:219)
	at org.springframework.security.web.authentication.AbstractAuthenticationProcessingFilter.doFilter(AbstractAuthenticationProcessingFilter.java:213)
	at org.springframework.security.web.FilterChainProxy$VirtualFilterChain.doFilter(FilterChainProxy.java:336)
	at org.springframework.security.web.authentication.logout.LogoutFilter.doFilter(LogoutFilter.java:103)
	at org.springframework.security.web.authentication.logout.LogoutFilter.doFilter(LogoutFilter.java:89)
	at org.springframework.security.web.FilterChainProxy$VirtualFilterChain.doFilter(FilterChainProxy.java:336)
	at org.springframework.security.web.header.HeaderWriterFilter.doHeadersAfter(HeaderWriterFilter.java:90)
	at org.springframework.security.web.header.HeaderWriterFilter.doFilterInternal(HeaderWriterFilter.java:75)
	at org.springframework.web.filter.OncePerRequestFilter.doFilter(OncePerRequestFilter.java:119)
	at org.springframework.security.web.FilterChainProxy$VirtualFilterChain.doFilter(FilterChainProxy.java:336)
	at org.springframework.security.web.context.SecurityContextPersistenceFilter.doFilter(SecurityContextPersistenceFilter.java:110)
	at org.springframework.security.web.context.SecurityContextPersistenceFilter.doFilter(SecurityContextPersistenceFilter.java:80)
	at org.springframework.security.web.FilterChainProxy$VirtualFilterChain.doFilter(FilterChainProxy.java:336)
	at org.springframework.security.web.context.request.async.WebAsyncManagerIntegrationFilter.doFilterInternal(WebAsyncManagerIntegrationFilter.java:55)
	at org.springframework.web.filter.OncePerRequestFilter.doFilter(OncePerRequestFilter.java:119)
	at org.springframework.security.web.FilterChainProxy$VirtualFilterChain.doFilter(FilterChainProxy.java:336)
	at org.springframework.security.web.FilterChainProxy.doFilterInternal(FilterChainProxy.java:211)
	at org.springframework.security.web.FilterChainProxy.doFilter(FilterChainProxy.java:183)
	at org.springframework.web.filter.DelegatingFilterProxy.invokeDelegate(DelegatingFilterProxy.java:358)
	at org.springframework.web.filter.DelegatingFilterProxy.doFilter(DelegatingFilterProxy.java:271)
	at org.apache.catalina.core.ApplicationFilterChain.internalDoFilter(ApplicationFilterChain.java:189)
	at org.apache.catalina.core.ApplicationFilterChain.doFilter(ApplicationFilterChain.java:162)
	at org.springframework.web.filter.RequestContextFilter.doFilterInternal(RequestContextFilter.java:100)
	at org.springframework.web.filter.OncePerRequestFilter.doFilter(OncePerRequestFilter.java:119)
	at org.apache.catalina.core.ApplicationFilterChain.internalDoFilter(ApplicationFilterChain.java:189)
	at org.apache.catalina.core.ApplicationFilterChain.doFilter(ApplicationFilterChain.java:162)
	at org.springframework.web.filter.FormContentFilter.doFilterInternal(FormContentFilter.java:93)
	at org.springframework.web.filter.OncePerRequestFilter.doFilter(OncePerRequestFilter.java:119)
	at org.apache.catalina.core.ApplicationFilterChain.internalDoFilter(ApplicationFilterChain.java:189)
	at org.apache.catalina.core.ApplicationFilterChain.doFilter(ApplicationFilterChain.java:162)
	at org.springframework.web.filter.CharacterEncodingFilter.doFilterInternal(CharacterEncodingFilter.java:201)
	at org.springframework.web.filter.OncePerRequestFilter.doFilter(OncePerRequestFilter.java:119)
	at org.apache.catalina.core.ApplicationFilterChain.internalDoFilter(ApplicationFilterChain.java:189)
	at org.apache.catalina.core.ApplicationFilterChain.doFilter(ApplicationFilterChain.java:162)
	at org.apache.catalina.core.StandardWrapperValve.invoke(StandardWrapperValve.java:197)
	at org.apache.catalina.core.StandardContextValve.invoke(StandardContextValve.java:97)
	at org.apache.catalina.authenticator.AuthenticatorBase.invoke(AuthenticatorBase.java:540)
	at org.apache.catalina.core.StandardHostValve.invoke(StandardHostValve.java:135)
	at org.apache.catalina.valves.ErrorReportValve.invoke(ErrorReportValve.java:92)
	at org.apache.catalina.core.StandardEngineValve.invoke(StandardEngineValve.java:78)
	at org.apache.catalina.connector.CoyoteAdapter.service(CoyoteAdapter.java:357)
	at org.apache.coyote.http11.Http11Processor.service(Http11Processor.java:382)
	at org.apache.coyote.AbstractProcessorLight.process(AbstractProcessorLight.java:65)
	at org.apache.coyote.AbstractProtocol$ConnectionHandler.process(AbstractProtocol.java:895)
	at org.apache.tomcat.util.net.NioEndpoint$SocketProcessor.doRun(NioEndpoint.java:1722)
	at org.apache.tomcat.util.net.SocketProcessorBase.run(SocketProcessorBase.java:49)
	at org.apache.tomcat.util.threads.ThreadPoolExecutor.runWorker(ThreadPoolExecutor.java:1191)
	at org.apache.tomcat.util.threads.ThreadPoolExecutor$Worker.run(ThreadPoolExecutor.java:659)
	at org.apache.tomcat.util.threads.TaskThread$WrappingRunnable.run(TaskThread.java:61)
	at java.base/java.lang.Thread.run(Thread.java:840)

[2025-04-09T12:31:26.5660485] Attempting to download learning path from URL: http://localhost:8000/learning_path/1/54
[2025-04-09T12:31:26.5670582] Target save location: C:\Users\Farhan Mohammad\Desktop\my project directory\registration-login-spring-boot-security-thymeleaf\src\main\resources\static\data\data\learning_paths\1_54_path.json
[2025-04-09T12:31:26.5690584] Detailed error downloading learning path for user 1, course 54:
[2025-04-09T12:31:26.5690584] Error message: Connection refused: connect
[2025-04-09T12:31:26.5690584] Error type: java.net.ConnectException
[2025-04-09T12:31:26.5700605] Full error stack trace:
[2025-04-09T12:31:26.5710574] java.net.ConnectException: Connection refused: connect
	at java.base/sun.nio.ch.Net.connect0(Native Method)
	at java.base/sun.nio.ch.Net.connect(Net.java:579)
	at java.base/sun.nio.ch.Net.connect(Net.java:568)
	at java.base/sun.nio.ch.NioSocketImpl.connect(NioSocketImpl.java:593)
	at java.base/java.net.Socket.connect(Socket.java:633)
	at java.base/java.net.Socket.connect(Socket.java:583)
	at java.base/sun.net.NetworkClient.doConnect(NetworkClient.java:183)
	at java.base/sun.net.www.http.HttpClient.openServer(HttpClient.java:533)
	at java.base/sun.net.www.http.HttpClient.openServer(HttpClient.java:638)
	at java.base/sun.net.www.http.HttpClient.<init>(HttpClient.java:281)
	at java.base/sun.net.www.http.HttpClient.New(HttpClient.java:386)
	at java.base/sun.net.www.http.HttpClient.New(HttpClient.java:408)
	at java.base/sun.net.www.protocol.http.HttpURLConnection.getNewHttpClient(HttpURLConnection.java:1324)
	at java.base/sun.net.www.protocol.http.HttpURLConnection.plainConnect0(HttpURLConnection.java:1257)
	at java.base/sun.net.www.protocol.http.HttpURLConnection.plainConnect(HttpURLConnection.java:1143)
	at java.base/sun.net.www.protocol.http.HttpURLConnection.connect(HttpURLConnection.java:1072)
	at java.base/sun.net.www.protocol.http.HttpURLConnection.getInputStream0(HttpURLConnection.java:1702)
	at java.base/sun.net.www.protocol.http.HttpURLConnection.getInputStream(HttpURLConnection.java:1626)
	at java.base/java.net.URL.openStream(URL.java:1161)
	at com.example.demo.service.LearningPathVerificationService.downloadLearningPath(LearningPathVerificationService.java:91)
	at com.example.demo.service.LearningPathVerificationService.verifyAndFetchLearningPaths(LearningPathVerificationService.java:194)
	at com.example.demo.web.LearningPathController.verifyLearningPaths(LearningPathController.java:45)
	at java.base/jdk.internal.reflect.NativeMethodAccessorImpl.invoke0(Native Method)
	at java.base/jdk.internal.reflect.NativeMethodAccessorImpl.invoke(NativeMethodAccessorImpl.java:77)
	at java.base/jdk.internal.reflect.DelegatingMethodAccessorImpl.invoke(DelegatingMethodAccessorImpl.java:43)
	at java.base/java.lang.reflect.Method.invoke(Method.java:569)
	at org.springframework.web.method.support.InvocableHandlerMethod.doInvoke(InvocableHandlerMethod.java:205)
	at org.springframework.web.method.support.InvocableHandlerMethod.invokeForRequest(InvocableHandlerMethod.java:150)
	at org.springframework.web.servlet.mvc.method.annotation.ServletInvocableHandlerMethod.invokeAndHandle(ServletInvocableHandlerMethod.java:117)
	at org.springframework.web.servlet.mvc.method.annotation.RequestMappingHandlerAdapter.invokeHandlerMethod(RequestMappingHandlerAdapter.java:895)
	at org.springframework.web.servlet.mvc.method.annotation.RequestMappingHandlerAdapter.handleInternal(RequestMappingHandlerAdapter.java:808)
	at org.springframework.web.servlet.mvc.method.AbstractHandlerMethodAdapter.handle(AbstractHandlerMethodAdapter.java:87)
	at org.springframework.web.servlet.DispatcherServlet.doDispatch(DispatcherServlet.java:1067)
	at org.springframework.web.servlet.DispatcherServlet.doService(DispatcherServlet.java:963)
	at org.springframework.web.servlet.FrameworkServlet.processRequest(FrameworkServlet.java:1006)
	at org.springframework.web.servlet.FrameworkServlet.doPost(FrameworkServlet.java:909)
	at javax.servlet.http.HttpServlet.service(HttpServlet.java:681)
	at org.springframework.web.servlet.FrameworkServlet.service(FrameworkServlet.java:883)
	at javax.servlet.http.HttpServlet.service(HttpServlet.java:764)
	at org.apache.catalina.core.ApplicationFilterChain.internalDoFilter(ApplicationFilterChain.java:227)
	at org.apache.catalina.core.ApplicationFilterChain.doFilter(ApplicationFilterChain.java:162)
	at org.apache.tomcat.websocket.server.WsFilter.doFilter(WsFilter.java:53)
	at org.apache.catalina.core.ApplicationFilterChain.internalDoFilter(ApplicationFilterChain.java:189)
	at org.apache.catalina.core.ApplicationFilterChain.doFilter(ApplicationFilterChain.java:162)
	at org.springframework.security.web.FilterChainProxy$VirtualFilterChain.doFilter(FilterChainProxy.java:327)
	at org.springframework.security.web.access.intercept.FilterSecurityInterceptor.invoke(FilterSecurityInterceptor.java:115)
	at org.springframework.security.web.access.intercept.FilterSecurityInterceptor.doFilter(FilterSecurityInterceptor.java:81)
	at org.springframework.security.web.FilterChainProxy$VirtualFilterChain.doFilter(FilterChainProxy.java:336)
	at org.springframework.security.web.access.ExceptionTranslationFilter.doFilter(ExceptionTranslationFilter.java:122)
	at org.springframework.security.web.access.ExceptionTranslationFilter.doFilter(ExceptionTranslationFilter.java:116)
	at org.springframework.security.web.FilterChainProxy$VirtualFilterChain.doFilter(FilterChainProxy.java:336)
	at org.springframework.security.web.session.SessionManagementFilter.doFilter(SessionManagementFilter.java:126)
	at org.springframework.security.web.session.SessionManagementFilter.doFilter(SessionManagementFilter.java:81)
	at org.springframework.security.web.FilterChainProxy$VirtualFilterChain.doFilter(FilterChainProxy.java:336)
	at org.springframework.security.web.authentication.AnonymousAuthenticationFilter.doFilter(AnonymousAuthenticationFilter.java:109)
	at org.springframework.security.web.FilterChainProxy$VirtualFilterChain.doFilter(FilterChainProxy.java:336)
	at org.springframework.security.web.servletapi.SecurityContextHolderAwareRequestFilter.doFilter(SecurityContextHolderAwareRequestFilter.java:149)
	at org.springframework.security.web.FilterChainProxy$VirtualFilterChain.doFilter(FilterChainProxy.java:336)
	at org.springframework.security.web.savedrequest.RequestCacheAwareFilter.doFilter(RequestCacheAwareFilter.java:63)
	at org.springframework.security.web.FilterChainProxy$VirtualFilterChain.doFilter(FilterChainProxy.java:336)
	at org.springframework.security.web.session.ConcurrentSessionFilter.doFilter(ConcurrentSessionFilter.java:147)
	at org.springframework.security.web.session.ConcurrentSessionFilter.doFilter(ConcurrentSessionFilter.java:125)
	at org.springframework.security.web.FilterChainProxy$VirtualFilterChain.doFilter(FilterChainProxy.java:336)
	at org.springframework.security.web.authentication.AbstractAuthenticationProcessingFilter.doFilter(AbstractAuthenticationProcessingFilter.java:219)
	at org.springframework.security.web.authentication.AbstractAuthenticationProcessingFilter.doFilter(AbstractAuthenticationProcessingFilter.java:213)
	at org.springframework.security.web.FilterChainProxy$VirtualFilterChain.doFilter(FilterChainProxy.java:336)
	at org.springframework.security.web.authentication.logout.LogoutFilter.doFilter(LogoutFilter.java:103)
	at org.springframework.security.web.authentication.logout.LogoutFilter.doFilter(LogoutFilter.java:89)
	at org.springframework.security.web.FilterChainProxy$VirtualFilterChain.doFilter(FilterChainProxy.java:336)
	at org.springframework.security.web.header.HeaderWriterFilter.doHeadersAfter(HeaderWriterFilter.java:90)
	at org.springframework.security.web.header.HeaderWriterFilter.doFilterInternal(HeaderWriterFilter.java:75)
	at org.springframework.web.filter.OncePerRequestFilter.doFilter(OncePerRequestFilter.java:119)
	at org.springframework.security.web.FilterChainProxy$VirtualFilterChain.doFilter(FilterChainProxy.java:336)
	at org.springframework.security.web.context.SecurityContextPersistenceFilter.doFilter(SecurityContextPersistenceFilter.java:110)
	at org.springframework.security.web.context.SecurityContextPersistenceFilter.doFilter(SecurityContextPersistenceFilter.java:80)
	at org.springframework.security.web.FilterChainProxy$VirtualFilterChain.doFilter(FilterChainProxy.java:336)
	at org.springframework.security.web.context.request.async.WebAsyncManagerIntegrationFilter.doFilterInternal(WebAsyncManagerIntegrationFilter.java:55)
	at org.springframework.web.filter.OncePerRequestFilter.doFilter(OncePerRequestFilter.java:119)
	at org.springframework.security.web.FilterChainProxy$VirtualFilterChain.doFilter(FilterChainProxy.java:336)
	at org.springframework.security.web.FilterChainProxy.doFilterInternal(FilterChainProxy.java:211)
	at org.springframework.security.web.FilterChainProxy.doFilter(FilterChainProxy.java:183)
	at org.springframework.web.filter.DelegatingFilterProxy.invokeDelegate(DelegatingFilterProxy.java:358)
	at org.springframework.web.filter.DelegatingFilterProxy.doFilter(DelegatingFilterProxy.java:271)
	at org.apache.catalina.core.ApplicationFilterChain.internalDoFilter(ApplicationFilterChain.java:189)
	at org.apache.catalina.core.ApplicationFilterChain.doFilter(ApplicationFilterChain.java:162)
	at org.springframework.web.filter.RequestContextFilter.doFilterInternal(RequestContextFilter.java:100)
	at org.springframework.web.filter.OncePerRequestFilter.doFilter(OncePerRequestFilter.java:119)
	at org.apache.catalina.core.ApplicationFilterChain.internalDoFilter(ApplicationFilterChain.java:189)
	at org.apache.catalina.core.ApplicationFilterChain.doFilter(ApplicationFilterChain.java:162)
	at org.springframework.web.filter.FormContentFilter.doFilterInternal(FormContentFilter.java:93)
	at org.springframework.web.filter.OncePerRequestFilter.doFilter(OncePerRequestFilter.java:119)
	at org.apache.catalina.core.ApplicationFilterChain.internalDoFilter(ApplicationFilterChain.java:189)
	at org.apache.catalina.core.ApplicationFilterChain.doFilter(ApplicationFilterChain.java:162)
	at org.springframework.web.filter.CharacterEncodingFilter.doFilterInternal(CharacterEncodingFilter.java:201)
	at org.springframework.web.filter.OncePerRequestFilter.doFilter(OncePerRequestFilter.java:119)
	at org.apache.catalina.core.ApplicationFilterChain.internalDoFilter(ApplicationFilterChain.java:189)
	at org.apache.catalina.core.ApplicationFilterChain.doFilter(ApplicationFilterChain.java:162)
	at org.apache.catalina.core.StandardWrapperValve.invoke(StandardWrapperValve.java:197)
	at org.apache.catalina.core.StandardContextValve.invoke(StandardContextValve.java:97)
	at org.apache.catalina.authenticator.AuthenticatorBase.invoke(AuthenticatorBase.java:540)
	at org.apache.catalina.core.StandardHostValve.invoke(StandardHostValve.java:135)
	at org.apache.catalina.valves.ErrorReportValve.invoke(ErrorReportValve.java:92)
	at org.apache.catalina.core.StandardEngineValve.invoke(StandardEngineValve.java:78)
	at org.apache.catalina.connector.CoyoteAdapter.service(CoyoteAdapter.java:357)
	at org.apache.coyote.http11.Http11Processor.service(Http11Processor.java:382)
	at org.apache.coyote.AbstractProcessorLight.process(AbstractProcessorLight.java:65)
	at org.apache.coyote.AbstractProtocol$ConnectionHandler.process(AbstractProtocol.java:895)
	at org.apache.tomcat.util.net.NioEndpoint$SocketProcessor.doRun(NioEndpoint.java:1722)
	at org.apache.tomcat.util.net.SocketProcessorBase.run(SocketProcessorBase.java:49)
	at org.apache.tomcat.util.threads.ThreadPoolExecutor.runWorker(ThreadPoolExecutor.java:1191)
	at org.apache.tomcat.util.threads.ThreadPoolExecutor$Worker.run(ThreadPoolExecutor.java:659)
	at org.apache.tomcat.util.threads.TaskThread$WrappingRunnable.run(TaskThread.java:61)
	at java.base/java.lang.Thread.run(Thread.java:840)

[2025-04-09T12:31:26.5750555] Failed to download all learning paths for user 1
[2025-04-09T12:31:52.0177378] Starting comprehensive learning path verification for user 1
[2025-04-09T12:31:52.0197399] Checking path for user 1, course 51: NOT FOUND
[2025-04-09T12:31:52.0207418] Checking path for user 1, course 52: NOT FOUND
[2025-04-09T12:31:52.0217449] Checking path for user 1, course 53: NOT FOUND
[2025-04-09T12:31:52.0217449] Checking path for user 1, course 54: NOT FOUND
[2025-04-09T12:31:52.0217449] Starting download of missing learning paths for user 1: [51, 52, 53, 54]
[2025-04-09T12:31:52.0217449] Attempting to download learning path from URL: http://localhost:8000/learning_path/1/51
[2025-04-09T12:31:52.0217449] Target save location: C:\Users\Farhan Mohammad\Desktop\my project directory\registration-login-spring-boot-security-thymeleaf\src\main\resources\static\data\data\learning_paths\1_51_path.json
[2025-04-09T12:32:12.9359885] Successfully downloaded learning path for user 1, course 51
[2025-04-09T12:32:12.9359885] Download details - Bytes transferred: 5229, Duration: 20911 ms
[2025-04-09T12:32:12.9379543] Verifying downloaded file - Size: 5229 bytes
[2025-04-09T12:32:12.9485658] First few lines of the downloaded file:
[2025-04-09T12:32:12.9495707]   {"learning_path":{"modules":[{"id":"M1","title":"Foundational Knowledge of Entrepreneurship","description":"This module provides a comprehensive overview of entrepreneurship, covering the definition, types, and importance of entrepreneurship.","sub_modules":[{"id":"M1-S1","title":"Defining Entrepreneurship","description":"Explore the concept of entrepreneurship, including its history, key characteristics, and evolution over time.","activities":[{"type":"text-based quiz","question_type":"multiple_choice","duration":30,"learning_objectives":["Describe the definition of entrepreneurship.","Explain the key characteristics of an entrepreneur."],"id":"M1-S1-A1"},{"type":"written essay","question_type":"open-ended","duration":60,"learning_objectives":["Analyze the historical development of entrepreneurship.","Discuss the importance of entrepreneurship in modern society."],"id":"M1-S1-A2"}],"learning_outcomes":["Understanding the definition and key characteristics of entrepreneurship.","Analyzing the historical context of entrepreneurship.","Appreciating the significance of entrepreneurship in contemporary society."]},{"id":"M1-S2","title":"Types of Entrepreneurship","description":"Examine the different types of entrepreneurship, including small business management, innovation, and venture capital.","activities":[{"type":"multiple-choice quiz","question_type":"true false","duration":45,"learning_objectives":["Identify the main types of entrepreneurial activities.","Describe the role of innovation in entrepreneurship."],"id":"M1-S2-A1"},{"type":"case study","question_type":"problem-solving","duration":90,"learning_objectives":["Analyze a business case to identify the type of entrepreneurship involved.","Evaluate the impact of innovation on entrepreneurial success."],"id":"M1-S2-A2"}],"learning_outcomes":["Recognizing the different types of entrepreneurial activities.","Understanding the role of innovation in entrepreneurial endeavors.","Applying analytical skills to evaluate a business case."]},{"id":"M1-S3","title":"Entrepreneurial Mindset and Skills","description":"Develop essential skills for entrepreneurs, including leadership, risk management, and time management.","activities":[{"type":"reflective journaling","question_type":"open-ended","duration":60,"learning_objectives":["Describe personal strengths and weaknesses as an entrepreneur.","Identify key skills required for successful entrepreneurship."],"id":"M1-S3-A1"},{"type":"group discussion","question_type":"problem-solving","duration":90,"learning_objectives":["Collaborate with peers to identify common entrepreneurial challenges.","Develop a strategy for overcoming obstacles in small business management."],"id":"M1-S3-A2"}],"learning_outcomes":["Recognizing personal strengths and weaknesses as an entrepreneur.","Identifying essential skills required for entrepreneurship.","Applying collaboration skills to address common entrepreneurial challenges."]}]},{"id":"M2","title":"Entrepreneurial Planning and Strategy","description":"This module teaches entrepreneurs how to develop a comprehensive business plan, including market analysis, financial planning, and risk management.","sub_modules":[{"id":"M2-S1","title":"Market Analysis and Research","description":"Conduct thorough research on target markets, competitors, and industry trends to inform business decisions.","activities":[{"type":"market research report writing","question_type":"written essay","duration":120,"learning_objectives":["Develop a comprehensive market analysis report."],"activities":[{"type":"research interview","question_type":"guided discussion","duration":60,"learning_objectives":["Conduct in-depth interviews with industry experts.","Analyze data and findings from research interviews to support business decisions."]}],"learning_outcomes":["Develop a market analysis report that addresses key factors, including target audience, competition, and market trends.","Apply research skills to analyze data and findings from industry experts.","Use insights from market research to inform business decisions."],"id":"M2-S1-A1"},{"id":"M2-S1-A2","title":"Financial Planning and Budgeting","description":"Create a comprehensive financial plan, including budgeting, cash flow management, and funding options.","activities":[{"type":"financial plan template creation","question_type":"text-based quiz","duration":90,"learning_objectives":["Develop a standard financial plan template.","Apply financial planning principles to create a comprehensive business plan."]},"activities"],"learning_outcomes":["Develop a comprehensive financial plan, including budgeting and cash flow management strategies.","Create a funding options section for the business plan."]}]}]}]},"course_id":51,"user_id":1,"quiz_performance":{"topic_scores":{"general":0.0,"problem_solving":0.0,"learning_style":0.0,"logical_reasoning":0.0,"mathematical":50.0,"motivation":0.0},"overall_score":10.0,"weak_areas":["general","problem_solving","learning_style","logical_reasoning","mathematical","motivation"],"strengths":[],"total_questions_answered":10,"question_distribution":{"general":1,"problem_solving":2,"learning_style":2,"logical_reasoning":2,"mathematical":2,"motivation":1}}}
[2025-04-09T12:32:12.9505605] Attempting to download learning path from URL: http://localhost:8000/learning_path/1/52
[2025-04-09T12:32:12.9515599] Target save location: C:\Users\Farhan Mohammad\Desktop\my project directory\registration-login-spring-boot-security-thymeleaf\src\main\resources\static\data\data\learning_paths\1_52_path.json
[2025-04-09T12:33:02.8013755] Successfully downloaded learning path for user 1, course 52
[2025-04-09T12:33:02.8019221] Download details - Bytes transferred: 12161, Duration: 49849 ms
[2025-04-09T12:33:02.8024683] Verifying downloaded file - Size: 12161 bytes
[2025-04-09T12:33:02.8041322] First few lines of the downloaded file:
[2025-04-09T12:33:02.8047003]   {"learning_path":{"modules":[{"id":"M1","title":"Marketing Fundamentals","description":"This module covers the basics of marketing, including market research, segmentation, targeting, and positioning.","sub_modules":[{"id":"M1-S1","title":"Market Research","description":"This sub-module delves into the process of conducting market research, including data collection and analysis.","activities":[{"id":"M1-S1-A1","title":"Research Methods","description":"This activity covers the different research methods used in marketing, including surveys, focus groups, and interviews.","learning_objectives":["Understand the importance of market research in marketing strategy.","Learn how to conduct market research using various methods."]},{"id":"M1-S1-A2","title":"Data Analysis","description":"This activity covers data analysis techniques used in marketing, including statistical methods and data visualization.","learning_objectives":["Understand the importance of data analysis in marketing strategy.","Learn how to analyze data using statistical methods."]}],"learning_outcomes":["Understand market research methods and their applications in marketing strategy.","Apply data analysis techniques to extract insights from market data."]},{"id":"M1-S2","title":"Segmentation, Targeting, Positioning","description":"This sub-module covers the principles of segmentation, targeting, and positioning in marketing.","activities":[{"id":"M1-S2-A1","title":"Segmentation Techniques","description":"This activity covers different segmentation techniques used in marketing, including demographic, geographic, and psychographic segmentation.","learning_objectives":["Understand the principles of segmentation in marketing.","Learn how to apply segmentation techniques to identify target markets."]},{"id":"M1-S2-A2","title":"Targeting Strategies","description":"This activity covers different targeting strategies used in marketing, including penetration, expansion, and diversification.","learning_objectives":["Understand the importance of targeting in marketing strategy.","Learn how to apply targeting strategies to identify target customer segments."]},{"id":"M1-S2-A3","title":"Positioning Strategies","description":"This activity covers different positioning strategies used in marketing, including unique selling propositions and brand identity.","learning_objectives":["Understand the principles of positioning in marketing.","Learn how to apply positioning strategies to differentiate products or services."]}],"learning_outcomes":["Apply segmentation techniques to identify target markets.","Develop targeting strategies to identify target customer segments.","Create positioning strategies to differentiate products or services."]}]},{"id":"M2","title":"Digital Marketing","description":"This module covers the principles of digital marketing, including search engine optimization, pay-per-click advertising, and social media marketing.","sub_modules":[{"id":"M2-S1","title":"Search Engine Optimization","description":"This sub-module covers the principles of search engine optimization (SEO), including keyword research, on-page optimization, and link building.","activities":[{"id":"M2-S1-A1","title":"Keyword Research","description":"This activity covers the process of conducting keyword research, including tools and techniques used to identify relevant keywords.","learning_objectives":["Understand the importance of keyword research in SEO."]},{"id":"M2-S1-A2","title":"On-Page Optimization","description":"This activity covers the process of optimizing website elements, including meta tags, titles, and descriptions.","learning_objectives":["Understand how to optimize website elements for search engines."]},{"id":"M2-S1-A3","title":"Link Building","description":"This activity covers the process of building high-quality backlinks to improve website visibility and ranking.","learning_objectives":["Understand how to build high-quality backlinks for SEO."]}],"learning_outcomes":["Conduct keyword research using relevant tools and techniques.","Optimize website elements for search engines, including meta tags, titles, and descriptions.","Build high-quality backlinks to improve website visibility and ranking."]},{"id":"M2-S2","title":"Pay-Per-Click Advertising","description":"This sub-module covers the principles of pay-per-click (PPC) advertising, including campaign setup, ad copywriting, and bidding strategies.","activities":[{"id":"M2-S2-A1","title":"Campaign Setup","description":"This activity covers the process of setting up PPC campaigns, including target audience selection and budget allocation.","learning_objectives":["Understand how to set up PPC campaigns for effective targeting."]},{"id":"M2-S2-A2","title":"Ad Copywriting","description":"This activity covers the process of writing compelling ad copy, including headline writing and landing page optimization.","learning_objectives":["Understand how to write effective ad copy for PPC campaigns."]},{"id":"M2-S2-A3","title":"Bidding Strategies","description":"This activity covers the process of bidding strategies, including cost-per-click (CPC) and cost-per-conversion (CPC) bidding.","learning_objectives":["Understand how to set up effective bidding strategies for PPC campaigns."]}],"learning_outcomes":["Set up PPC campaigns effectively by selecting target audiences and allocating budgets.","Write compelling ad copy for PPC campaigns, including headline writing and landing page optimization.","Apply bidding strategies, including CPC and CPC bidding, to optimize campaign performance."]},{"id":"M2-S3","title":"Social Media Marketing","description":"This sub-module covers the principles of social media marketing, including content creation, audience engagement, and paid advertising.","activities":[{"id":"M2-S3-A1","title":"Content Creation","description":"This activity covers the process of creating engaging social media content, including writing headlines and crafting compelling visuals.","learning_objectives":["Understand how to create engaging social media content."]},{"id":"M2-S3-A2","title":"Audience Engagement","description":"This activity covers the process of building relationships with followers, including responding to comments and using social listening techniques.","learning_objectives":["Understand how to build relationships with followers on social media."]},{"id":"M2-S3-A3","title":"Paid Advertising","description":"This activity covers the process of running paid social media ads, including targeting options and budget allocation.","learning_objectives":["Understand how to run effective paid social media ads."]}],"learning_outcomes":["Create engaging social media content, including headlines and visuals.","Build relationships with followers on social media, including responding to comments and using social listening techniques.","Run effective paid social media ads, including targeting options and budget allocation."]}]},{"id":"M3","title":"Marketing Strategy","description":"This module covers the principles of marketing strategy, including market analysis, competitive analysis, and strategic planning.","sub_modules":[{"id":"M3-S1","title":"Market Analysis","description":"This sub-module covers the process of conducting market analysis, including identifying target markets and assessing customer needs.","activities":[{"id":"M3-S1-A1","title":"Target Market Identification","description":"This activity covers the process of identifying potential target markets, including demographics and psychographics.","learning_objectives":["Understand how to identify effective target markets."]},{"id":"M3-S1-A2","title":"Customer Needs Assessment","description":"This activity covers the process of assessing customer needs, including identifying pain points and areas for improvement.","learning_objectives":["Understand how to assess customer needs effectively."]}],"learning_outcomes":["Identify effective target markets by considering demographics, psychographics, and market trends."]},{"id":"M3-S2","title":"Competitive Analysis","description":"This sub-module covers the process of conducting competitive analysis, including identifying competitors, assessing their strengths and weaknesses, and evaluating their strategies.","activities":[{"id":"M3-S2-A1","title":"Competitor Identification","description":"This activity covers the process of identifying potential competitors, including market players and industry leaders.","learning_objectives":["Understand how to identify effective competitors."]},{"id":"M3-S2-A2","title":"Strengths and Weaknesses Analysis","description":"This activity covers the process of analyzing competitors' strengths and weaknesses, including identifying areas for improvement and opportunities for differentiation.","learning_objectives":["Understand how to analyze competitors' strengths and weaknesses."]},{"id":"M3-S2-A3","title":"Competitive Strategy Evaluation","description":"This activity covers the process of evaluating competitors' strategies, including market share, pricing, and promotional tactics.","learning_objectives":["Understand how to evaluate competitors' strategies effectively."]}],"learning_outcomes":["Identify effective competitors by considering market players, industry leaders, and product offerings."]},{"id":"M3-S3","title":"Strategic Planning","description":"This sub-module covers the process of developing strategic plans, including setting goals, identifying strategies, and allocating resources.","activities":[{"id":"M3-S3-A1","title":"Goal Setting","description":"This activity covers the process of setting clear and specific marketing goals, including measurable objectives and timelines.","learning_objectives":["Understand how to set effective marketing goals."]},{"id":"M3-S3-A2","title":"Strategy Identification","description":"This activity covers the process of identifying potential strategies for achieving marketing goals, including market segmentation, targeting, and positioning (STP).","learning_objectives":["Understand how to identify effective strategies for achieving marketing goals."]},{"id":"M3-S3-A3","title":"Resource Allocation","description":"This activity covers the process of allocating necessary resources, including budget, personnel, and technology.","learning_objectives":["Understand how to allocate resources effectively for marketing efforts."]}],"learning_outcomes":["Set clear and specific marketing goals with measurable objectives and timelines."]},{"id":"M3-S4","title":"Marketing Campaigns","description":"This module covers the principles of marketing campaigns, including campaign planning, execution, and measurement.","activities":[{"id":"M3-S4-A1","title":"Campaign Planning","description":"This activity covers the process of planning effective marketing campaigns, including target audience selection, messaging, and tactics.","learning_objectives":["Understand how to plan effective marketing campaigns."]},{"id":"M3-S4-A2","title":"Execution","description":"This activity covers the process of executing marketing campaigns, including content creation, distribution, and promotion.","learning_objectives":["Understand how to execute marketing campaigns effectively."]},{"id":"M3-S4-A3","title":"Measurement","description":"This activity covers the process of measuring marketing campaign performance, including metrics and benchmarks for evaluation.","learning_objectives":["Understand how to measure marketing campaign performance effectively."]}],"learning_outcomes":["Plan effective marketing campaigns by selecting target audiences, crafting compelling messaging, and choosing appropriate tactics."]}]}]},"course_id":52,"user_id":1,"quiz_performance":{"topic_scores":{"general":0.0,"problem_solving":0.0,"learning_style":0.0,"logical_reasoning":0.0,"mathematical":50.0,"motivation":0.0},"overall_score":10.0,"weak_areas":["general","problem_solving","learning_style","logical_reasoning","mathematical","motivation"],"strengths":[],"total_questions_answered":10,"question_distribution":{"general":1,"problem_solving":2,"learning_style":2,"logical_reasoning":2,"mathematical":2,"motivation":1}}}
[2025-04-09T12:33:02.8058116] Attempting to download learning path from URL: http://localhost:8000/learning_path/1/53
[2025-04-09T12:33:02.8063683] Target save location: C:\Users\Farhan Mohammad\Desktop\my project directory\registration-login-spring-boot-security-thymeleaf\src\main\resources\static\data\data\learning_paths\1_53_path.json
[2025-04-09T12:33:30.3630875] Successfully downloaded learning path for user 1, course 53
[2025-04-09T12:33:30.3644878] Download details - Bytes transferred: 5891, Duration: 27556 ms
[2025-04-09T12:33:30.3676402] Verifying downloaded file - Size: 5891 bytes
[2025-04-09T12:33:30.3723051] First few lines of the downloaded file:
[2025-04-09T12:33:30.3733882]   {"learning_path":{"modules":[{"id":"M1","title":"Data-Driven Decision Making in Marketing","description":"This learning path focuses on data-driven decision making for marketing purposes.","sub_modules":[{"id":"M1-S1","title":"Understanding Customer Behavior and Market Trends","description":"Learn to analyze customer behavior, identify market trends, and understand customer needs.","activities":[]},{"id":"M1-S2","title":"Data Analysis in Marketing Metrics","description":"Learn how to collect and analyze data from various marketing metrics such as ROI, conversion rates, etc. Use tools like Google Analytics.","activities":[]},{"id":"M1-S3","title":"Data Visualization in Marketing Reports","description":"Learn how to create reports and visualizations using tools such as Tableau or Power BI.","activities":[]}],"duration":"{4: {Marketing_Analysis_1: 120, Data-Analysis_2: 150, Data-Vizualization_3: 180}}"},{"id":"M2","title":"Segmentation and Targeting in Marketing","description":"Learn to identify target audience segments and tailor marketing strategies accordingly.","sub_modules":[{"id":"M2-S1","title":"Understanding Demographics and Psychographics","description":"Learn how to identify demographics and psychographics of your target audience.","activities":[]},{"id":"M2-S2","title":"Analyzing Customer Segments and Creating Buyer Personas","description":"Learn how to analyze customer segments, create buyer personas, and tailor marketing strategies accordingly.","activities":[]},{"id":"M2-S3","title":"Tailoring Marketing Strategies for Target Audience Segments","description":"Learn how to create targeted marketing campaigns based on your segment analysis.","activities":[]}],"duration":"{6: {Target-Audience_1: 90, Segmentation-Analysis_2: 120, Marketing-Strategies_3: 150}}"},{"id":"M3","title":"Pricing Strategies in Marketing","description":"Learn how to set optimal prices for your products and services based on market analysis and target audience.","sub_modules":[{"id":"M3-S1","title":"Analyzing Customer Buying Behavior and Preferences","description":"Learn how to analyze customer buying behavior, preferences and create pricing strategies accordingly.","activities":[]},{"id":"M3-S2","title":"Understanding Pricing Methods and Their Advantages","description":"Learn the different pricing methods such as cost-plus pricing, penetration pricing etc. and their advantages.","activities":[]},{"id":"M3-S3","title":"Implementing Dynamic Pricing for Customer Acquisition and Retention","description":"Learn how to implement dynamic pricing strategies to optimize customer acquisition and retention.","activities":[]}],"duration":"{4: {Pricing-Analysis_1: 90, Pricing-Methods_2: 60, Dynamic-Pricing_3: 150}}"},{"id":"M4","title":"Innovating and Implementing New Marketing Strategies","description":"Learn how to innovate and implement new marketing strategies based on market analysis and target audience.","sub_modules":[{"id":"M4-S1","title":"Identifying Opportunities for Innovation in Marketing","description":"Learn how to identify opportunities for innovation in marketing by analyzing customer needs, preferences and market trends.","activities":[]},{"id":"M4-S2","title":"Developing and Implementing Innovative Marketing Strategies","description":"Learn how to develop and implement innovative marketing strategies based on your analysis.","activities":[]},{"id":"M4-S3","title":"Evaluating the Success of Your Innovative Marketing Strategies","description":"Learn how to evaluate the success of your innovative marketing strategies using key performance indicators (KPIs).","activities":[]}],"duration":"{8: {Marketing-Innovation_1: 90, Innovative-Marketing-Strategies_2: 120, Measuring-Innovation-Success_3: 150}}"},{"id":"M5","title":"Digital Marketing and Its Role in Data-Driven Decision Making","description":"Learn how digital marketing can support data-driven decision making.","sub_modules":[{"id":"M5-S1","title":"Understanding the Impact of Social Media on Customer Behavior","description":"Learn how social media platforms impact customer behavior and engagement.","activities":[]},{"id":"M5-S2","title":"Understanding Digital Advertising Channels and Their ROI","description":"Learn about different digital advertising channels such as search, display, email, etc. and their return on investment (ROI).","activities":[]},{"id":"M5-S3","title":"Understanding Search Engine Optimization Techniques for Your Website","description":"Learn how to optimize your website using search engine optimization techniques.","activities":[]}],"duration":"{4: {Social-Media-Marketing_1: 90, Digital-Advertising_2: 60, SEO-Optimization_3: 150}}"},{"id":"M6","title":"Data-Driven Forecasting for Marketing Strategies","description":"Learn how to use data and forecasting techniques to predict customer behavior and develop effective marketing strategies.","sub_modules":[{"id":"M6-S1","title":"Understanding Different Forecasting Methods and Their Advantages","description":"Learn different forecasting methods such as regression analysis, time series analysis etc. and their advantages.","activities":[]},{"id":"M6-S2","title":"Creating Demand Plans Based on Historical Data and Market Trends","description":"Learn how to create demand plans using historical data and market trends.","activities":[]}],"duration":"{8: {Forecasting-Methods_1: 90, Demand-Planning_2: 120}}"}]},"course_id":53,"user_id":1,"quiz_performance":{"topic_scores":{"general":0.0,"problem_solving":0.0,"learning_style":0.0,"logical_reasoning":0.0,"mathematical":50.0,"motivation":0.0},"overall_score":10.0,"weak_areas":["general","problem_solving","learning_style","logical_reasoning","mathematical","motivation"],"strengths":[],"total_questions_answered":10,"question_distribution":{"general":1,"problem_solving":2,"learning_style":2,"logical_reasoning":2,"mathematical":2,"motivation":1}}}
[2025-04-09T12:33:30.3747993] Attempting to download learning path from URL: http://localhost:8000/learning_path/1/54
[2025-04-09T12:33:30.3757047] Target save location: C:\Users\Farhan Mohammad\Desktop\my project directory\registration-login-spring-boot-security-thymeleaf\src\main\resources\static\data\data\learning_paths\1_54_path.json
[2025-04-09T12:35:10.4993954] Successfully downloaded learning path for user 1, course 54
[2025-04-09T12:35:10.4999715] Download details - Bytes transferred: 21697, Duration: 100123 ms
[2025-04-09T12:35:10.5011478] Verifying downloaded file - Size: 21697 bytes
[2025-04-09T12:35:10.5022716] First few lines of the downloaded file:
[2025-04-09T12:35:10.5022716]   {"learning_path":{"modules":[{"id":"M1","title":"Mathematical Foundations","description":"This module will cover the fundamental mathematical concepts required for modeling business growth.","sub_modules":[{"id":"M1-S1","title":"Algebraic Fundamentals","description":"This sub-module will introduce students to algebraic techniques used in mathematical modeling, including equations and functions.","activities":[{"id":"M1-S1-A1","title":"Solve Equations","description":"Students will practice solving linear equations and inequalities using various methods.","learning_objectives":["Understand the concept of variables, constants, and algebraic expressions.","Learn to solve linear equations and inequalities."]},{"id":"M1-S1-A2","title":"Graphical Analysis","description":"Students will analyze and graph various functions using algebraic techniques.","learning_objectives":["Understand the concept of function notation, domain, and range.","Learn to analyze and graph linear equations."]}]},{"id":"M1-S2","title":"Calculus Fundamentals","description":"This sub-module will introduce students to basic calculus concepts used in mathematical modeling, including limits and derivatives.","activities":[{"id":"M1-S2-A1","title":"Limits and Derivatives","description":"Students will practice evaluating limits and finding derivatives using various methods.","learning_objectives":["Understand the concept of limits and derivatives.","Learn to evaluate limits and find derivatives."]},{"id":"M1-S2-A2","title":"Optimization Techniques","description":"Students will practice finding maximum and minimum values using calculus techniques.","learning_objectives":["Understand the concept of optimization problems.","Learn to find maximum and minimum values."]}]}],"duration":"2 weeks","difficulty_level":"beginner"},{"id":"M2","title":"Problem Solving Strategies","description":"This module will cover various problem-solving strategies used in mathematical modeling, including graphical and algebraic methods.","sub_modules":[{"id":"M2-S1","title":"Graphical Methods","description":"This sub-module will introduce students to graphical methods for solving equations and inequalities.","activities":[{"id":"M2-S1-A1","title":"Graphing Inequalities","description":"Students will practice graphing linear inequalities using various methods.","learning_objectives":["Understand the concept of linear inequalities.","Learn to graph linear inequalities."]},{"id":"M2-S1-A2","title":"Visual Analysis","description":"Students will practice analyzing and interpreting graphical representations of mathematical models.","learning_objectives":["Understand the concept of visual analysis.","Learn to analyze and interpret graphical representations."]}]},{"id":"M2-S2","title":"Algebraic Methods","description":"This sub-module will introduce students to algebraic methods for solving equations and inequalities.","activities":[{"id":"M2-S2-A1","title":"Solving Linear Equations","description":"Students will practice solving linear equations using various methods.","learning_objectives":["Understand the concept of linear equations.","Learn to solve linear equations."]},{"id":"M2-S2-A2","title":"Quadratic Formula","description":"Students will practice applying the quadratic formula to solve quadratic equations.","learning_objectives":["Understand the concept of quadratic equations.","Learn to apply the quadratic formula."]}]},{"id":"M2-S3","title":"Logic and Reasoning","description":"This sub-module will introduce students to logical reasoning techniques used in mathematical modeling.","activities":[{"id":"M2-S3-A1","title":"Logical Arguments","description":"Students will practice analyzing and constructing logical arguments using various methods.","learning_objectives":["Understand the concept of logical arguments.","Learn to analyze and construct logical arguments."]},{"id":"M2-S3-A2","title":"Proof Techniques","description":"Students will practice applying proof techniques to validate mathematical conclusions.","learning_objectives":["Understand the concept of proof techniques.","Learn to apply proof techniques."]}]}],"duration":"3 weeks","difficulty_level":"intermediate"},{"id":"M3","title":"Mathematical Modeling Techniques","description":"This module will cover various mathematical modeling techniques used in business growth, including optimization and approximation methods.","sub_modules":[{"id":"M3-S1","title":"Optimization Techniques","description":"This sub-module will introduce students to optimization techniques used in mathematical modeling, including linear and nonlinear programming.","activities":[{"id":"M3-S1-A1","title":"Linear Programming","description":"Students will practice solving linear programming problems using various methods.","learning_objectives":["Understand the concept of linear programming.","Learn to solve linear programming problems."]},{"id":"M3-S1-A2","title":"Nonlinear Programming","description":"Students will practice solving nonlinear programming problems using various methods.","learning_objectives":["Understand the concept of nonlinear programming.","Learn to solve nonlinear programming problems."]}]},{"id":"M3-S2","title":"Approximation Techniques","description":"This sub-module will introduce students to approximation techniques used in mathematical modeling, including numerical integration and approximation of functions.","activities":[{"id":"M3-S2-A1","title":"Numerical Integration","description":"Students will practice approximating definite integrals using various methods.","learning_objectives":["Understand the concept of numerical integration.","Learn to approximate definite integrals."]},{"id":"M3-S2-A2","title":"Approximation of Functions","description":"Students will practice approximating functions using various methods.","learning_objectives":["Understand the concept of approximation of functions.","Learn to approximate functions."]}]},{"id":"M3-S3","title":"Business Application","description":"This sub-module will introduce students to business applications of mathematical modeling techniques, including forecasting and optimization.","activities":[{"id":"M3-S3-A1","title":"Forecasting Techniques","description":"Students will practice applying forecasting techniques to predict future sales or revenue.","learning_objectives":["Understand the concept of forecasting.","Learn to apply forecasting techniques."]},{"id":"M3-S3-A2","title":"Optimization in Business","description":"Students will practice applying optimization techniques to maximize profits or minimize costs.","learning_objectives":["Understand the concept of optimization in business.","Learn to apply optimization techniques."]}]}],"duration":"4 weeks","difficulty_level":"advanced"},{"id":"M4","title":"Project Work","description":"This module will allow students to apply mathematical modeling techniques to real-world business problems.","sub_modules":[{"id":"M4-S1","title":"Business Problem Identification","description":"Students will identify and formulate a business problem to be solved using mathematical modeling techniques.","activities":[{"id":"M4-S1-A1","title":"Problem Definition","description":"Students will define the problem to be solved, including identifying key variables and constraints.","learning_objectives":["Understand the concept of problem definition.","Learn to define a business problem."]}]},{"id":"M4-S2","title":"Mathematical Modeling","description":"Students will apply mathematical modeling techniques to solve the identified business problem.","activities":[{"id":"M4-S2-A1","title":"Model Development","description":"Students will develop a mathematical model to describe the business problem, including identifying key variables and constraints.","learning_objectives":["Understand the concept of model development.","Learn to develop a mathematical model."]},{"id":"M4-S2-A2","title":"Model Evaluation","description":"Students will evaluate the performance of the developed model, including identifying potential biases and areas for improvement.","learning_objectives":["Understand the concept of model evaluation.","Learn to evaluate a mathematical model."]}]},{"id":"M4-S3","title":"Presentation","description":"Students will present their findings and recommendations for solving the business problem using mathematical modeling techniques.","activities":[{"id":"M4-S3-A1","title":"Presentation Preparation","description":"Students will prepare a presentation to communicate their findings and recommendations, including identifying key messages and visual aids.","learning_objectives":["Understand the concept of presentation preparation.","Learn to prepare a presentation."]},{"id":"M4-S3-A2","title":"Presentation Delivery","description":"Students will deliver their presentation, including presenting key findings and recommendations.","learning_objectives":["Understand the concept of presentation delivery.","Learn to deliver a presentation."]}]},{"id":"M4-S4","title":"Final Project Report","description":"Students will write a comprehensive final project report that documents their mathematical modeling efforts, including key findings and recommendations.","activities":[{"id":"M4-S4-A1","title":"Report Preparation","description":"Students will prepare a final project report, including documenting their mathematical modeling efforts, identifying key findings and recommendations, and providing visual aids and references.","learning_objectives":["Understand the concept of report preparation.","Learn to write a comprehensive final project report."]},{"id":"M4-S4-A2","title":"Report Submission","description":"Students will submit their final project report, including meeting all the requirements and formatting guidelines.","learning_objectives":["Understand the concept of report submission.","Learn to submit a comprehensive final project report."]}],"learning_outcomes":["Apply mathematical modeling techniques to business problems.","Analyze and evaluate the performance of mathematical models.","Communicate findings and recommendations using presentations and reports."]},{"id":"M4-S5","title":"Review and Practice","description":"This module will review key concepts and provide opportunities for students to practice applying mathematical modeling techniques in a real-world context.","activities":[{"id":"M4-S5-A1","title":"Review Sessions","description":"Students will participate in review sessions led by the instructor, including identifying key concepts and areas for improvement.","learning_objectives":["Understand the concept of review sessions.","Learn to identify areas for improvement."]},{"id":"M4-S5-A2","title":"Practice Problems","description":"Students will work on practice problems, including developing and applying mathematical models to business problems.","learning_objectives":["Understand the concept of practice problems.","Learn to develop and apply mathematical models."]},{"id":"M4-S5-A3","title":"Peer Review","description":"Students will participate in peer review sessions, including evaluating the work of their peers and providing feedback.","learning_objectives":["Understand the concept of peer review.","Learn to evaluate and provide feedback on peer work."]},{"id":"M4-S5-A4","title":"Final Review","description":"Students will participate in a final review session, including identifying key takeaways and areas for improvement.","learning_objectives":["Understand the concept of final review.","Learn to identify areas for improvement."]},{"id":"M4-S5-A5","title":"Final Assessment","description":"Students will participate in a final assessment, including applying mathematical modeling techniques to real-world business problems.","learning_objectives":["Understand the concept of final assessment.","Learn to apply mathematical modeling techniques."]},{"id":"M4-S5-A6","title":"Final Project Presentation","description":"Students will present their final projects, including presenting key findings and recommendations.","learning_objectives":["Understand the concept of final project presentation.","Learn to deliver a final project presentation."]},{"id":"M4-S5-A7","title":"Final Project Submission","description":"Students will submit their final projects, including meeting all the requirements and formatting guidelines.","learning_objectives":["Understand the concept of final project submission.","Learn to submit a comprehensive final project."]},{"id":"M4-S5-A8","title":"Final Evaluation","description":"Instructors will evaluate student work and provide feedback, including identifying areas for improvement.","learning_objectives":["Understand the concept of final evaluation.","Learn to receive feedback on performance."]},{"id":"M4-S5-A9","title":"Graduation Ceremony","description":"Students will participate in a graduation ceremony, including receiving their diplomas and celebrating their academic achievements.","learning_objectives":["Understand the concept of graduation ceremony.","Learn to celebrate academic achievement."]},{"id":"M4-S5-A10","title":"Final Review of Learning Outcomes","description":"Students will review their learning outcomes and identify areas for improvement, including documenting their knowledge and skills.","learning_objectives":["Understand the concept of final review of learning outcomes.","Learn to document knowledge and skills."]},{"id":"M4-S5-A11","title":"Final Assessment of Learning Outcomes","description":"Instructors will assess student learning outcomes, including evaluating the effectiveness of instruction and making recommendations for improvement.","learning_objectives":["Understand the concept of final assessment of learning outcomes.","Learn to evaluate effectiveness of instruction."]},{"id":"M4-S5-A12","title":"Final Review of Student Progress","description":"Instructors will review student progress, including identifying areas for improvement and making recommendations for future instruction.","learning_objectives":["Understand the concept of final review of student progress.","Learn to identify areas for improvement."]},{"id":"M4-S5-A13","title":"Final Evaluation of Student Performance","description":"Instructors will evaluate student performance, including assessing knowledge and skills acquired during instruction.","learning_objectives":["Understand the concept of final evaluation of student performance.","Learn to assess knowledge and skills."]},{"id":"M4-S5-A14","title":"Final Review of Student Feedback","description":"Instructors will review student feedback, including identifying areas for improvement and making recommendations for future instruction.","learning_objectives":["Understand the concept of final review of student feedback.","Learn to identify areas for improvement."]},{"id":"M4-S5-A15","title":"Final Assessment of Student Progress","description":"Instructors will assess student progress, including evaluating the effectiveness of instruction and making recommendations for future instruction.","learning_objectives":["Understand the concept of final assessment of student progress.","Learn to evaluate effectiveness of instruction."]},{"id":"M4-S5-A16","title":"Final Review of Student Performance","description":"Instructors will review student performance, including identifying areas for improvement and making recommendations for future instruction.","learning_objectives":["Understand the concept of final review of student performance.","Learn to identify areas for improvement."]},{"id":"M4-S5-A17","title":"Final Evaluation of Student Learning","description":"Instructors will evaluate student learning, including assessing knowledge and skills acquired during instruction.","learning_objectives":["Understand the concept of final evaluation of student learning.","Learn to assess knowledge and skills."]},{"id":"M4-S5-A18","title":"Final Review of Student Evaluation","description":"Instructors will review student evaluation, including identifying areas for improvement and making recommendations for future instruction.","learning_objectives":["Understand the concept of final review of student evaluation.","Learn to identify areas for improvement."]},{"id":"M4-S5-A19","title":"Final Assessment of Student Progress","description":"Instructors will assess student progress, including evaluating the effectiveness of instruction and making recommendations for future instruction.","learning_objectives":["Understand the concept of final assessment of student progress.","Learn to evaluate effectiveness of instruction."]},{"id":"M4-S5-A20","title":"Final Evaluation of Student Performance","description":"Instructors will evaluate student performance, including assessing knowledge and skills acquired during instruction.","learning_objectives":["Understand the concept of final evaluation of student performance.","Learn to assess knowledge and skills."]},{"id":"M4-S5-A21","title":"Final Review of Student Feedback","description":"Instructors will review student feedback, including identifying areas for improvement and making recommendations for future instruction.","learning_objectives":["Understand the concept of final review of student feedback.","Learn to identify areas for improvement."]},{"id":"M4-S5-A22","title":"Final Assessment of Student Progress","description":"Instructors will assess student progress, including evaluating the effectiveness of instruction and making recommendations for future instruction.","learning_objectives":["Understand the concept of final assessment of student progress.","Learn to evaluate effectiveness of instruction."]},{"id":"M4-S5-A23","title":"Final Evaluation of Student Learning","description":"Instructors will evaluate student learning, including assessing knowledge and skills acquired during instruction.","learning_objectives":["Understand the concept of final evaluation of student learning.","Learn to assess knowledge and skills."]},{"id":"M4-S5-A24","title":"Final Review of Student Evaluation","description":"Instructors will review student evaluation, including identifying areas for improvement and making recommendations for future instruction.","learning_objectives":["Understand the concept of final review of student evaluation.","Learn to identify areas for improvement."]},{"id":"M4-S5-A25","title":"Final Assessment of Student Progress","description":"Instructors will assess student progress, including evaluating the effectiveness of instruction and making recommendations for future instruction.","learning_objectives":["Understand the concept of final assessment of student progress.","Learn to evaluate effectiveness of instruction."]},{"id":"M4-S5-A26","title":"Final Evaluation of Student Performance","description":"Instructors will evaluate student performance, including assessing knowledge and skills acquired during instruction.","learning_objectives":["Understand the concept of final evaluation of student performance.","Learn to assess knowledge and skills."]},{"id":"M4-S5-A27","title":"Final Review of Student Feedback","description":"Instructors will review student feedback, including identifying areas for improvement and making recommendations for future instruction.","learning_objectives":["Understand the concept of final review of student feedback.","Learn to identify areas for improvement."]},{"id":"M4-S5-A28","title":"Final Assessment of Student Progress","description":"Instructors will assess student progress, including evaluating the effectiveness of instruction and making recommendations for future instruction.","learning_objectives":["Understand the concept of final assessment of student progress.","Learn to evaluate effectiveness of instruction."]},{"id":"M4-S5-A29","title":"Final Evaluation of Student Learning","description":"Instructors will evaluate student learning, including assessing knowledge and skills acquired during instruction.","learning_objectives":["Understand the concept of final evaluation of student learning.","Learn to assess knowledge and skills."]},{"id":"M4-S5-A30","title":"Final Review of Student Evaluation","description":"Instructors will review student evaluation, including identifying areas for improvement and making recommendations for future instruction.","learning_objectives":["Understand the concept of final review of student evaluation.","Learn to identify areas for improvement."]},{"id":"M4-S5-A31","title":"Final Assessment of Student Progress","description":"Instructors will assess student progress, including evaluating the effectiveness of instruction and making recommendations for future instruction.","learning_objectives":["Understand the concept of final assessment of student progress.","Learn to evaluate effectiveness of instruction."]},{"id":"M4-S5-A32","title":"Final Evaluation of Student Performance","description":"Instructors will evaluate student performance, including assessing knowledge and skills acquired during instruction.","learning_objectives":["Understand the concept of final evaluation of student performance.","Learn to assess knowledge and skills."]}],"learning_outcomes":["The student can analyze complex data sets and identify trends and patterns using various statistical methods."]}]}],"quiz_adaptations":[]},"course_id":54,"user_id":1,"quiz_performance":{"topic_scores":{"general":0.0,"problem_solving":0.0,"learning_style":0.0,"logical_reasoning":0.0,"mathematical":50.0,"motivation":0.0},"overall_score":10.0,"weak_areas":["general","problem_solving","learning_style","logical_reasoning","mathematical","motivation"],"strengths":[],"total_questions_answered":10,"question_distribution":{"general":1,"problem_solving":2,"learning_style":2,"logical_reasoning":2,"mathematical":2,"motivation":1}}}
[2025-04-09T12:35:10.5028776] Successfully downloaded all missing learning paths for user 1
[2025-04-14T10:16:14.203736762] Starting comprehensive learning path verification for user 1
[2025-04-14T10:16:14.205286211] Checking path for user 1, course 55: NOT FOUND
[2025-04-14T10:16:14.205461235] Checking path for user 1, course 56: NOT FOUND
[2025-04-14T10:16:14.205534716] Checking path for user 1, course 57: NOT FOUND
[2025-04-14T10:16:14.205606258] Starting download of missing learning paths for user 1: [55, 56, 57]
[2025-04-14T10:16:14.205768497] Attempting to download learning path from URL: http://localhost:8000/learning_path/1/55
[2025-04-14T10:16:14.205831503] Target save location: /home/farhan/Documents/workspace-spring-tool-suite-4-4.29.1.RELEASE/aiplp-spring/src/main/resources/static/data/data/learning_paths/1_55_path.json
[2025-04-14T10:17:07.968305349] Successfully downloaded learning path for user 1, course 55
[2025-04-14T10:17:07.968540016] Download details - Bytes transferred: 10416, Duration: 53763 ms
[2025-04-14T10:17:07.968631723] Verifying downloaded file - Size: 10416 bytes
[2025-04-14T10:17:07.971228855] First few lines of the downloaded file:
[2025-04-14T10:17:07.971812731]   {"learning_path":{"modules":[{"id":"M1","title":"Introduction to Machine Learning for Hobbyists","description":"This module introduces the basics of machine learning and its applications.","sub_modules":[{"id":"M1-S1","title":"What is Machine Learning?","description":"Learn about the history, types, and applications of machine learning.","activities":[{"id":"M1-S1-A1","title":"Machine Learning History","description":"Explore the evolution of machine learning from its early beginnings to current advancements.","duration":"One Hour"},{"id":"M1-S1-A2","title":"Types of Machine Learning","description":"Discover the different types of machine learning: supervised, unsupervised, and reinforcement learning.","duration":"Two Hours"}],"learning_outcomes":["Define the history and evolution of machine learning."]},{"id":"M1-S2","title":"Machine Learning Applications","description":"Learn about real-world applications of machine learning in various fields.","activities":[{"id":"M1-S2-A1","title":"Applications of Machine Learning in Healthcare","description":"Explore the use of machine learning in medical diagnosis, patient outcomes prediction, and personalized medicine.","duration":"Two Hours"},{"id":"M1-S2-A2","title":"Machine Learning in E-commerce","description":"Discover how machine learning is used in recommendation systems and fraud detection.","duration":"One Hour"}],"learning_outcomes":["List at least three real-world applications of machine learning."]}],"duration":"Eight Hours"},{"id":"M2","title":"Supervised Learning","description":"Dive deeper into supervised learning techniques and algorithms.","sub_modules":[{"id":"M2-S1","title":"Regression Analysis","description":"Learn about linear regression, decision trees, and random forests for regression problems.","activities":[{"id":"M2-S1-A1","title":"Linear Regression Example","description":"Understand the concept of linear regression with a practical example.","duration":"Two Hours"},{"id":"M2-S1-A2","title":"Decision Trees and Random Forests","description":"Explore the difference between decision trees, random forests, and their applications.","duration":"Three Hours"}],"learning_outcomes":["Define linear regression, decision trees, and random forests."]},{"id":"M2-S2","title":"Classification Analysis","description":"Study the concepts of logistic regression, support vector machines (SVMs), and neural networks for classification problems.","activities":[{"id":"M2-S2-A1","title":"Logistic Regression Example","description":"Understand the concept of logistic regression with a practical example.","duration":"Two Hours"},{"id":"M2-S2-A2","title":"Support Vector Machines (SVM) and Neural Networks","description":"Explore the difference between SVMs, neural networks, and their applications.","duration":"Three Hours"}],"learning_outcomes":["Define logistic regression, support vector machines (SVM), and neural networks."]}],"duration":"Nine Hours"},{"id":"M3","title":"Unsupervised Learning","description":"Dive deeper into unsupervised learning techniques and algorithms.","sub_modules":[{"id":"M3-S1","title":"Clustering Algorithms","description":"Learn about k-means clustering, hierarchical clustering, and DBSCAN for clustering problems.","activities":[{"id":"M3-S1-A1","title":"K-Means Clustering Example","description":"Understand the concept of k-means clustering with a practical example.","duration":"Two Hours"},{"id":"M3-S1-A2","title":"Hierarchical Clustering Algorithm and DBSCAN","description":"Explore the difference between hierarchical clustering, DBSCAN, and their applications.","duration":"Three Hours"}],"learning_outcomes":["Define k-means clustering, hierarchical clustering, and DBSCAN."]},{"id":"M3-S2","title":"Dimensionality Reduction","description":"Study the techniques of dimensionality reduction: PCA, t-SNE, and feature selection.","activities":[{"id":"M3-S2-A1","title":"Principal Component Analysis (PCA) Example","description":"Understand the concept of PCA with a practical example.","duration":"Two Hours"},{"id":"M3-S2-A2","title":"t-SNE and Feature Selection","description":"Explore the difference between t-SNE, feature selection, and their applications.","duration":"Three Hours"}],"learning_outcomes":["Define PCA, t-SNE, and feature selection."]}],"duration":"Nine Hours"},{"id":"M4","title":"Reinforcement Learning","description":"Learn about the basics of reinforcement learning: Markov Decision Processes (MDPs), Q-Learning, and SARSA.","sub_modules":[{"id":"M4-S1","title":"Markov Decision Processes (MDPs)","description":"Understand the concept of MDPs with a practical example.","activities":[{"id":"M4-S1-A1","title":"MDP Example","description":"Learn about MDPs, states, actions, and rewards.","duration":"Two Hours"}],"learning_outcomes":["Define Markov Decision Processes (MDPs)."]},{"id":"M4-S2","title":"Q-Learning and SARSA","description":"Study the difference between Q-Learning, SARSA, and their applications.","activities":[{"id":"M4-S2-A1","title":"Q-Learning Example","description":"Understand the concept of Q-Learning with a practical example.","duration":"Two Hours"},{"id":"M4-S2-A2","title":"SARSA Explanation and Practice","description":"Learn about SARSA, its updates rules, and practice exercises.","duration":"Three Hours"}],"learning_outcomes":["Define Q-Learning, SARSA, and their applications."]}],"duration":"Six Hours"},{"id":"M5","title":"Problem-Solving in Machine Learning","description":"Practice solving machine learning problems with real-world datasets.","sub_modules":[{"id":"M5-S1","title":"Data Preprocessing and Normalization","description":"Learn about data preprocessing techniques: handling missing values, feature scaling, and normalization.","activities":[{"id":"M5-S1-A1","title":"Data Preprocessing Practice Problem 1","description":"Apply data preprocessing techniques to a real-world dataset.","duration":"Two Hours"},{"id":"M5-S1-A2","title":"Data Preprocessing Practice Problem 2","description":"Apply data preprocessing techniques to another real-world dataset.","duration":"Two Hours"}],"learning_outcomes":["Apply data preprocessing techniques."]},{"id":"M5-S2","title":"Model Evaluation and Validation","description":"Learn about model evaluation metrics: accuracy, precision, recall, F1-score, and AUC-ROC.","activities":[{"id":"M5-S2-A1","title":"Model Evaluation Practice Problem 1","description":"Evaluate the performance of a trained model using different metrics.","duration":"Two Hours"},{"id":"M5-S2-A2","title":"Model Evaluation Practice Problem 2","description":"Evaluate the performance of another trained model using different metrics.","duration":"Two Hours"}],"learning_outcomes":["Apply model evaluation metrics."]},{"id":"M5-S3","title":"Model Tuning and Optimization","description":"Learn about hyperparameter tuning techniques: grid search, random search, and Bayesian optimization.","activities":[{"id":"M5-S3-A1","title":"Model Tuning Practice Problem 1","description":"Tune the hyperparameters of a trained model using different techniques.","duration":"Two Hours"},{"id":"M5-S3-A2","title":"Model Tuning Practice Problem 2","description":"Tune the hyperparameters of another trained model using different techniques.","duration":"Two Hours"}],"learning_outcomes":["Apply hyperparameter tuning techniques."]}],"duration":"Eight Hours"},{"id":"M6","title":"Final Project: Machine Learning Application","description":"Develop a real-world machine learning application using the concepts learned throughout the course.","sub_modules":[{"id":"M6-S1","title":"Project Idea and Planning","description":"Choose a project idea, research the topic, and plan the project scope and timeline.","activities":[{"id":"M6-S1-A1","title":"Project Idea and Planning Practice Problem 1","description":"Plan the project scope and timeline for a real-world dataset.","duration":"Two Hours"},{"id":"M6-S1-A2","title":"Project Idea and Planning Practice Problem 2","description":"Plan the project scope and timeline for another real-world dataset.","duration":"Two Hours"}],"learning_outcomes":["Plan a machine learning project."]},{"id":"M6-S2","title":"Data Collection and Preprocessing","description":"Collect and preprocess the data for the chosen project.","activities":[{"id":"M6-S2-A1","title":"Data Collection and Preprocessing Practice Problem 1","description":"Collect and preprocess a real-world dataset.","duration":"Two Hours"},{"id":"M6-S2-A2","title":"Data Collection and Preprocessing Practice Problem 2","description":"Collect and preprocess another real-world dataset.","duration":"Two Hours"}],"learning_outcomes":["Apply data collection and preprocessing techniques."]},{"id":"M6-S3","title":"Model Implementation and Evaluation","description":"Implement the machine learning model using the chosen algorithm and evaluate its performance.","activities":[{"id":"M6-S3-A1","title":"Model Implementation and Evaluation Practice Problem 1","description":"Implement a machine learning model using a real-world dataset.","duration":"Two Hours"},{"id":"M6-S3-A2","title":"Model Implementation and Evaluation Practice Problem 2","description":"Implement another machine learning model using a real-world dataset.","duration":"Two Hours"}],"learning_outcomes":["Apply machine learning models."]},{"id":"M6-S4","title":"Final Report and Presentation","description":"Write a final report and create a presentation to showcase the project results.","activities":[{"id":"M6-S4-A1","title":"Final Report and Presentation Practice Problem 1","description":"Write a final report for a real-world dataset.","duration":"Two Hours"},{"id":"M6-S4-A2","title":"Final Report and Presentation Practice Problem 2","description":"Create a presentation to showcase the results of another real-world dataset.","duration":"Two Hours"}],"learning_outcomes":["Write a final report and create a presentation."]}],"duration":"Ten Hours"}]},"course_id":55,"user_id":1,"quiz_performance":{"topic_scores":{"general":100.0,"problem_solving":0.0,"learning_style":50.0,"logical_reasoning":100.0,"mathematical":100.0,"motivation":100.0},"overall_score":70.0,"weak_areas":["problem_solving","learning_style"],"strengths":["general","logical_reasoning","mathematical","motivation"],"total_questions_answered":10,"question_distribution":{"general":1,"problem_solving":2,"learning_style":2,"logical_reasoning":2,"mathematical":2,"motivation":1}}}
[2025-04-14T10:17:07.972210244] Attempting to download learning path from URL: http://localhost:8000/learning_path/1/56
[2025-04-14T10:17:07.972379702] Target save location: /home/farhan/Documents/workspace-spring-tool-suite-4-4.29.1.RELEASE/aiplp-spring/src/main/resources/static/data/data/learning_paths/1_56_path.json
[2025-04-14T10:18:04.674037709] Successfully downloaded learning path for user 1, course 56
[2025-04-14T10:18:04.674180308] Download details - Bytes transferred: 10716, Duration: 56701 ms
[2025-04-14T10:18:04.674237964] Verifying downloaded file - Size: 10716 bytes
[2025-04-14T10:18:04.674565511] First few lines of the downloaded file:
[2025-04-14T10:18:04.674699585]   {"learning_path":{"modules":[{"id":"M1","title":"Introduction to Python","description":"This module introduces the basics of Python programming, including syntax, data types, and control structures.","sub_modules":[{"id":"M1-S1","title":"Python Basics","description":"This sub-module covers basic Python concepts such as variables, operators, loops, conditional statements, functions, and modules.","activities":[{"id":"M1-S1-A1","title":"Code Completion Exercise 1.0","description":"Write a Python program that asks the user for their name and then prints out a personalized greeting.","duration":"60","difficulty_level":"beginner"},{"id":"M1-S1-A2","title":"Code Completion Exercise 2.0","description":"Write a Python program that takes two integers as input and returns their sum.","duration":"60","difficulty_level":"beginner"}]},{"id":"M1-S2","title":"Data Structures in Python","description":"This sub-module covers basic data structures such as lists, tuples, dictionaries, and sets.","activities":[{"id":"M1-S2-A1","title":"Code Completion Exercise 3.0","description":"Write a Python program that creates a list of numbers and then prints out the first three elements.","duration":"60","difficulty_level":"beginner"},{"id":"M1-S2-A2","title":"Code Completion Exercise 4.0","description":"Write a Python program that creates a dictionary with keys and values, then prints out the values.","duration":"60","difficulty_level":"beginner"}]}]},{"id":"M2","title":"Data Analysis Fundamentals","description":"This module introduces basic data analysis concepts such as data cleaning, data visualization, and statistical methods.","sub_modules":[{"id":"M2-S1","title":"Data Cleaning with Pandas","description":"This sub-module covers how to clean a dataset using the Pandas library in Python.","activities":[{"id":"M2-S1-A1","title":"Code Completion Exercise 5.0","description":"Write a Python program that reads a CSV file and cleans it by removing any duplicate rows or columns.","duration":"90","difficulty_level":"intermediate"},{"id":"M2-S1-A2","title":"Code Completion Exercise 6.0","description":"Write a Python program that calculates the mean and standard deviation of a dataset.","duration":"90","difficulty_level":"intermediate"}]},{"id":"M2-S2","title":"Data Visualization with Matplotlib","description":"This sub-module covers how to create basic visualizations using the Matplotlib library in Python.","activities":[{"id":"M2-S2-A1","title":"Code Completion Exercise 7.0","description":"Write a Python program that creates a line plot of a dataset.","duration":"90","difficulty_level":"intermediate"},{"id":"M2-S2-A2","title":"Code Completion Exercise 8.0","description":"Write a Python program that creates a scatter plot of a dataset.","duration":"90","difficulty_level":"intermediate"}]}]},{"id":"M3","title":"Data Analysis Techniques","description":"This module introduces more advanced data analysis techniques such as regression, hypothesis testing, and clustering.","sub_modules":[{"id":"M3-S1","title":"Regression Analysis with Scikit-Learn","description":"This sub-module covers how to perform simple linear regression using the Scikit-Learn library in Python.","activities":[{"id":"M3-S1-A1","title":"Code Completion Exercise 9.0","description":"Write a Python program that performs simple linear regression on a dataset.","duration":"120","difficulty_level":"advanced"},{"id":"M3-S1-A2","title":"Code Completion Exercise 10.0","description":"Write a Python program that calculates the coefficient of determination for a regression model.","duration":"120","difficulty_level":"advanced"}]},{"id":"M3-S2","title":"Hypothesis Testing with Statsmodels","description":"This sub-module covers how to perform hypothesis testing using the Statsmodels library in Python.","activities":[{"id":"M3-S2-A1","title":"Code Completion Exercise 11.0","description":"Write a Python program that performs a t-test on two datasets.","duration":"120","difficulty_level":"advanced"},{"id":"M3-S2-A2","title":"Code Completion Exercise 12.0","description":"Write a Python program that calculates the confidence interval for a hypothesis test.","duration":"120","difficulty_level":"advanced"}]}]},{"id":"M4","title":"Data Visualization with Plotly","description":"This module introduces how to create interactive visualizations using the Plotly library in Python.","sub_modules":[{"id":"M4-S1","title":"Interactive Visualizations with Plotly","description":"This sub-module covers how to create basic interactive visualizations such as scatter plots, bar charts, and histograms using the Plotly library in Python.","activities":[{"id":"M4-S1-A1","title":"Code Completion Exercise 13.0","description":"Write a Python program that creates an interactive scatter plot of a dataset.","duration":"90","difficulty_level":"intermediate"},{"id":"M4-S1-A2","title":"Code Completion Exercise 14.0","description":"Write a Python program that creates an interactive bar chart of a dataset.","duration":"90","difficulty_level":"intermediate"}]},{"id":"M4-S2","title":"Advanced Interactive Visualizations with Plotly","description":"This sub-module covers how to create more advanced interactive visualizations such as treemaps and heatmaps using the Plotly library in Python.","activities":[{"id":"M4-S2-A1","title":"Code Completion Exercise 15.0","description":"Write a Python program that creates an interactive heatmap of a dataset.","duration":"120","difficulty_level":"advanced"},{"id":"M4-S2-A2","title":"Code Completion Exercise 16.0","description":"Write a Python program that creates an interactive treemap of a dataset.","duration":"120","difficulty_level":"advanced"}]}]},{"id":"M5","title":"Data Mining with Scikit-Learn","description":"This module introduces how to perform data mining tasks such as clustering, dimensionality reduction, and model selection using the Scikit-Learn library in Python.","sub_modules":[{"id":"M5-S1","title":"Clustering with K-Means","description":"This sub-module covers how to perform k-means clustering on a dataset using the Scikit-Learn library in Python.","activities":[{"id":"M5-S1-A1","title":"Code Completion Exercise 17.0","description":"Write a Python program that performs k-means clustering on a dataset.","duration":"120","difficulty_level":"advanced"},{"id":"M5-S1-A2","title":"Code Completion Exercise 18.0","description":"Write a Python program that calculates the silhouette score for a clustering model.","duration":"120","difficulty_level":"advanced"}]},{"id":"M5-S2","title":"Dimensionality Reduction with PCA","description":"This sub-module covers how to perform principal component analysis on a dataset using the Scikit-Learn library in Python.","activities":[{"id":"M5-S2-A1","title":"Code Completion Exercise 19.0","description":"Write a Python program that performs PCA on a dataset.","duration":"120","difficulty_level":"advanced"},{"id":"M5-S2-A2","title":"Code Completion Exercise 20.0","description":"Write a Python program that calculates the explained variance ratio for a PCA model.","duration":"120","difficulty_level":"advanced"}]}]},{"id":"M6","title":"Model Selection with GridSearchCV","description":"This module introduces how to perform model selection using the GridSearchCV class from Scikit-Learn.","sub_modules":[{"id":"M6-S1","title":"GridSearchCV with Multiple Metrics","description":"This sub-module covers how to use GridSearchCV to find the best model for a dataset using multiple metrics such as accuracy, precision, and recall.","activities":[{"id":"M6-S1-A1","title":"Code Completion Exercise 21.0","description":"Write a Python program that uses GridSearchCV to find the best model for a dataset using multiple metrics.","duration":"120","difficulty_level":"advanced"},{"id":"M6-S1-A2","title":"Code Completion Exercise 22.0","description":"Write a Python program that calculates the cross-validation score for a model using GridSearchCV.","duration":"120","difficulty_level":"advanced"}]},{"id":"M6-S2","title":"GridSearchCV with Hyperparameter Tuning","description":"This sub-module covers how to use GridSearchCV to find the best model for a dataset by tuning hyperparameters such as learning rate and regularization strength.","activities":[{"id":"M6-S2-A1","title":"Code Completion Exercise 23.0","description":"Write a Python program that uses GridSearchCV to find the best model for a dataset by tuning hyperparameters.","duration":"120","difficulty_level":"advanced"},{"id":"M6-S2-A2","title":"Code Completion Exercise 24.0","description":"Write a Python program that calculates the grid search space for a model using GridSearchCV.","duration":"120","difficulty_level":"advanced"}]}]},{"id":"M7","title":"Advanced Model Selection with Bayesian Optimization","description":"This module introduces how to use Bayesian optimization to perform model selection for complex datasets.","sub_modules":[{"id":"M7-S1","title":"Bayesian Optimization with Scipy","description":"This sub-module covers how to use the scipy library to perform Bayesian optimization for a model on a dataset.","activities":[{"id":"M7-S1-A1","title":"Code Completion Exercise 25.0","description":"Write a Python program that uses Bayesian optimization to find the best hyperparameters for a model.","duration":"120","difficulty_level":"advanced"},{"id":"M7-S1-A2","title":"Code Completion Exercise 26.0","description":"Write a Python program that calculates the expected objective value for a Bayesian optimization problem.","duration":"120","difficulty_level":"advanced"}]},{"id":"M7-S2","title":"Bayesian Optimization with Hyperopt","description":"This sub-module covers how to use the hyperopt library to perform Bayesian optimization for a model on a dataset.","activities":[{"id":"M7-S2-A1","title":"Code Completion Exercise 27.0","description":"Write a Python program that uses Bayesian optimization with hyperopt to find the best hyperparameters for a model.","duration":"120","difficulty_level":"advanced"},{"id":"M7-S2-A2","title":"Code Completion Exercise 28.0","description":"Write a Python program that calculates the expected objective value for a Bayesian optimization problem with hyperopt.","duration":"120","difficulty_level":"advanced"}]}]}]},"course_id":56,"user_id":1,"quiz_performance":{"topic_scores":{"general":100.0,"problem_solving":0.0,"learning_style":50.0,"logical_reasoning":100.0,"mathematical":100.0,"motivation":100.0},"overall_score":70.0,"weak_areas":["problem_solving","learning_style"],"strengths":["general","logical_reasoning","mathematical","motivation"],"total_questions_answered":10,"question_distribution":{"general":1,"problem_solving":2,"learning_style":2,"logical_reasoning":2,"mathematical":2,"motivation":1}}}
[2025-04-14T10:18:04.674946071] Attempting to download learning path from URL: http://localhost:8000/learning_path/1/57
[2025-04-14T10:18:04.675017388] Target save location: /home/farhan/Documents/workspace-spring-tool-suite-4-4.29.1.RELEASE/aiplp-spring/src/main/resources/static/data/data/learning_paths/1_57_path.json
[2025-04-14T10:19:47.937262881] Successfully downloaded learning path for user 1, course 57
[2025-04-14T10:19:47.937526085] Download details - Bytes transferred: 22138, Duration: 103262 ms
[2025-04-14T10:19:47.937637263] Verifying downloaded file - Size: 22138 bytes
[2025-04-14T10:19:47.938117486] First few lines of the downloaded file:
[2025-04-14T10:19:47.938227586]   {"learning_path":{"modules":[{"id":"M1","title":"Introduction to Game Development with C++","description":"This module will introduce students to the basics of game development using C++.","sub_modules":[{"id":"M1-S1","title":"Setting up the Development Environment","description":"Students will learn how to set up their development environment, including installing necessary tools and compilers.","activities":[{"id":"M1-S1-A1","title":"Setting up the IDE","description":"Students will practice setting up an Integrated Development Environment (IDE) such as Visual Studio or Code::Blocks."},{"id":"M1-S1-A2","title":"Installing necessary libraries and tools","description":"Students will learn how to install necessary libraries and tools for game development, including SDL and SFML."}],"learning_outcomes":["The student will be able to set up their development environment.","The student will be able to install necessary libraries and tools for game development."]},{"id":"M1-S2","title":"Data Structures and Algorithms for Game Development","description":"Students will learn about data structures and algorithms commonly used in game development, including arrays, linked lists, stacks, and queues.","activities":[{"id":"M1-S2-A1","title":"Implementing a Stack using an Array","description":"Students will practice implementing a stack using an array."},{"id":"M1-S2-A2","title":"Implementing a Queue using an Array","description":"Students will learn how to implement a queue using an array."}],"learning_outcomes":["The student will be able to understand and implement common data structures used in game development.","The student will be able to apply algorithms for solving problems in game development."]},{"id":"M1-S3","title":"Game Loop and Rendering with C++","description":"Students will learn about the game loop, rendering, and input handling using C++.","activities":[{"id":"M1-S3-A1","title":"Implementing a Game Loop","description":"Students will practice implementing a basic game loop."},{"id":"M1-S3-A2","title":"Rendering with SDL or SFML","description":"Students will learn how to render graphics using SDL or SFML."}],"learning_outcomes":["The student will be able to understand and implement a basic game loop.","The student will be able to render graphics using SDL or SFML."]},{"id":"M1-S4","title":"Game Logic, Collision Detection, and AI","description":"Students will learn about game logic, collision detection, and AI techniques used in game development, including pathfinding, collision response, and spatial data structures.","activities":[{"id":"M1-S4-A1","title":"Implementing Pathfinding with A· Star Algorithm","description":"Students will practice implementing a basic pathfinding algorithm using the A· Star algorithm."},{"id":"M1-S4-A2","title":"Collision Detection using AABB and OBB Algorithms","description":"Students will learn how to detect collisions between objects using AABB and OBB algorithms."}],"learning_outcomes":["The student will be able to understand and implement pathfinding techniques used in game development.","The student will be able to apply collision detection algorithms for object interaction."]},{"id":"M1-S5","title":"Audio, Sound Effects, and Music in Game Development","description":"Students will learn about audio, sound effects, and music techniques used in game development, including WAV and MP3 formats, volume control, and audio buffers.","activities":[{"id":"M1-S5-A1","title":"Loading and Playing Audio Files","description":"Students will practice loading and playing audio files using SDL or SFML."},{"id":"M1-S5-A2","title":"Adding Sound Effects to a Game","description":"Students will learn how to add sound effects to their game."}],"learning_outcomes":["The student will be able to load and play audio files using SDL or SFML.","The student will be able to apply audio techniques for enhancing the gaming experience."]},{"id":"M1-S6","title":"Networking, Multiplayer, and Server-Client Architecture","description":"Students will learn about networking, multiplayer game development using TCP/IP protocols, and server-client architectures used in game development.","activities":[{"id":"M1-S6-A1","title":"Implementing a Multiplayer Game Server","description":"Students will practice implementing a basic multiplayer game server using TCP/IP protocols."},{"id":"M1-S6-A2","title":"Creating a Client for a Networked Game","description":"Students will learn how to create a client for a networked game."}],"learning_outcomes":["The student will be able to understand and implement TCP/IP protocols for multiplayer game development.","The student will be able to apply server-client architectures for enhanced gaming experiences."]},{"id":"M1-S7","title":"Testing, Debugging, and Optimization Techniques","description":"Students will learn about testing, debugging, and optimization techniques used in game development, including code review, memory profiling, and profiling tools like Visual Studio's Performance Profiler or GDB.","activities":[{"id":"M1-S7-A1","title":"Debugging and Optimizing a Game Loop","description":"Students will practice debugging and optimizing a game loop for better performance."},{"id":"M1-S7-A2","title":"Applying Code Review Techniques to Improve Game Development","description":"Students will learn how to apply code review techniques to improve their game development workflow."}],"learning_outcomes":["The student will be able to understand and implement debugging and optimization techniques for better performance.","The student will be able to apply code review techniques to enhance game development quality."]},{"id":"M1-S8","title":"Final Project: Game Development with C++","description":"Students will work on a final project to develop and polish their skills in creating a simple game using C++.","activities":[{"id":"M1-S8-A1","title":"Game Design and Planning","description":"Students will practice designing and planning their game."},{"id":"M1-S8-A2","title":"Implementing Game Logic, Rendering, Audio, and Networking.","description":"Students will implement the necessary components for their game."}],"learning_outcomes":["The student will be able to design and plan a simple game.","The student will be able to implement all necessary game development components."]},{"id":"M1-S9","title":"Game Development with C++: Review and Practice","description":"Students will review the concepts learned throughout the course and practice implementing them in a simple project or exercise.","activities":[{"id":"M1-S9-A1","title":"Reviewing Key Concepts","description":"Students will review key concepts covered throughout the course, including data structures, algorithms, computer graphics, audio programming, networking protocols, and game development principles."},{"id":"M1-S9-A2","title":"Practicing Implementing Game Development Concepts","description":"Students will practice implementing concepts learned throughout the course in a simple project or exercise."}],"learning_outcomes":["The student will be able to review and apply key game development concepts.","The student will be able to demonstrate their understanding of game development principles through practical exercises."]},{"id":"M1-S10","title":"Game Development with C++: Enhanced Project","description":"Students will work on an enhanced project that incorporates advanced techniques learned throughout the course, such as AI, physics engines, or high-performance rendering.","activities":[{"id":"M1-S10-A1","title":"Enhancing a Game Development Project with Advanced Techniques","description":"Students will practice enhancing their game development project using advanced techniques learned throughout the course."},{"id":"M1-S10-A2","title":"Demonstrating Expertise in Game Development","description":"Students will demonstrate their expertise in game development through a showcase of their enhanced project or a comprehensive presentation of their design and implementation process."}],"learning_outcomes":["The student will be able to enhance their game development project using advanced techniques.","The student will be able to demonstrate their expertise in game development through a showcase or presentation."]},{"id":"M1-S11","title":"Game Development with C++: Mastering Game Engines and Tools","description":"Students will learn about popular game engines, such as Unity or Unreal Engine, and master using them to develop high-quality games. Students will also explore other tools used in game development.","activities":[{"id":"M1-S11-A1","title":"Mastering Game Engines like Unity or Unreal Engine","description":"Students will learn how to use popular game engines, such as Unity or Unreal Engine, and master their workflow for creating high-quality games."},{"id":"M1-S11-A2","title":"Exploring Other Tools Used in Game Development","description":"Students will explore other tools used in game development, including software for 3D modeling, animation, and post-production."}],"learning_outcomes":["The student will be able to master the use of popular game engines like Unity or Unreal Engine.","The student will be able to explore other tools used in game development for enhancing their workflow."]},{"id":"M1-S12","title":"Game Development with C++: Advanced Topics and Specializations","description":"Students will delve into advanced topics, such as AI, machine learning, or computer vision, and explore specializations in game development that interest them the most.","activities":[{"id":"M1-S12-A1","title":"Exploring Advanced Topics in Game Development","description":"Students will learn about advanced topics in game development, including AI, machine learning, or computer vision, and explore how they can be applied to game development."},{"id":"M1-S12-A2","title":"Specializing in a Particular Area of Game Development","description":"Students will explore specializations in game development that interest them the most, such as game design, art, programming, or sound engineering."}],"learning_outcomes":["The student will be able to learn about advanced topics in game development.","The student will be able to specialize in a particular area of game development that interests them."]},{"id":"M1-S13","title":"Game Development with C++: Industry-Ready Game Development Pipeline","description":"Students will learn about the industry-ready game development pipeline and how to apply it to their projects. Students will also explore common pitfalls and challenges in game development that they can avoid.","activities":[{"id":"M1-S13-A1","title":"Understanding the Industry-Ready Game Development Pipeline","description":"Students will learn about the industry-ready game development pipeline, including pre-production, production, and post-production phases, and how to apply it to their projects."},{"id":"M1-S13-A2","title":"Avoiding Common Pitfalls in Game Development","description":"Students will explore common pitfalls and challenges in game development that they can avoid, such as scope creep, project delays, or poor communication with team members."}],"learning_outcomes":["The student will be able to understand the industry-ready game development pipeline.","The student will be able to apply the pipeline to their projects and avoid common pitfalls in game development."]},{"id":"M1-S14","title":"Game Development with C++: Mastering Game Engines and Tools for High-Performance Rendering","description":"Students will learn about how to use popular game engines, such as Unity or Unreal Engine, to achieve high-performance rendering in their games. Students will also explore advanced techniques for optimizing graphics and achieving realistic lighting effects.","activities":[{"id":"M1-S14-A1","title":"Mastering High-Performance Rendering with Game Engines","description":"Students will learn how to use popular game engines, such as Unity or Unreal Engine, to achieve high-performance rendering in their games and explore advanced techniques for optimizing graphics."},{"id":"M1-S14-A2","title":"Achieving Realistic Lighting Effects with Game Engines","description":"Students will learn how to use popular game engines, such as Unity or Unreal Engine, to achieve realistic lighting effects in their games and explore advanced techniques for achieving high-quality visuals."}],"learning_outcomes":["The student will be able to master the use of popular game engines, such as Unity or Unreal Engine, for high-performance rendering in their games.","The student will be able to achieve realistic lighting effects with game engines and explore advanced techniques for optimizing graphics."]},{"id":"M1-S15","title":"Game Development with C++: Machine Learning and AI in Game Development","description":"Students will learn about how to apply machine learning and AI techniques to game development, including game intelligence, pathfinding, and content creation.","activities":[{"id":"M1-S15-A1","title":"Applying Machine Learning Techniques to Game Development","description":"Students will learn about how to apply machine learning techniques to game development, including game intelligence, pathfinding, and content creation."},{"id":"M1-S15-A2","title":"Exploring AI Techniques for Game Development","description":"Students will explore AI techniques that can be applied to game development, such as computer vision, natural language processing, or robotics."}],"learning_outcomes":["The student will be able to apply machine learning techniques to game development.","The student will be able to explore AI techniques for game development and their applications."]},{"id":"M1-S16","title":"Game Development with C++: Game Engines and Tools for Virtual Reality and Augmented Reality","description":"Students will learn about how to use popular game engines, such as Unity or Unreal Engine, to develop high-quality VR and AR experiences. Students will also explore advanced techniques for optimizing graphics and achieving realistic lighting effects in VR and AR.","activities":[{"id":"M1-S16-A1","title":"Mastering Game Engines and Tools for Virtual Reality","description":"Students will learn how to use popular game engines, such as Unity or Unreal Engine, to develop high-quality VR experiences and explore advanced techniques for optimizing graphics."},{"id":"M1-S16-A2","title":"Achieving Realistic Lighting Effects in Virtual Reality with Game Engines","description":"Students will learn how to use popular game engines, such as Unity or Unreal Engine, to achieve realistic lighting effects in VR experiences and explore advanced techniques for optimizing graphics."}],"learning_outcomes":["The student will be able to master the use of popular game engines, such as Unity or Unreal Engine, for VR development.","The student will be able to achieve realistic lighting effects in VR with game engines and explore advanced techniques for optimizing graphics."]},{"id":"M1-S17","title":"Game Development with C++: Cloud Gaming and Game Engines for Edge Computing","description":"Students will learn about how to use popular game engines, such as Unity or Unreal Engine, to develop high-quality cloud-based games that can be played on any device. Students will also explore advanced techniques for optimizing graphics and achieving realistic lighting effects in edge computing.","activities":[{"id":"M1-S17-A1","title":"Mastering Cloud Gaming with Game Engines","description":"Students will learn how to use popular game engines, such as Unity or Unreal Engine, to develop high-quality cloud-based games that can be played on any device and explore advanced techniques for optimizing graphics."},{"id":"M1-S17-A2","title":"Achieving Realistic Lighting Effects in Edge Computing with Game Engines","description":"Students will learn how to use popular game engines, such as Unity or Unreal Engine, to achieve realistic lighting effects in edge computing and explore advanced techniques for optimizing graphics."}],"learning_outcomes":["The student will be able to master the use of popular game engines, such as Unity or Unreal Engine, for cloud gaming development.","The student will be able to achieve realistic lighting effects in edge computing with game engines and explore advanced techniques for optimizing graphics."]},{"id":"M1-S18","title":"Game Development with C++: Creating Games on Mobile Devices","description":"Students will learn about how to create games that can be played on mobile devices using popular game engines, such as Unity or Unreal Engine. Students will also explore advanced techniques for optimizing graphics and achieving realistic lighting effects in mobile gaming.","activities":[{"id":"M1-S18-A1","title":"Mastering Game Engines for Mobile Device Development","description":"Students will learn how to use popular game engines, such as Unity or Unreal Engine, to create games that can be played on mobile devices and explore advanced techniques for optimizing graphics."},{"id":"M1-S18-A2","title":"Achieving Realistic Lighting Effects in Mobile Gaming with Game Engines","description":"Students will learn how to use popular game engines, such as Unity or Unreal Engine, to achieve realistic lighting effects in mobile gaming and explore advanced techniques for optimizing graphics."}],"learning_outcomes":["The student will be able to master the use of popular game engines, such as Unity or Unreal Engine, for mobile device development.","The student will be able to achieve realistic lighting effects in mobile gaming with game engines and explore advanced techniques for optimizing graphics."]},{"id":"M1-S19","title":"Game Development with C++: Creating Games on Desktop Devices","description":"Students will learn about how to create games that can be played on desktop devices using popular game engines, such as Unity or Unreal Engine. Students will also explore advanced techniques for optimizing graphics and achieving realistic lighting effects in desktop gaming.","activities":[{"id":"M1-S19-A1","title":"Mastering Game Engines for Desktop Device Development","description":"Students will learn how to use popular game engines, such as Unity or Unreal Engine, to create games that can be played on desktop devices and explore advanced techniques for optimizing graphics."},{"id":"M1-S19-A2","title":"Achieving Realistic Lighting Effects in Desktop Gaming with Game Engines","description":"Students will learn how to use popular game engines, such as Unity or Unreal Engine, to achieve realistic lighting effects in desktop gaming and explore advanced techniques for optimizing graphics."}],"learning_outcomes":["The student will be able to master the use of popular game engines, such as Unity or Unreal Engine, for desktop device development.","The student will be able to achieve realistic lighting effects in desktop gaming with game engines and explore advanced techniques for optimizing graphics."]},{"id":"M1-S20","title":"Game Development with C++: Creating Games on Consoles","description":"Students will learn about how to create games that can be played on consoles using popular game engines, such as Unity or Unreal Engine. Students will also explore advanced techniques for optimizing graphics and achieving realistic lighting effects in console gaming.","activities":[{"id":"M1-S20-A1","title":"Mastering Game Engines for Console Device Development","description":"Students will learn how to use popular game engines, such as Unity or Unreal Engine, to create games that can be played on consoles and explore advanced techniques for optimizing graphics."},{"id":"M1-S20-A2","title":"Achieving Realistic Lighting Effects in Console Gaming with Game Engines","description":"Students will learn how to use popular game engines, such as Unity or Unreal Engine, to achieve realistic lighting effects in console gaming and explore advanced techniques for optimizing graphics."}],"learning_outcomes":["The student will be able to master the use of popular game engines, such as Unity or Unreal Engine, for console device development.","The student will be able to achieve realistic lighting effects in console gaming with game engines and explore advanced techniques for optimizing graphics."]},{"id":"M1-S21","title":"Game Development with C++: Creating Games on Virtual Reality Devices","description":"Students will learn about how to create games that can be played on virtual reality devices using popular game engines, such as Unity or Unreal Engine. Students will also explore advanced techniques for optimizing graphics and achieving realistic lighting effects in VR gaming.","activities":[{"id":"M1-S21-A1","title":"Mastering Game Engines for Virtual Reality Device Development","description":"Students will learn how to use popular game engines, such as Unity or Unreal Engine, to create games that can be played on virtual reality devices and explore advanced techniques for optimizing graphics."},{"id":"M1-S21-A2","title":"Achieving Realistic Lighting Effects in Virtual Reality Gaming with Game Engines","description":"Students will learn how to use popular game engines, such as Unity or Unreal Engine, to achieve realistic lighting effects in virtual reality gaming and explore advanced techniques for optimizing graphics."}],"learning_outcomes":["The student will be able to master the use of popular game engines, such as Unity or Unreal Engine, for virtual reality device development.","The student will be able to achieve realistic lighting effects in virtual reality gaming with game engines and explore advanced techniques for optimizing graphics."]}],"difficulty_level":null,"prerequisites":null}]},"course_id":57,"user_id":1,"quiz_performance":{"topic_scores":{"general":100.0,"problem_solving":0.0,"learning_style":50.0,"logical_reasoning":100.0,"mathematical":100.0,"motivation":100.0},"overall_score":70.0,"weak_areas":["problem_solving","learning_style"],"strengths":["general","logical_reasoning","mathematical","motivation"],"total_questions_answered":10,"question_distribution":{"general":1,"problem_solving":2,"learning_style":2,"logical_reasoning":2,"mathematical":2,"motivation":1}}}
[2025-04-14T10:19:47.93854425] Successfully downloaded all missing learning paths for user 1
[2025-04-18T21:31:04.483688628] Starting comprehensive learning path verification for user 1
[2025-04-18T21:31:04.492734738] Checking path for user 1, course 58: NOT FOUND
[2025-04-18T21:31:04.492861393] Checking path for user 1, course 59: NOT FOUND
[2025-04-18T21:31:04.49292497] Checking path for user 1, course 60: NOT FOUND
[2025-04-18T21:31:04.492992467] Starting download of missing learning paths for user 1: [58, 59, 60]
[2025-04-18T21:31:04.4932178] Attempting to download learning path from URL: http://localhost:8000/learning_path/1/58
[2025-04-18T21:31:04.493280394] Target save location: /home/farhan/Documents/workspace-spring-tool-suite-4-4.29.1.RELEASE/aiplp-spring/src/main/resources/static/data/data/learning_paths/1_58_path.json
[2025-04-18T21:32:04.338304858] Successfully downloaded learning path for user 1, course 58
[2025-04-18T21:32:04.33843264] Download details - Bytes transferred: 11476, Duration: 59845 ms
[2025-04-18T21:32:04.33849373] Verifying downloaded file - Size: 11476 bytes
[2025-04-18T21:32:04.340794658] First few lines of the downloaded file:
[2025-04-18T21:32:04.341163773]   {"learning_path":{"modules":[{"id":"M1","title":"Introduction to HubSpot Inbound Marketing","description":"This module introduces the fundamentals of inbound marketing and how HubSpot can help you achieve your marketing goals.","sub_modules":[{"id":"M1-S1","title":"Defining Inbound Marketing","description":"Learn about the definition, principles, and benefits of inbound marketing.","activities":[{"id":"M1-S1-A1","title":"Inbound Marketing Quiz 1","description":"Test your understanding of inbound marketing basics."},{"id":"M1-S1-A2","title":"Group Discussion: Inbound Marketing Definitions","description":"Join a discussion with peers to clarify definitions and answer questions."}]},{"id":"M1-S2","title":"Understanding HubSpot's Inbound Methodology","description":"Learn how HubSpot's inbound methodology aligns with the principles of inbound marketing.","activities":[{"id":"M1-S2-A1","title":"HubSpot Inbound Methodology Video","description":"Watch a video explaining HubSpot's inbound methodology."},{"id":"M1-S2-A2","title":"Inbound Methodology Quiz 1","description":"Test your understanding of the inbound methodology principles."}]}],"duration":"Day 1-2"},{"id":"M2","title":"HubSpot's Inbound Tools and Features","description":"This module focuses on HubSpot's inbound marketing tools and features, including CRM, marketing automation, and analytics.","sub_modules":[{"id":"M2-S1","title":"Using the HubSpot CRM","description":"Learn how to effectively use the HubSpot CRM to manage contacts, leads, and sales pipelines.","activities":[{"id":"M2-S1-A1","title":"HubSpot CRM Tutorial","description":"Complete a tutorial to learn how to navigate and use the HubSpot CRM."},{"id":"M2-S1-A2","title":"CRM Quiz 1","description":"Test your understanding of the HubSpot CRM basics."}]},{"id":"M2-S2","title":"Marketing Automation with HubSpot","description":"Learn how to create and manage marketing campaigns using HubSpot's automation tools.","activities":[{"id":"M2-S2-A1","title":"HubSpot Marketing Automation Tutorial","description":"Complete a tutorial to learn how to set up and use the HubSpot marketing automation features."},{"id":"M2-S2-A2","title":"Marketing Automation Quiz 1","description":"Test your understanding of the HubSpot marketing automation basics."}]}],"duration":"Day 3-4"},{"id":"M3","title":"HubSpot's Analytics and Reporting Tools","description":"This module covers how to use HubSpot's analytics and reporting tools to measure campaign performance and track marketing metrics.","sub_modules":[{"id":"M3-S1","title":"Understanding HubSpot's Analytics Dashboard","description":"Learn how to effectively use the HubSpot analytics dashboard to track key performance indicators (KPIs) and monitor campaign results.","activities":[{"id":"M3-S1-A1","title":"HubSpot Analytics Tutorial","description":"Complete a tutorial to learn how to navigate and use the HubSpot analytics dashboard."},{"id":"M3-S1-A2","title":"Analytics Quiz 1","description":"Test your understanding of the HubSpot analytics basics."}]},{"id":"M3-S2","title":"Creating Custom Reports with HubSpot","description":"Learn how to create custom reports using HubSpot's reporting features.","activities":[{"id":"M3-S2-A1","title":"HubSpot Reporting Tutorial","description":"Complete a tutorial to learn how to set up and use the HubSpot reporting features."},{"id":"M3-S2-A2","title":"Reporting Quiz 1","description":"Test your understanding of the HubSpot reporting basics."}]}],"duration":"Day 5-6"},{"id":"M4","title":"Advanced HubSpot Inbound Marketing Strategies","description":"This module covers advanced inbound marketing strategies and techniques, including lead nurturing, email marketing, and social media integration.","sub_modules":[{"id":"M4-S1","title":"Lead Nurturing with HubSpot","description":"Learn how to create targeted lead nurturing campaigns using HubSpot's automation tools.","activities":[{"id":"M4-S1-A1","title":"HubSpot Lead Nurturing Tutorial","description":"Complete a tutorial to learn how to set up and use the HubSpot lead nurturing features."},{"id":"M4-S1-A2","title":"Lead Nurturing Quiz 1","description":"Test your understanding of the HubSpot lead nurturing basics."}]},{"id":"M4-S2","title":"Email Marketing with HubSpot","description":"Learn how to create targeted email campaigns using HubSpot's email marketing features.","activities":[{"id":"M4-S2-A1","title":"HubSpot Email Marketing Tutorial","description":"Complete a tutorial to learn how to set up and use the HubSpot email marketing features."},{"id":"M4-S2-A2","title":"Email Marketing Quiz 1","description":"Test your understanding of the HubSpot email marketing basics."}]}],"duration":"Day 7-8"},{"id":"M5","title":"HubSpot's Inbound Customer Service and Support","description":"This module covers how to implement inbound customer service and support strategies using HubSpot.","sub_modules":[{"id":"M5-S1","title":"Creating a Customer Service Strategy with HubSpot","description":"Learn how to create a targeted customer service strategy using HubSpot's CRM and automation tools.","activities":[{"id":"M5-S1-A1","title":"HubSpot Customer Service Tutorial","description":"Complete a tutorial to learn how to set up and use the HubSpot customer service features."},{"id":"M5-S1-A2","title":"Customer Service Quiz 1","description":"Test your understanding of the HubSpot customer service basics."}]},{"id":"M5-S2","title":"HubSpot's Inbound Sales Enablement Tools","description":"Learn how to use HubSpot's sales enablement tools to streamline sales workflows and improve team productivity.","activities":[{"id":"M5-S2-A1","title":"HubSpot Sales Enablement Tutorial","description":"Complete a tutorial to learn how to set up and use the HubSpot sales enablement features."},{"id":"M5-S2-A2","title":"Sales Enablement Quiz 1","description":"Test your understanding of the HubSpot sales enablement basics."}]}],"duration":"Day 9-10"},{"id":"M6","title":"HubSpot's Inbound Marketing Analytics and Reporting","description":"This module covers how to analyze and interpret inbound marketing data using HubSpot.","sub_modules":[{"id":"M6-S1","title":"Understanding HubSpot's Marketing Analytics Dashboard","description":"Learn how to effectively use the HubSpot marketing analytics dashboard to track key performance indicators (KPIs) and monitor campaign results.","activities":[{"id":"M6-S1-A1","title":"HubSpot Marketing Analytics Tutorial","description":"Complete a tutorial to learn how to navigate and use the HubSpot marketing analytics dashboard."},{"id":"M6-S1-A2","title":"Marketing Analytics Quiz 1","description":"Test your understanding of the HubSpot marketing analytics basics."}]},{"id":"M6-S2","title":"Creating Custom Reports with HubSpot's Reporting Features","description":"Learn how to create custom reports using HubSpot's reporting features.","activities":[{"id":"M6-S2-A1","title":"HubSpot Reporting Tutorial","description":"Complete a tutorial to learn how to set up and use the HubSpot reporting features."},{"id":"M6-S2-A2","title":"Reporting Quiz 1","description":"Test your understanding of the HubSpot reporting basics."}]}],"duration":"Day 11-12"},{"id":"M7","title":"Advanced HubSpot Inbound Marketing Strategies and Tactics","description":"This module covers advanced inbound marketing strategies and tactics, including content marketing, social media marketing, and influencer marketing.","sub_modules":[{"id":"M7-S1","title":"Content Marketing with HubSpot","description":"Learn how to create targeted content marketing campaigns using HubSpot's automation tools.","activities":[{"id":"M7-S1-A1","title":"HubSpot Content Marketing Tutorial","description":"Complete a tutorial to learn how to set up and use the HubSpot content marketing features."},{"id":"M7-S1-A2","title":"Content Marketing Quiz 1","description":"Test your understanding of the HubSpot content marketing basics."}]},{"id":"M7-S2","title":"Social Media Marketing with HubSpot","description":"Learn how to create targeted social media marketing campaigns using HubSpot's automation tools.","activities":[{"id":"M7-S2-A1","title":"HubSpot Social Media Marketing Tutorial","description":"Complete a tutorial to learn how to set up and use the HubSpot social media marketing features."},{"id":"M7-S2-A2","title":"Social Media Marketing Quiz 1","description":"Test your understanding of the HubSpot social media marketing basics."}]}],"duration":"Day 13-14"},{"id":"M8","title":"HubSpot's Inbound Customer Success and Retention Strategies","description":"This module covers how to implement inbound customer success and retention strategies using HubSpot.","sub_modules":[{"id":"M8-S1","title":"Creating a Customer Success Strategy with HubSpot","description":"Learn how to create a targeted customer success strategy using HubSpot's CRM and automation tools.","activities":[{"id":"M8-S1-A1","title":"HubSpot Customer Success Tutorial","description":"Complete a tutorial to learn how to set up and use the HubSpot customer success features."},{"id":"M8-S1-A2","title":"Customer Success Quiz 1","description":"Test your understanding of the HubSpot customer success basics."}]},{"id":"M8-S2","title":"HubSpot's Inbound Customer Retention Strategies","description":"Learn how to create targeted customer retention strategies using HubSpot's CRM and automation tools.","activities":[{"id":"M8-S2-A1","title":"HubSpot Customer Retention Tutorial","description":"Complete a tutorial to learn how to set up and use the HubSpot customer retention features."},{"id":"M8-S2-A2","title":"Customer Retention Quiz 1","description":"Test your understanding of the HubSpot customer retention basics."}]}],"duration":"Day 15-16"},{"id":"M9","title":"HubSpot's Inbound Sales and Marketing Automation Strategies","description":"This module covers how to implement inbound sales and marketing automation strategies using HubSpot.","sub_modules":[{"id":"M9-S1","title":"Creating a Sales Automation Strategy with HubSpot","description":"Learn how to create a targeted sales automation strategy using HubSpot's CRM and automation tools.","activities":[{"id":"M9-S1-A1","title":"HubSpot Sales Automation Tutorial","description":"Complete a tutorial to learn how to set up and use the HubSpot sales automation features."},{"id":"M9-S1-A2","title":"Sales Automation Quiz 1","description":"Test your understanding of the HubSpot sales automation basics."}]},{"id":"M9-S2","title":"Creating a Marketing Automation Strategy with HubSpot","description":"Learn how to create a targeted marketing automation strategy using HubSpot's CRM and automation tools.","activities":[{"id":"M9-S2-A1","title":"HubSpot Marketing Automation Tutorial","description":"Complete a tutorial to learn how to set up and use the HubSpot marketing automation features."},{"id":"M9-S2-A2","title":"Marketing Automation Quiz 1","description":"Test your understanding of the HubSpot marketing automation basics."}]}],"duration":"Day 17-18"}]},"course_id":58,"user_id":1,"quiz_performance":{"topic_scores":{"general":100.0,"problem_solving":0.0,"learning_style":50.0,"logical_reasoning":100.0,"mathematical":100.0,"motivation":100.0},"overall_score":70.0,"weak_areas":["problem_solving","learning_style"],"strengths":["general","logical_reasoning","mathematical","motivation"],"total_questions_answered":10,"question_distribution":{"general":1,"problem_solving":2,"learning_style":2,"logical_reasoning":2,"mathematical":2,"motivation":1}}}
[2025-04-18T21:32:04.341401587] Attempting to download learning path from URL: http://localhost:8000/learning_path/1/59
[2025-04-18T21:32:04.341464575] Target save location: /home/farhan/Documents/workspace-spring-tool-suite-4-4.29.1.RELEASE/aiplp-spring/src/main/resources/static/data/data/learning_paths/1_59_path.json
[2025-04-18T21:34:08.809212476] Detailed error downloading learning path for user 1, course 59:
[2025-04-18T21:34:08.809485953] Error message: Connection refused
[2025-04-18T21:34:08.809629826] Error type: java.net.ConnectException
[2025-04-18T21:34:08.810377044] Full error stack trace:
[2025-04-18T21:34:08.810525961] java.net.ConnectException: Connection refused
	at java.base/sun.nio.ch.Net.connect0(Native Method)
	at java.base/sun.nio.ch.Net.connect(Net.java:579)
	at java.base/sun.nio.ch.Net.connect(Net.java:568)
	at java.base/sun.nio.ch.NioSocketImpl.connect(NioSocketImpl.java:593)
	at java.base/java.net.Socket.connect(Socket.java:633)
	at java.base/java.net.Socket.connect(Socket.java:583)
	at java.base/sun.net.NetworkClient.doConnect(NetworkClient.java:183)
	at java.base/sun.net.www.http.HttpClient.openServer(HttpClient.java:533)
	at java.base/sun.net.www.http.HttpClient.openServer(HttpClient.java:638)
	at java.base/sun.net.www.http.HttpClient.parseHTTPHeader(HttpClient.java:947)
	at java.base/sun.net.www.http.HttpClient.parseHTTP(HttpClient.java:761)
	at java.base/sun.net.www.protocol.http.HttpURLConnection.getInputStream0(HttpURLConnection.java:1725)
	at java.base/sun.net.www.protocol.http.HttpURLConnection.getInputStream(HttpURLConnection.java:1626)
	at java.base/java.net.URL.openStream(URL.java:1161)
	at com.example.demo.service.LearningPathVerificationService.downloadLearningPath(LearningPathVerificationService.java:88)
	at com.example.demo.service.LearningPathVerificationService.verifyAndFetchLearningPaths(LearningPathVerificationService.java:194)
	at com.example.demo.web.LearningPathController.verifyLearningPaths(LearningPathController.java:49)
	at java.base/jdk.internal.reflect.NativeMethodAccessorImpl.invoke0(Native Method)
	at java.base/jdk.internal.reflect.NativeMethodAccessorImpl.invoke(NativeMethodAccessorImpl.java:77)
	at java.base/jdk.internal.reflect.DelegatingMethodAccessorImpl.invoke(DelegatingMethodAccessorImpl.java:43)
	at java.base/java.lang.reflect.Method.invoke(Method.java:569)
	at org.springframework.web.method.support.InvocableHandlerMethod.doInvoke(InvocableHandlerMethod.java:205)
	at org.springframework.web.method.support.InvocableHandlerMethod.invokeForRequest(InvocableHandlerMethod.java:150)
	at org.springframework.web.servlet.mvc.method.annotation.ServletInvocableHandlerMethod.invokeAndHandle(ServletInvocableHandlerMethod.java:117)
	at org.springframework.web.servlet.mvc.method.annotation.RequestMappingHandlerAdapter.invokeHandlerMethod(RequestMappingHandlerAdapter.java:895)
	at org.springframework.web.servlet.mvc.method.annotation.RequestMappingHandlerAdapter.handleInternal(RequestMappingHandlerAdapter.java:808)
	at org.springframework.web.servlet.mvc.method.AbstractHandlerMethodAdapter.handle(AbstractHandlerMethodAdapter.java:87)
	at org.springframework.web.servlet.DispatcherServlet.doDispatch(DispatcherServlet.java:1067)
	at org.springframework.web.servlet.DispatcherServlet.doService(DispatcherServlet.java:963)
	at org.springframework.web.servlet.FrameworkServlet.processRequest(FrameworkServlet.java:1006)
	at org.springframework.web.servlet.FrameworkServlet.doPost(FrameworkServlet.java:909)
	at javax.servlet.http.HttpServlet.service(HttpServlet.java:681)
	at org.springframework.web.servlet.FrameworkServlet.service(FrameworkServlet.java:883)
	at javax.servlet.http.HttpServlet.service(HttpServlet.java:764)
	at org.apache.catalina.core.ApplicationFilterChain.internalDoFilter(ApplicationFilterChain.java:227)
	at org.apache.catalina.core.ApplicationFilterChain.doFilter(ApplicationFilterChain.java:162)
	at org.apache.tomcat.websocket.server.WsFilter.doFilter(WsFilter.java:53)
	at org.apache.catalina.core.ApplicationFilterChain.internalDoFilter(ApplicationFilterChain.java:189)
	at org.apache.catalina.core.ApplicationFilterChain.doFilter(ApplicationFilterChain.java:162)
	at org.springframework.security.web.FilterChainProxy$VirtualFilterChain.doFilter(FilterChainProxy.java:327)
	at org.springframework.security.web.access.intercept.FilterSecurityInterceptor.invoke(FilterSecurityInterceptor.java:115)
	at org.springframework.security.web.access.intercept.FilterSecurityInterceptor.doFilter(FilterSecurityInterceptor.java:81)
	at org.springframework.security.web.FilterChainProxy$VirtualFilterChain.doFilter(FilterChainProxy.java:336)
	at org.springframework.security.web.access.ExceptionTranslationFilter.doFilter(ExceptionTranslationFilter.java:122)
	at org.springframework.security.web.access.ExceptionTranslationFilter.doFilter(ExceptionTranslationFilter.java:116)
	at org.springframework.security.web.FilterChainProxy$VirtualFilterChain.doFilter(FilterChainProxy.java:336)
	at org.springframework.security.web.session.SessionManagementFilter.doFilter(SessionManagementFilter.java:126)
	at org.springframework.security.web.session.SessionManagementFilter.doFilter(SessionManagementFilter.java:81)
	at org.springframework.security.web.FilterChainProxy$VirtualFilterChain.doFilter(FilterChainProxy.java:336)
	at org.springframework.security.web.authentication.AnonymousAuthenticationFilter.doFilter(AnonymousAuthenticationFilter.java:109)
	at org.springframework.security.web.FilterChainProxy$VirtualFilterChain.doFilter(FilterChainProxy.java:336)
	at org.springframework.security.web.servletapi.SecurityContextHolderAwareRequestFilter.doFilter(SecurityContextHolderAwareRequestFilter.java:149)
	at org.springframework.security.web.FilterChainProxy$VirtualFilterChain.doFilter(FilterChainProxy.java:336)
	at org.springframework.security.web.savedrequest.RequestCacheAwareFilter.doFilter(RequestCacheAwareFilter.java:63)
	at org.springframework.security.web.FilterChainProxy$VirtualFilterChain.doFilter(FilterChainProxy.java:336)
	at org.springframework.security.web.session.ConcurrentSessionFilter.doFilter(ConcurrentSessionFilter.java:147)
	at org.springframework.security.web.session.ConcurrentSessionFilter.doFilter(ConcurrentSessionFilter.java:125)
	at org.springframework.security.web.FilterChainProxy$VirtualFilterChain.doFilter(FilterChainProxy.java:336)
	at org.springframework.security.web.authentication.AbstractAuthenticationProcessingFilter.doFilter(AbstractAuthenticationProcessingFilter.java:219)
	at org.springframework.security.web.authentication.AbstractAuthenticationProcessingFilter.doFilter(AbstractAuthenticationProcessingFilter.java:213)
	at org.springframework.security.web.FilterChainProxy$VirtualFilterChain.doFilter(FilterChainProxy.java:336)
	at org.springframework.security.web.authentication.logout.LogoutFilter.doFilter(LogoutFilter.java:103)
	at org.springframework.security.web.authentication.logout.LogoutFilter.doFilter(LogoutFilter.java:89)
	at org.springframework.security.web.FilterChainProxy$VirtualFilterChain.doFilter(FilterChainProxy.java:336)
	at org.springframework.security.web.header.HeaderWriterFilter.doHeadersAfter(HeaderWriterFilter.java:90)
	at org.springframework.security.web.header.HeaderWriterFilter.doFilterInternal(HeaderWriterFilter.java:75)
	at org.springframework.web.filter.OncePerRequestFilter.doFilter(OncePerRequestFilter.java:119)
	at org.springframework.security.web.FilterChainProxy$VirtualFilterChain.doFilter(FilterChainProxy.java:336)
	at org.springframework.security.web.context.SecurityContextPersistenceFilter.doFilter(SecurityContextPersistenceFilter.java:110)
	at org.springframework.security.web.context.SecurityContextPersistenceFilter.doFilter(SecurityContextPersistenceFilter.java:80)
	at org.springframework.security.web.FilterChainProxy$VirtualFilterChain.doFilter(FilterChainProxy.java:336)
	at org.springframework.security.web.context.request.async.WebAsyncManagerIntegrationFilter.doFilterInternal(WebAsyncManagerIntegrationFilter.java:55)
	at org.springframework.web.filter.OncePerRequestFilter.doFilter(OncePerRequestFilter.java:119)
	at org.springframework.security.web.FilterChainProxy$VirtualFilterChain.doFilter(FilterChainProxy.java:336)
	at org.springframework.security.web.FilterChainProxy.doFilterInternal(FilterChainProxy.java:211)
	at org.springframework.security.web.FilterChainProxy.doFilter(FilterChainProxy.java:183)
	at org.springframework.web.filter.DelegatingFilterProxy.invokeDelegate(DelegatingFilterProxy.java:358)
	at org.springframework.web.filter.DelegatingFilterProxy.doFilter(DelegatingFilterProxy.java:271)
	at org.apache.catalina.core.ApplicationFilterChain.internalDoFilter(ApplicationFilterChain.java:189)
	at org.apache.catalina.core.ApplicationFilterChain.doFilter(ApplicationFilterChain.java:162)
	at org.springframework.web.filter.RequestContextFilter.doFilterInternal(RequestContextFilter.java:100)
	at org.springframework.web.filter.OncePerRequestFilter.doFilter(OncePerRequestFilter.java:119)
	at org.apache.catalina.core.ApplicationFilterChain.internalDoFilter(ApplicationFilterChain.java:189)
	at org.apache.catalina.core.ApplicationFilterChain.doFilter(ApplicationFilterChain.java:162)
	at org.springframework.web.filter.FormContentFilter.doFilterInternal(FormContentFilter.java:93)
	at org.springframework.web.filter.OncePerRequestFilter.doFilter(OncePerRequestFilter.java:119)
	at org.apache.catalina.core.ApplicationFilterChain.internalDoFilter(ApplicationFilterChain.java:189)
	at org.apache.catalina.core.ApplicationFilterChain.doFilter(ApplicationFilterChain.java:162)
	at org.springframework.web.filter.CharacterEncodingFilter.doFilterInternal(CharacterEncodingFilter.java:201)
	at org.springframework.web.filter.OncePerRequestFilter.doFilter(OncePerRequestFilter.java:119)
	at org.apache.catalina.core.ApplicationFilterChain.internalDoFilter(ApplicationFilterChain.java:189)
	at org.apache.catalina.core.ApplicationFilterChain.doFilter(ApplicationFilterChain.java:162)
	at org.apache.catalina.core.StandardWrapperValve.invoke(StandardWrapperValve.java:197)
	at org.apache.catalina.core.StandardContextValve.invoke(StandardContextValve.java:97)
	at org.apache.catalina.authenticator.AuthenticatorBase.invoke(AuthenticatorBase.java:540)
	at org.apache.catalina.core.StandardHostValve.invoke(StandardHostValve.java:135)
	at org.apache.catalina.valves.ErrorReportValve.invoke(ErrorReportValve.java:92)
	at org.apache.catalina.core.StandardEngineValve.invoke(StandardEngineValve.java:78)
	at org.apache.catalina.connector.CoyoteAdapter.service(CoyoteAdapter.java:357)
	at org.apache.coyote.http11.Http11Processor.service(Http11Processor.java:382)
	at org.apache.coyote.AbstractProcessorLight.process(AbstractProcessorLight.java:65)
	at org.apache.coyote.AbstractProtocol$ConnectionHandler.process(AbstractProtocol.java:895)
	at org.apache.tomcat.util.net.NioEndpoint$SocketProcessor.doRun(NioEndpoint.java:1722)
	at org.apache.tomcat.util.net.SocketProcessorBase.run(SocketProcessorBase.java:49)
	at org.apache.tomcat.util.threads.ThreadPoolExecutor.runWorker(ThreadPoolExecutor.java:1191)
	at org.apache.tomcat.util.threads.ThreadPoolExecutor$Worker.run(ThreadPoolExecutor.java:659)
	at org.apache.tomcat.util.threads.TaskThread$WrappingRunnable.run(TaskThread.java:61)
	at java.base/java.lang.Thread.run(Thread.java:840)

[2025-04-18T21:34:08.81607115] Attempting to download learning path from URL: http://localhost:8000/learning_path/1/60
[2025-04-18T21:34:08.816368451] Target save location: /home/farhan/Documents/workspace-spring-tool-suite-4-4.29.1.RELEASE/aiplp-spring/src/main/resources/static/data/data/learning_paths/1_60_path.json
[2025-04-18T21:34:08.817075282] Detailed error downloading learning path for user 1, course 60:
[2025-04-18T21:34:08.817196073] Error message: Connection refused
[2025-04-18T21:34:08.817271137] Error type: java.net.ConnectException
[2025-04-18T21:34:08.818048992] Full error stack trace:
[2025-04-18T21:34:08.818168361] java.net.ConnectException: Connection refused
	at java.base/sun.nio.ch.Net.connect0(Native Method)
	at java.base/sun.nio.ch.Net.connect(Net.java:579)
	at java.base/sun.nio.ch.Net.connect(Net.java:568)
	at java.base/sun.nio.ch.NioSocketImpl.connect(NioSocketImpl.java:593)
	at java.base/java.net.Socket.connect(Socket.java:633)
	at java.base/java.net.Socket.connect(Socket.java:583)
	at java.base/sun.net.NetworkClient.doConnect(NetworkClient.java:183)
	at java.base/sun.net.www.http.HttpClient.openServer(HttpClient.java:533)
	at java.base/sun.net.www.http.HttpClient.openServer(HttpClient.java:638)
	at java.base/sun.net.www.http.HttpClient.<init>(HttpClient.java:281)
	at java.base/sun.net.www.http.HttpClient.New(HttpClient.java:386)
	at java.base/sun.net.www.http.HttpClient.New(HttpClient.java:408)
	at java.base/sun.net.www.protocol.http.HttpURLConnection.getNewHttpClient(HttpURLConnection.java:1324)
	at java.base/sun.net.www.protocol.http.HttpURLConnection.plainConnect0(HttpURLConnection.java:1257)
	at java.base/sun.net.www.protocol.http.HttpURLConnection.plainConnect(HttpURLConnection.java:1143)
	at java.base/sun.net.www.protocol.http.HttpURLConnection.connect(HttpURLConnection.java:1072)
	at java.base/sun.net.www.protocol.http.HttpURLConnection.getInputStream0(HttpURLConnection.java:1702)
	at java.base/sun.net.www.protocol.http.HttpURLConnection.getInputStream(HttpURLConnection.java:1626)
	at java.base/java.net.URL.openStream(URL.java:1161)
	at com.example.demo.service.LearningPathVerificationService.downloadLearningPath(LearningPathVerificationService.java:88)
	at com.example.demo.service.LearningPathVerificationService.verifyAndFetchLearningPaths(LearningPathVerificationService.java:194)
	at com.example.demo.web.LearningPathController.verifyLearningPaths(LearningPathController.java:49)
	at java.base/jdk.internal.reflect.NativeMethodAccessorImpl.invoke0(Native Method)
	at java.base/jdk.internal.reflect.NativeMethodAccessorImpl.invoke(NativeMethodAccessorImpl.java:77)
	at java.base/jdk.internal.reflect.DelegatingMethodAccessorImpl.invoke(DelegatingMethodAccessorImpl.java:43)
	at java.base/java.lang.reflect.Method.invoke(Method.java:569)
	at org.springframework.web.method.support.InvocableHandlerMethod.doInvoke(InvocableHandlerMethod.java:205)
	at org.springframework.web.method.support.InvocableHandlerMethod.invokeForRequest(InvocableHandlerMethod.java:150)
	at org.springframework.web.servlet.mvc.method.annotation.ServletInvocableHandlerMethod.invokeAndHandle(ServletInvocableHandlerMethod.java:117)
	at org.springframework.web.servlet.mvc.method.annotation.RequestMappingHandlerAdapter.invokeHandlerMethod(RequestMappingHandlerAdapter.java:895)
	at org.springframework.web.servlet.mvc.method.annotation.RequestMappingHandlerAdapter.handleInternal(RequestMappingHandlerAdapter.java:808)
	at org.springframework.web.servlet.mvc.method.AbstractHandlerMethodAdapter.handle(AbstractHandlerMethodAdapter.java:87)
	at org.springframework.web.servlet.DispatcherServlet.doDispatch(DispatcherServlet.java:1067)
	at org.springframework.web.servlet.DispatcherServlet.doService(DispatcherServlet.java:963)
	at org.springframework.web.servlet.FrameworkServlet.processRequest(FrameworkServlet.java:1006)
	at org.springframework.web.servlet.FrameworkServlet.doPost(FrameworkServlet.java:909)
	at javax.servlet.http.HttpServlet.service(HttpServlet.java:681)
	at org.springframework.web.servlet.FrameworkServlet.service(FrameworkServlet.java:883)
	at javax.servlet.http.HttpServlet.service(HttpServlet.java:764)
	at org.apache.catalina.core.ApplicationFilterChain.internalDoFilter(ApplicationFilterChain.java:227)
	at org.apache.catalina.core.ApplicationFilterChain.doFilter(ApplicationFilterChain.java:162)
	at org.apache.tomcat.websocket.server.WsFilter.doFilter(WsFilter.java:53)
	at org.apache.catalina.core.ApplicationFilterChain.internalDoFilter(ApplicationFilterChain.java:189)
	at org.apache.catalina.core.ApplicationFilterChain.doFilter(ApplicationFilterChain.java:162)
	at org.springframework.security.web.FilterChainProxy$VirtualFilterChain.doFilter(FilterChainProxy.java:327)
	at org.springframework.security.web.access.intercept.FilterSecurityInterceptor.invoke(FilterSecurityInterceptor.java:115)
	at org.springframework.security.web.access.intercept.FilterSecurityInterceptor.doFilter(FilterSecurityInterceptor.java:81)
	at org.springframework.security.web.FilterChainProxy$VirtualFilterChain.doFilter(FilterChainProxy.java:336)
	at org.springframework.security.web.access.ExceptionTranslationFilter.doFilter(ExceptionTranslationFilter.java:122)
	at org.springframework.security.web.access.ExceptionTranslationFilter.doFilter(ExceptionTranslationFilter.java:116)
	at org.springframework.security.web.FilterChainProxy$VirtualFilterChain.doFilter(FilterChainProxy.java:336)
	at org.springframework.security.web.session.SessionManagementFilter.doFilter(SessionManagementFilter.java:126)
	at org.springframework.security.web.session.SessionManagementFilter.doFilter(SessionManagementFilter.java:81)
	at org.springframework.security.web.FilterChainProxy$VirtualFilterChain.doFilter(FilterChainProxy.java:336)
	at org.springframework.security.web.authentication.AnonymousAuthenticationFilter.doFilter(AnonymousAuthenticationFilter.java:109)
	at org.springframework.security.web.FilterChainProxy$VirtualFilterChain.doFilter(FilterChainProxy.java:336)
	at org.springframework.security.web.servletapi.SecurityContextHolderAwareRequestFilter.doFilter(SecurityContextHolderAwareRequestFilter.java:149)
	at org.springframework.security.web.FilterChainProxy$VirtualFilterChain.doFilter(FilterChainProxy.java:336)
	at org.springframework.security.web.savedrequest.RequestCacheAwareFilter.doFilter(RequestCacheAwareFilter.java:63)
	at org.springframework.security.web.FilterChainProxy$VirtualFilterChain.doFilter(FilterChainProxy.java:336)
	at org.springframework.security.web.session.ConcurrentSessionFilter.doFilter(ConcurrentSessionFilter.java:147)
	at org.springframework.security.web.session.ConcurrentSessionFilter.doFilter(ConcurrentSessionFilter.java:125)
	at org.springframework.security.web.FilterChainProxy$VirtualFilterChain.doFilter(FilterChainProxy.java:336)
	at org.springframework.security.web.authentication.AbstractAuthenticationProcessingFilter.doFilter(AbstractAuthenticationProcessingFilter.java:219)
	at org.springframework.security.web.authentication.AbstractAuthenticationProcessingFilter.doFilter(AbstractAuthenticationProcessingFilter.java:213)
	at org.springframework.security.web.FilterChainProxy$VirtualFilterChain.doFilter(FilterChainProxy.java:336)
	at org.springframework.security.web.authentication.logout.LogoutFilter.doFilter(LogoutFilter.java:103)
	at org.springframework.security.web.authentication.logout.LogoutFilter.doFilter(LogoutFilter.java:89)
	at org.springframework.security.web.FilterChainProxy$VirtualFilterChain.doFilter(FilterChainProxy.java:336)
	at org.springframework.security.web.header.HeaderWriterFilter.doHeadersAfter(HeaderWriterFilter.java:90)
	at org.springframework.security.web.header.HeaderWriterFilter.doFilterInternal(HeaderWriterFilter.java:75)
	at org.springframework.web.filter.OncePerRequestFilter.doFilter(OncePerRequestFilter.java:119)
	at org.springframework.security.web.FilterChainProxy$VirtualFilterChain.doFilter(FilterChainProxy.java:336)
	at org.springframework.security.web.context.SecurityContextPersistenceFilter.doFilter(SecurityContextPersistenceFilter.java:110)
	at org.springframework.security.web.context.SecurityContextPersistenceFilter.doFilter(SecurityContextPersistenceFilter.java:80)
	at org.springframework.security.web.FilterChainProxy$VirtualFilterChain.doFilter(FilterChainProxy.java:336)
	at org.springframework.security.web.context.request.async.WebAsyncManagerIntegrationFilter.doFilterInternal(WebAsyncManagerIntegrationFilter.java:55)
	at org.springframework.web.filter.OncePerRequestFilter.doFilter(OncePerRequestFilter.java:119)
	at org.springframework.security.web.FilterChainProxy$VirtualFilterChain.doFilter(FilterChainProxy.java:336)
	at org.springframework.security.web.FilterChainProxy.doFilterInternal(FilterChainProxy.java:211)
	at org.springframework.security.web.FilterChainProxy.doFilter(FilterChainProxy.java:183)
	at org.springframework.web.filter.DelegatingFilterProxy.invokeDelegate(DelegatingFilterProxy.java:358)
	at org.springframework.web.filter.DelegatingFilterProxy.doFilter(DelegatingFilterProxy.java:271)
	at org.apache.catalina.core.ApplicationFilterChain.internalDoFilter(ApplicationFilterChain.java:189)
	at org.apache.catalina.core.ApplicationFilterChain.doFilter(ApplicationFilterChain.java:162)
	at org.springframework.web.filter.RequestContextFilter.doFilterInternal(RequestContextFilter.java:100)
	at org.springframework.web.filter.OncePerRequestFilter.doFilter(OncePerRequestFilter.java:119)
	at org.apache.catalina.core.ApplicationFilterChain.internalDoFilter(ApplicationFilterChain.java:189)
	at org.apache.catalina.core.ApplicationFilterChain.doFilter(ApplicationFilterChain.java:162)
	at org.springframework.web.filter.FormContentFilter.doFilterInternal(FormContentFilter.java:93)
	at org.springframework.web.filter.OncePerRequestFilter.doFilter(OncePerRequestFilter.java:119)
	at org.apache.catalina.core.ApplicationFilterChain.internalDoFilter(ApplicationFilterChain.java:189)
	at org.apache.catalina.core.ApplicationFilterChain.doFilter(ApplicationFilterChain.java:162)
	at org.springframework.web.filter.CharacterEncodingFilter.doFilterInternal(CharacterEncodingFilter.java:201)
	at org.springframework.web.filter.OncePerRequestFilter.doFilter(OncePerRequestFilter.java:119)
	at org.apache.catalina.core.ApplicationFilterChain.internalDoFilter(ApplicationFilterChain.java:189)
	at org.apache.catalina.core.ApplicationFilterChain.doFilter(ApplicationFilterChain.java:162)
	at org.apache.catalina.core.StandardWrapperValve.invoke(StandardWrapperValve.java:197)
	at org.apache.catalina.core.StandardContextValve.invoke(StandardContextValve.java:97)
	at org.apache.catalina.authenticator.AuthenticatorBase.invoke(AuthenticatorBase.java:540)
	at org.apache.catalina.core.StandardHostValve.invoke(StandardHostValve.java:135)
	at org.apache.catalina.valves.ErrorReportValve.invoke(ErrorReportValve.java:92)
	at org.apache.catalina.core.StandardEngineValve.invoke(StandardEngineValve.java:78)
	at org.apache.catalina.connector.CoyoteAdapter.service(CoyoteAdapter.java:357)
	at org.apache.coyote.http11.Http11Processor.service(Http11Processor.java:382)
	at org.apache.coyote.AbstractProcessorLight.process(AbstractProcessorLight.java:65)
	at org.apache.coyote.AbstractProtocol$ConnectionHandler.process(AbstractProtocol.java:895)
	at org.apache.tomcat.util.net.NioEndpoint$SocketProcessor.doRun(NioEndpoint.java:1722)
	at org.apache.tomcat.util.net.SocketProcessorBase.run(SocketProcessorBase.java:49)
	at org.apache.tomcat.util.threads.ThreadPoolExecutor.runWorker(ThreadPoolExecutor.java:1191)
	at org.apache.tomcat.util.threads.ThreadPoolExecutor$Worker.run(ThreadPoolExecutor.java:659)
	at org.apache.tomcat.util.threads.TaskThread$WrappingRunnable.run(TaskThread.java:61)
	at java.base/java.lang.Thread.run(Thread.java:840)

[2025-04-18T21:34:08.819736154] Failed to download all learning paths for user 1
[2025-04-18T21:35:45.716134768] Starting comprehensive learning path verification for user 1
[2025-04-18T21:35:45.716762903] Checking path for user 1, course 58: EXISTS
[2025-04-18T21:35:45.716853139] Checking path for user 1, course 59: NOT FOUND
[2025-04-18T21:35:45.716906908] Checking path for user 1, course 60: NOT FOUND
[2025-04-18T21:35:45.716953715] Starting download of missing learning paths for user 1: [59, 60]
[2025-04-18T21:35:45.717021585] Attempting to download learning path from URL: http://localhost:8000/learning_path/1/59
[2025-04-18T21:35:45.717069984] Target save location: /home/farhan/Documents/workspace-spring-tool-suite-4-4.29.1.RELEASE/aiplp-spring/src/main/resources/static/data/data/learning_paths/1_59_path.json
[2025-04-18T21:35:55.369765744] Successfully downloaded learning path for user 1, course 59
[2025-04-18T21:35:55.369919457] Download details - Bytes transferred: 2859, Duration: 9652 ms
[2025-04-18T21:35:55.369964536] Verifying downloaded file - Size: 2859 bytes
[2025-04-18T21:35:55.370213745] First few lines of the downloaded file:
[2025-04-18T21:35:55.370272208]   {"learning_path":{"modules":[{"id":"M1","title":"Introduction to Google Analytics","description":"This module introduces the basics of Google Analytics, including its history, features, and benefits.","sub_modules":[{"id":"M1-S1","title":"Google Analytics Fundamentals","description":"In this sub-module, learners will learn about the different types of Google Analytics accounts, data sources, and metrics.","activities":[{"id":"M1-S1-A1","title":"Complete a tutorial on Google Analytics fundamentals","description":"This activity requires learners to complete a comprehensive tutorial on Google Analytics fundamentals.","duration":"When you feel ready"}]},{"id":"M1-S2","title":"Google Analytics Best Practices","description":"In this sub-module, learners will learn about best practices for setting up and using Google Analytics, including data quality, segmenting audiences, and tracking conversions.","activities":[{"id":"M1-S2-A1","title":"Complete a quiz on Google Analytics best practices","description":"This activity requires learners to complete a 10-question multiple-choice quiz on Google Analytics best practices.","duration":"Now"}]},{"id":"M1-S3","title":"Google Analytics Reporting","description":"In this sub-module, learners will learn how to create and analyze reports in Google Analytics, including creating custom reports and using data visualization tools.","activities":[{"id":"M1-S3-A1","title":"Complete a tutorial on Google Analytics reporting","description":"This activity requires learners to complete a comprehensive tutorial on Google Analytics reporting.","duration":"When you feel ready"}]},{"id":"M1-S4","title":"Google Analytics Auditing and Security","description":"In this sub-module, learners will learn about the importance of auditing and security in Google Analytics, including data privacy and GDPR compliance.","activities":[{"id":"M1-S4-A1","title":"Complete a quiz on Google Analytics auditing and security","description":"This activity requires learners to complete a 5-question multiple-choice quiz on Google Analytics auditing and security.","duration":"Now"}]}],"duration":"4 weeks","objectives":["Learn the basics of Google Analytics","Understand best practices for setting up and using Google Analytics","Create custom reports in Google Analytics","Comply with data privacy regulations"]}],"quiz_adaptations":[]},"course_id":59,"user_id":1,"quiz_performance":{"topic_scores":{"general":100.0,"problem_solving":0.0,"learning_style":50.0,"logical_reasoning":100.0,"mathematical":100.0,"motivation":100.0},"overall_score":70.0,"weak_areas":["problem_solving","learning_style"],"strengths":["general","logical_reasoning","mathematical","motivation"],"total_questions_answered":10,"question_distribution":{"general":1,"problem_solving":2,"learning_style":2,"logical_reasoning":2,"mathematical":2,"motivation":1}}}
[2025-04-18T21:35:55.370358471] Attempting to download learning path from URL: http://localhost:8000/learning_path/1/60
[2025-04-18T21:35:55.37039423] Target save location: /home/farhan/Documents/workspace-spring-tool-suite-4-4.29.1.RELEASE/aiplp-spring/src/main/resources/static/data/data/learning_paths/1_60_path.json
[2025-04-18T21:36:33.242164811] Successfully downloaded learning path for user 1, course 60
[2025-04-18T21:36:33.242294695] Download details - Bytes transferred: 9385, Duration: 37872 ms
[2025-04-18T21:36:33.242346329] Verifying downloaded file - Size: 9385 bytes
[2025-04-18T21:36:33.242540126] First few lines of the downloaded file:
[2025-04-18T21:36:33.242602189]   {"learning_path":{"modules":[{"id":"M1","title":"Introduction to Facebook Blueprint Certification","description":"This module provides an overview of the Facebook Blueprint certification program, its benefits, and requirements.","sub_modules":[{"id":"M1-S1","title":"Understanding Facebook Blueprint","description":"This sub-module explains the purpose and scope of the Facebook Blueprint certification program.","activities":[{"id":"M1-S1-A1","title":"Read about Facebook Blueprint's history and evolution.","description":"Read articles and watch videos about Facebook Blueprint's development, milestones, and achievements."},{"id":"M1-S1-A2","title":"Explore the different types of certifications offered by Facebook Blueprint.","description":"Research the various certifications available, including the ones for advertisers, marketers, and content creators."}],"learning_outcomes":["Describe the purpose and scope of Facebook Blueprint certification.","Identify the different types of certifications offered by Facebook Blueprint."]},{"id":"M1-S2","title":"Setting Up for Success","description":"This sub-module provides tips and resources to help learners prepare for the certification program.","activities":[{"id":"M1-S2-A1","title":"Review Facebook Blueprint's official learning path, course outlines, and study materials.","description":"Familiarize yourself with the official learning path, course outlines, and study materials provided by Facebook Blueprint."},{"id":"M1-S2-A2","title":"Explore additional resources such as YouTube tutorials, blogs, and online communities.","description":"Utilize additional resources to enhance your understanding of the material and stay up-to-date on the latest developments in Facebook Blueprint."}],"learning_outcomes":["Demonstrate an understanding of how to set up for success with Facebook Blueprint certification.","Apply tips and strategies for optimal learning outcomes."]}],"duration":"4 weeks, 20 hours"},{"id":"M2","title":"General Knowledge","description":"This module provides a comprehensive overview of the Facebook Blueprint certification program's core topics.","sub_modules":[{"id":"M2-S1","title":"Facebook Advertising Fundamentals","description":"This sub-module covers the basics of Facebook advertising, including targeting options, ad formats, and budgeting.","activities":[{"id":"M2-S1-A1","title":"Complete a course on Facebook Ad Format Options.","description":"Learn about different ad format options available for advertisers."},{"id":"M2-S1-A2","title":"Create and optimize ad campaigns using the Facebook Ads Manager tool.","description":"Practice creating and optimizing ad campaigns to improve your skills in targeting, budgeting, and ad placement."}],"learning_outcomes":["Apply knowledge of ad format options for optimal advertising outcomes.","Demonstrate an understanding of how to target audiences effectively using Facebook's advanced targeting features."]},{"id":"M2-S2","title":"Content Marketing and Branding","description":"This sub-module focuses on the importance of content marketing, branding, and social media for businesses.","activities":[{"id":"M2-S2-A1","title":"Complete a course on Content Marketing Fundamentals for Brands.","description":"Learn how to create engaging content that attracts and retains customers."},{"id":"M2-S2-A2","title":"Develop a brand voice and style guide for your business.","description":"Create a comprehensive brand voice and style guide that outlines the tone, language, and visual identity of your business."}],"learning_outcomes":["Describe how to create engaging content using Facebook Blueprint's content marketing guidelines.","Apply knowledge of branding principles for businesses looking to establish or maintain their online presence."]}],"duration":"8 weeks, 40 hours"},{"id":"M3","title":"Problem Solving and Logical Reasoning","description":"This module focuses on developing critical thinking skills for problem-solving in the context of Facebook Blueprint certification.","sub_modules":[{"id":"M3-S1","title":"Critical Thinking and Analytical Skills","description":"This sub-module introduces learners to critical thinking techniques, including identifying biases and logical fallacies.","activities":[{"id":"M3-S1-A1","title":"Practice analyzing arguments for biases and logical fallacies.","description":"Complete exercises to improve your ability to identify flawed reasoning and evaluate evidence critically."},{"id":"M3-S1-A2","title":"Learn how to effectively present a well-supported argument using data and evidence.","description":"Practice structuring arguments with clear premises, supporting evidence, and sound logical connections."}],"learning_outcomes":["Demonstrate an understanding of critical thinking techniques for problem-solving in Facebook Blueprint certification.","Apply knowledge of logical reasoning principles to present well-supported arguments using data and evidence."]},{"id":"M3-S2","title":"Logical Reasoning and Mathematical Applications","description":"This module provides a comprehensive overview of logical reasoning and mathematical concepts for Facebook Blueprint certification.","activities":[{"id":"M3-S2-A1","title":"Practice applying mathematical formulas to solve advertising optimization problems.","description":"Complete exercises on calculating cost per click, conversion rates, and return on ad spend using mathematical formulas from the Facebook Blueprint certification course."},{"id":"M3-S2-A2","title":"Learn how to apply logical reasoning principles in Facebook Ads Manager to optimize campaigns for better performance.","description":"Practice optimizing campaigns by applying logical reasoning principles and evaluating evidence of different campaign settings."}],"learning_outcomes":["Apply knowledge of mathematical formulas to solve advertising optimization problems using data from the Facebook Blueprint certification course.","Demonstrate an understanding of logical reasoning principles for optimizing Facebook Ads Manager campaigns for better performance."]},{"id":"M3-S3","title":"Motivation and Learning Style","description":"This module focuses on learner motivation, self-assessment, and learning styles to enhance the overall effectiveness of Facebook Blueprint certification.","activities":[{"id":"M3-S3-A1","title":"Reflect on your learning style preferences and identify areas for improvement.","description":"Complete a learning style quiz to determine your strengths and weaknesses, and provide self-assessment suggestions to optimize learning outcomes."},{"id":"M3-S3-A2","title":"Develop a plan to stay motivated throughout the Facebook Blueprint certification program.","description":"Create a personalized study plan and set realistic goals for achieving the desired knowledge level in each module within the given timeframe."}],"learning_outcomes":["Reflect on their learning style preferences and identify areas for improvement.","Develop a plan to stay motivated throughout the Facebook Blueprint certification program based on their strengths, weaknesses, and motivation triggers."]},{"id":"M3-S4","title":"Final Project: Creating a Comprehensive Facebook Ad Campaign","description":"This module guides learners in applying all skills learned throughout the certification program to create a comprehensive ad campaign.","activities":[{"id":"M3-S4-A1","title":"Design and develop a comprehensive Facebook ad campaign that showcases your knowledge of core topics.","description":"Create a well-designed and optimized ad campaign for a fictional company using the skills learned throughout the certification program, including content creation, targeting, budgeting, bidding, and tracking."},{"id":"M3-S4-A2","title":"Present your final project to peers or an instructor for feedback and discussion.","description":"Share a brief presentation with an audience about the challenges encountered during campaign development and discuss any insights gained from the experience."}],"learning_outcomes":["Create a comprehensive Facebook ad campaign that showcases knowledge of core topics learned throughout the certification program.","Present their final project to peers or instructor for feedback and discussion, providing insight into challenges encountered during campaign development."]}],"duration":"16 weeks, 80 hours"}],"prerequisites":["Basic understanding of marketing principles","Prior knowledge in advertising and media planning is not required but will be beneficial to a better comprehension of the course content."],"quiz_adaptations":["Use adaptive technology, such as AI-powered quizzes, to assess learners' progress and understanding of key concepts.","Provide multiple-choice questions that align with each module's learning objectives","Ensure quizzes are relevant and meaningful to each module's content and apply relevant assessment criteria."]},"course_id":60,"user_id":1,"quiz_performance":{"topic_scores":{"general":100.0,"problem_solving":0.0,"learning_style":50.0,"logical_reasoning":100.0,"mathematical":100.0,"motivation":100.0},"overall_score":70.0,"weak_areas":["problem_solving","learning_style"],"strengths":["general","logical_reasoning","mathematical","motivation"],"total_questions_answered":10,"question_distribution":{"general":1,"problem_solving":2,"learning_style":2,"logical_reasoning":2,"mathematical":2,"motivation":1}}}
[2025-04-18T21:36:33.242717511] Successfully downloaded all missing learning paths for user 1
[2025-04-19T18:48:21.433170865] Starting comprehensive learning path verification for user 1
[2025-04-19T18:48:21.434670543] Checking path for user 1, course 77: NOT FOUND
[2025-04-19T18:48:21.434785514] Checking path for user 1, course 78: NOT FOUND
[2025-04-19T18:48:21.434853885] Checking path for user 1, course 79: NOT FOUND
[2025-04-19T18:48:21.434937021] Starting download of missing learning paths for user 1: [77, 78, 79]
[2025-04-19T18:48:21.435187046] Attempting to download learning path from URL: http://localhost:8000/learning_path/1/77
[2025-04-19T18:48:21.435260352] Target save location: /home/farhan/Documents/workspace-spring-tool-suite-4-4.29.1.RELEASE/aiplp-spring/src/main/resources/static/data/data/learning_paths/1_77_path.json
[2025-04-19T18:50:44.323542318] Detailed error downloading learning path for user 1, course 77:
[2025-04-19T18:50:44.324092307] Error message: Connection refused
[2025-04-19T18:50:44.324254716] Error type: java.net.ConnectException
[2025-04-19T18:50:44.325055476] Full error stack trace:
[2025-04-19T18:50:44.325157166] java.net.ConnectException: Connection refused
	at java.base/sun.nio.ch.Net.connect0(Native Method)
	at java.base/sun.nio.ch.Net.connect(Net.java:579)
	at java.base/sun.nio.ch.Net.connect(Net.java:568)
	at java.base/sun.nio.ch.NioSocketImpl.connect(NioSocketImpl.java:593)
	at java.base/java.net.Socket.connect(Socket.java:633)
	at java.base/java.net.Socket.connect(Socket.java:583)
	at java.base/sun.net.NetworkClient.doConnect(NetworkClient.java:183)
	at java.base/sun.net.www.http.HttpClient.openServer(HttpClient.java:533)
	at java.base/sun.net.www.http.HttpClient.openServer(HttpClient.java:638)
	at java.base/sun.net.www.http.HttpClient.parseHTTPHeader(HttpClient.java:947)
	at java.base/sun.net.www.http.HttpClient.parseHTTP(HttpClient.java:761)
	at java.base/sun.net.www.protocol.http.HttpURLConnection.getInputStream0(HttpURLConnection.java:1725)
	at java.base/sun.net.www.protocol.http.HttpURLConnection.getInputStream(HttpURLConnection.java:1626)
	at java.base/java.net.URL.openStream(URL.java:1161)
	at com.example.demo.service.LearningPathVerificationService.downloadLearningPath(LearningPathVerificationService.java:88)
	at com.example.demo.service.LearningPathVerificationService.verifyAndFetchLearningPaths(LearningPathVerificationService.java:194)
	at com.example.demo.web.LearningPathController.verifyLearningPaths(LearningPathController.java:49)
	at java.base/jdk.internal.reflect.NativeMethodAccessorImpl.invoke0(Native Method)
	at java.base/jdk.internal.reflect.NativeMethodAccessorImpl.invoke(NativeMethodAccessorImpl.java:77)
	at java.base/jdk.internal.reflect.DelegatingMethodAccessorImpl.invoke(DelegatingMethodAccessorImpl.java:43)
	at java.base/java.lang.reflect.Method.invoke(Method.java:569)
	at org.springframework.web.method.support.InvocableHandlerMethod.doInvoke(InvocableHandlerMethod.java:205)
	at org.springframework.web.method.support.InvocableHandlerMethod.invokeForRequest(InvocableHandlerMethod.java:150)
	at org.springframework.web.servlet.mvc.method.annotation.ServletInvocableHandlerMethod.invokeAndHandle(ServletInvocableHandlerMethod.java:117)
	at org.springframework.web.servlet.mvc.method.annotation.RequestMappingHandlerAdapter.invokeHandlerMethod(RequestMappingHandlerAdapter.java:895)
	at org.springframework.web.servlet.mvc.method.annotation.RequestMappingHandlerAdapter.handleInternal(RequestMappingHandlerAdapter.java:808)
	at org.springframework.web.servlet.mvc.method.AbstractHandlerMethodAdapter.handle(AbstractHandlerMethodAdapter.java:87)
	at org.springframework.web.servlet.DispatcherServlet.doDispatch(DispatcherServlet.java:1072)
	at org.springframework.web.servlet.DispatcherServlet.doService(DispatcherServlet.java:965)
	at org.springframework.web.servlet.FrameworkServlet.processRequest(FrameworkServlet.java:1006)
	at org.springframework.web.servlet.FrameworkServlet.doPost(FrameworkServlet.java:909)
	at javax.servlet.http.HttpServlet.service(HttpServlet.java:555)
	at org.springframework.web.servlet.FrameworkServlet.service(FrameworkServlet.java:883)
	at javax.servlet.http.HttpServlet.service(HttpServlet.java:623)
	at org.apache.catalina.core.ApplicationFilterChain.internalDoFilter(ApplicationFilterChain.java:209)
	at org.apache.catalina.core.ApplicationFilterChain.doFilter(ApplicationFilterChain.java:153)
	at org.apache.tomcat.websocket.server.WsFilter.doFilter(WsFilter.java:51)
	at org.apache.catalina.core.ApplicationFilterChain.internalDoFilter(ApplicationFilterChain.java:178)
	at org.apache.catalina.core.ApplicationFilterChain.doFilter(ApplicationFilterChain.java:153)
	at org.springframework.security.web.FilterChainProxy$VirtualFilterChain.doFilter(FilterChainProxy.java:337)
	at org.springframework.security.web.access.intercept.FilterSecurityInterceptor.invoke(FilterSecurityInterceptor.java:115)
	at org.springframework.security.web.access.intercept.FilterSecurityInterceptor.doFilter(FilterSecurityInterceptor.java:81)
	at org.springframework.security.web.FilterChainProxy$VirtualFilterChain.doFilter(FilterChainProxy.java:346)
	at org.springframework.security.web.access.ExceptionTranslationFilter.doFilter(ExceptionTranslationFilter.java:122)
	at org.springframework.security.web.access.ExceptionTranslationFilter.doFilter(ExceptionTranslationFilter.java:116)
	at org.springframework.security.web.FilterChainProxy$VirtualFilterChain.doFilter(FilterChainProxy.java:346)
	at org.springframework.security.web.session.SessionManagementFilter.doFilter(SessionManagementFilter.java:126)
	at org.springframework.security.web.session.SessionManagementFilter.doFilter(SessionManagementFilter.java:81)
	at org.springframework.security.web.FilterChainProxy$VirtualFilterChain.doFilter(FilterChainProxy.java:346)
	at org.springframework.security.web.authentication.AnonymousAuthenticationFilter.doFilter(AnonymousAuthenticationFilter.java:109)
	at org.springframework.security.web.FilterChainProxy$VirtualFilterChain.doFilter(FilterChainProxy.java:346)
	at org.springframework.security.web.servletapi.SecurityContextHolderAwareRequestFilter.doFilter(SecurityContextHolderAwareRequestFilter.java:149)
	at org.springframework.security.web.FilterChainProxy$VirtualFilterChain.doFilter(FilterChainProxy.java:346)
	at org.springframework.security.web.savedrequest.RequestCacheAwareFilter.doFilter(RequestCacheAwareFilter.java:63)
	at org.springframework.security.web.FilterChainProxy$VirtualFilterChain.doFilter(FilterChainProxy.java:346)
	at org.springframework.security.web.session.ConcurrentSessionFilter.doFilter(ConcurrentSessionFilter.java:147)
	at org.springframework.security.web.session.ConcurrentSessionFilter.doFilter(ConcurrentSessionFilter.java:125)
	at org.springframework.security.web.FilterChainProxy$VirtualFilterChain.doFilter(FilterChainProxy.java:346)
	at org.springframework.security.web.authentication.AbstractAuthenticationProcessingFilter.doFilter(AbstractAuthenticationProcessingFilter.java:223)
	at org.springframework.security.web.authentication.AbstractAuthenticationProcessingFilter.doFilter(AbstractAuthenticationProcessingFilter.java:217)
	at org.springframework.security.web.FilterChainProxy$VirtualFilterChain.doFilter(FilterChainProxy.java:346)
	at org.springframework.security.web.authentication.logout.LogoutFilter.doFilter(LogoutFilter.java:103)
	at org.springframework.security.web.authentication.logout.LogoutFilter.doFilter(LogoutFilter.java:89)
	at org.springframework.security.web.FilterChainProxy$VirtualFilterChain.doFilter(FilterChainProxy.java:346)
	at org.springframework.security.web.header.HeaderWriterFilter.doHeadersAfter(HeaderWriterFilter.java:90)
	at org.springframework.security.web.header.HeaderWriterFilter.doFilterInternal(HeaderWriterFilter.java:75)
	at org.springframework.web.filter.OncePerRequestFilter.doFilter(OncePerRequestFilter.java:117)
	at org.springframework.security.web.FilterChainProxy$VirtualFilterChain.doFilter(FilterChainProxy.java:346)
	at org.springframework.security.web.context.SecurityContextPersistenceFilter.doFilter(SecurityContextPersistenceFilter.java:112)
	at org.springframework.security.web.context.SecurityContextPersistenceFilter.doFilter(SecurityContextPersistenceFilter.java:82)
	at org.springframework.security.web.FilterChainProxy$VirtualFilterChain.doFilter(FilterChainProxy.java:346)
	at org.springframework.security.web.context.request.async.WebAsyncManagerIntegrationFilter.doFilterInternal(WebAsyncManagerIntegrationFilter.java:55)
	at org.springframework.web.filter.OncePerRequestFilter.doFilter(OncePerRequestFilter.java:117)
	at org.springframework.security.web.FilterChainProxy$VirtualFilterChain.doFilter(FilterChainProxy.java:346)
	at org.springframework.security.web.session.DisableEncodeUrlFilter.doFilterInternal(DisableEncodeUrlFilter.java:42)
	at org.springframework.web.filter.OncePerRequestFilter.doFilter(OncePerRequestFilter.java:117)
	at org.springframework.security.web.FilterChainProxy$VirtualFilterChain.doFilter(FilterChainProxy.java:346)
	at org.springframework.security.web.FilterChainProxy.doFilterInternal(FilterChainProxy.java:221)
	at org.springframework.security.web.FilterChainProxy.doFilter(FilterChainProxy.java:186)
	at org.springframework.web.filter.DelegatingFilterProxy.invokeDelegate(DelegatingFilterProxy.java:354)
	at org.springframework.web.filter.DelegatingFilterProxy.doFilter(DelegatingFilterProxy.java:267)
	at org.apache.catalina.core.ApplicationFilterChain.internalDoFilter(ApplicationFilterChain.java:178)
	at org.apache.catalina.core.ApplicationFilterChain.doFilter(ApplicationFilterChain.java:153)
	at org.springframework.web.filter.RequestContextFilter.doFilterInternal(RequestContextFilter.java:100)
	at org.springframework.web.filter.OncePerRequestFilter.doFilter(OncePerRequestFilter.java:117)
	at org.apache.catalina.core.ApplicationFilterChain.internalDoFilter(ApplicationFilterChain.java:178)
	at org.apache.catalina.core.ApplicationFilterChain.doFilter(ApplicationFilterChain.java:153)
	at org.springframework.web.filter.FormContentFilter.doFilterInternal(FormContentFilter.java:93)
	at org.springframework.web.filter.OncePerRequestFilter.doFilter(OncePerRequestFilter.java:117)
	at org.apache.catalina.core.ApplicationFilterChain.internalDoFilter(ApplicationFilterChain.java:178)
	at org.apache.catalina.core.ApplicationFilterChain.doFilter(ApplicationFilterChain.java:153)
	at org.springframework.web.filter.CharacterEncodingFilter.doFilterInternal(CharacterEncodingFilter.java:201)
	at org.springframework.web.filter.OncePerRequestFilter.doFilter(OncePerRequestFilter.java:117)
	at org.apache.catalina.core.ApplicationFilterChain.internalDoFilter(ApplicationFilterChain.java:178)
	at org.apache.catalina.core.ApplicationFilterChain.doFilter(ApplicationFilterChain.java:153)
	at org.apache.catalina.core.StandardWrapperValve.invoke(StandardWrapperValve.java:168)
	at org.apache.catalina.core.StandardContextValve.invoke(StandardContextValve.java:90)
	at org.apache.catalina.authenticator.AuthenticatorBase.invoke(AuthenticatorBase.java:481)
	at org.apache.catalina.core.StandardHostValve.invoke(StandardHostValve.java:130)
	at org.apache.catalina.valves.ErrorReportValve.invoke(ErrorReportValve.java:93)
	at org.apache.catalina.core.StandardEngineValve.invoke(StandardEngineValve.java:74)
	at org.apache.catalina.connector.CoyoteAdapter.service(CoyoteAdapter.java:342)
	at org.apache.coyote.http11.Http11Processor.service(Http11Processor.java:390)
	at org.apache.coyote.AbstractProcessorLight.process(AbstractProcessorLight.java:63)
	at org.apache.coyote.AbstractProtocol$ConnectionHandler.process(AbstractProtocol.java:928)
	at org.apache.tomcat.util.net.NioEndpoint$SocketProcessor.doRun(NioEndpoint.java:1794)
	at org.apache.tomcat.util.net.SocketProcessorBase.run(SocketProcessorBase.java:52)
	at org.apache.tomcat.util.threads.ThreadPoolExecutor.runWorker(ThreadPoolExecutor.java:1191)
	at org.apache.tomcat.util.threads.ThreadPoolExecutor$Worker.run(ThreadPoolExecutor.java:659)
	at org.apache.tomcat.util.threads.TaskThread$WrappingRunnable.run(TaskThread.java:61)
	at java.base/java.lang.Thread.run(Thread.java:840)

[2025-04-19T18:50:44.326884435] Attempting to download learning path from URL: http://localhost:8000/learning_path/1/78
[2025-04-19T18:50:44.327080845] Target save location: /home/farhan/Documents/workspace-spring-tool-suite-4-4.29.1.RELEASE/aiplp-spring/src/main/resources/static/data/data/learning_paths/1_78_path.json
[2025-04-19T18:50:44.327536021] Detailed error downloading learning path for user 1, course 78:
[2025-04-19T18:50:44.327662131] Error message: Connection refused
[2025-04-19T18:50:44.327719122] Error type: java.net.ConnectException
[2025-04-19T18:50:44.328150778] Full error stack trace:
[2025-04-19T18:50:44.328219253] java.net.ConnectException: Connection refused
	at java.base/sun.nio.ch.Net.connect0(Native Method)
	at java.base/sun.nio.ch.Net.connect(Net.java:579)
	at java.base/sun.nio.ch.Net.connect(Net.java:568)
	at java.base/sun.nio.ch.NioSocketImpl.connect(NioSocketImpl.java:593)
	at java.base/java.net.Socket.connect(Socket.java:633)
	at java.base/java.net.Socket.connect(Socket.java:583)
	at java.base/sun.net.NetworkClient.doConnect(NetworkClient.java:183)
	at java.base/sun.net.www.http.HttpClient.openServer(HttpClient.java:533)
	at java.base/sun.net.www.http.HttpClient.openServer(HttpClient.java:638)
	at java.base/sun.net.www.http.HttpClient.<init>(HttpClient.java:281)
	at java.base/sun.net.www.http.HttpClient.New(HttpClient.java:386)
	at java.base/sun.net.www.http.HttpClient.New(HttpClient.java:408)
	at java.base/sun.net.www.protocol.http.HttpURLConnection.getNewHttpClient(HttpURLConnection.java:1324)
	at java.base/sun.net.www.protocol.http.HttpURLConnection.plainConnect0(HttpURLConnection.java:1257)
	at java.base/sun.net.www.protocol.http.HttpURLConnection.plainConnect(HttpURLConnection.java:1143)
	at java.base/sun.net.www.protocol.http.HttpURLConnection.connect(HttpURLConnection.java:1072)
	at java.base/sun.net.www.protocol.http.HttpURLConnection.getInputStream0(HttpURLConnection.java:1702)
	at java.base/sun.net.www.protocol.http.HttpURLConnection.getInputStream(HttpURLConnection.java:1626)
	at java.base/java.net.URL.openStream(URL.java:1161)
	at com.example.demo.service.LearningPathVerificationService.downloadLearningPath(LearningPathVerificationService.java:88)
	at com.example.demo.service.LearningPathVerificationService.verifyAndFetchLearningPaths(LearningPathVerificationService.java:194)
	at com.example.demo.web.LearningPathController.verifyLearningPaths(LearningPathController.java:49)
	at java.base/jdk.internal.reflect.NativeMethodAccessorImpl.invoke0(Native Method)
	at java.base/jdk.internal.reflect.NativeMethodAccessorImpl.invoke(NativeMethodAccessorImpl.java:77)
	at java.base/jdk.internal.reflect.DelegatingMethodAccessorImpl.invoke(DelegatingMethodAccessorImpl.java:43)
	at java.base/java.lang.reflect.Method.invoke(Method.java:569)
	at org.springframework.web.method.support.InvocableHandlerMethod.doInvoke(InvocableHandlerMethod.java:205)
	at org.springframework.web.method.support.InvocableHandlerMethod.invokeForRequest(InvocableHandlerMethod.java:150)
	at org.springframework.web.servlet.mvc.method.annotation.ServletInvocableHandlerMethod.invokeAndHandle(ServletInvocableHandlerMethod.java:117)
	at org.springframework.web.servlet.mvc.method.annotation.RequestMappingHandlerAdapter.invokeHandlerMethod(RequestMappingHandlerAdapter.java:895)
	at org.springframework.web.servlet.mvc.method.annotation.RequestMappingHandlerAdapter.handleInternal(RequestMappingHandlerAdapter.java:808)
	at org.springframework.web.servlet.mvc.method.AbstractHandlerMethodAdapter.handle(AbstractHandlerMethodAdapter.java:87)
	at org.springframework.web.servlet.DispatcherServlet.doDispatch(DispatcherServlet.java:1072)
	at org.springframework.web.servlet.DispatcherServlet.doService(DispatcherServlet.java:965)
	at org.springframework.web.servlet.FrameworkServlet.processRequest(FrameworkServlet.java:1006)
	at org.springframework.web.servlet.FrameworkServlet.doPost(FrameworkServlet.java:909)
	at javax.servlet.http.HttpServlet.service(HttpServlet.java:555)
	at org.springframework.web.servlet.FrameworkServlet.service(FrameworkServlet.java:883)
	at javax.servlet.http.HttpServlet.service(HttpServlet.java:623)
	at org.apache.catalina.core.ApplicationFilterChain.internalDoFilter(ApplicationFilterChain.java:209)
	at org.apache.catalina.core.ApplicationFilterChain.doFilter(ApplicationFilterChain.java:153)
	at org.apache.tomcat.websocket.server.WsFilter.doFilter(WsFilter.java:51)
	at org.apache.catalina.core.ApplicationFilterChain.internalDoFilter(ApplicationFilterChain.java:178)
	at org.apache.catalina.core.ApplicationFilterChain.doFilter(ApplicationFilterChain.java:153)
	at org.springframework.security.web.FilterChainProxy$VirtualFilterChain.doFilter(FilterChainProxy.java:337)
	at org.springframework.security.web.access.intercept.FilterSecurityInterceptor.invoke(FilterSecurityInterceptor.java:115)
	at org.springframework.security.web.access.intercept.FilterSecurityInterceptor.doFilter(FilterSecurityInterceptor.java:81)
	at org.springframework.security.web.FilterChainProxy$VirtualFilterChain.doFilter(FilterChainProxy.java:346)
	at org.springframework.security.web.access.ExceptionTranslationFilter.doFilter(ExceptionTranslationFilter.java:122)
	at org.springframework.security.web.access.ExceptionTranslationFilter.doFilter(ExceptionTranslationFilter.java:116)
	at org.springframework.security.web.FilterChainProxy$VirtualFilterChain.doFilter(FilterChainProxy.java:346)
	at org.springframework.security.web.session.SessionManagementFilter.doFilter(SessionManagementFilter.java:126)
	at org.springframework.security.web.session.SessionManagementFilter.doFilter(SessionManagementFilter.java:81)
	at org.springframework.security.web.FilterChainProxy$VirtualFilterChain.doFilter(FilterChainProxy.java:346)
	at org.springframework.security.web.authentication.AnonymousAuthenticationFilter.doFilter(AnonymousAuthenticationFilter.java:109)
	at org.springframework.security.web.FilterChainProxy$VirtualFilterChain.doFilter(FilterChainProxy.java:346)
	at org.springframework.security.web.servletapi.SecurityContextHolderAwareRequestFilter.doFilter(SecurityContextHolderAwareRequestFilter.java:149)
	at org.springframework.security.web.FilterChainProxy$VirtualFilterChain.doFilter(FilterChainProxy.java:346)
	at org.springframework.security.web.savedrequest.RequestCacheAwareFilter.doFilter(RequestCacheAwareFilter.java:63)
	at org.springframework.security.web.FilterChainProxy$VirtualFilterChain.doFilter(FilterChainProxy.java:346)
	at org.springframework.security.web.session.ConcurrentSessionFilter.doFilter(ConcurrentSessionFilter.java:147)
	at org.springframework.security.web.session.ConcurrentSessionFilter.doFilter(ConcurrentSessionFilter.java:125)
	at org.springframework.security.web.FilterChainProxy$VirtualFilterChain.doFilter(FilterChainProxy.java:346)
	at org.springframework.security.web.authentication.AbstractAuthenticationProcessingFilter.doFilter(AbstractAuthenticationProcessingFilter.java:223)
	at org.springframework.security.web.authentication.AbstractAuthenticationProcessingFilter.doFilter(AbstractAuthenticationProcessingFilter.java:217)
	at org.springframework.security.web.FilterChainProxy$VirtualFilterChain.doFilter(FilterChainProxy.java:346)
	at org.springframework.security.web.authentication.logout.LogoutFilter.doFilter(LogoutFilter.java:103)
	at org.springframework.security.web.authentication.logout.LogoutFilter.doFilter(LogoutFilter.java:89)
	at org.springframework.security.web.FilterChainProxy$VirtualFilterChain.doFilter(FilterChainProxy.java:346)
	at org.springframework.security.web.header.HeaderWriterFilter.doHeadersAfter(HeaderWriterFilter.java:90)
	at org.springframework.security.web.header.HeaderWriterFilter.doFilterInternal(HeaderWriterFilter.java:75)
	at org.springframework.web.filter.OncePerRequestFilter.doFilter(OncePerRequestFilter.java:117)
	at org.springframework.security.web.FilterChainProxy$VirtualFilterChain.doFilter(FilterChainProxy.java:346)
	at org.springframework.security.web.context.SecurityContextPersistenceFilter.doFilter(SecurityContextPersistenceFilter.java:112)
	at org.springframework.security.web.context.SecurityContextPersistenceFilter.doFilter(SecurityContextPersistenceFilter.java:82)
	at org.springframework.security.web.FilterChainProxy$VirtualFilterChain.doFilter(FilterChainProxy.java:346)
	at org.springframework.security.web.context.request.async.WebAsyncManagerIntegrationFilter.doFilterInternal(WebAsyncManagerIntegrationFilter.java:55)
	at org.springframework.web.filter.OncePerRequestFilter.doFilter(OncePerRequestFilter.java:117)
	at org.springframework.security.web.FilterChainProxy$VirtualFilterChain.doFilter(FilterChainProxy.java:346)
	at org.springframework.security.web.session.DisableEncodeUrlFilter.doFilterInternal(DisableEncodeUrlFilter.java:42)
	at org.springframework.web.filter.OncePerRequestFilter.doFilter(OncePerRequestFilter.java:117)
	at org.springframework.security.web.FilterChainProxy$VirtualFilterChain.doFilter(FilterChainProxy.java:346)
	at org.springframework.security.web.FilterChainProxy.doFilterInternal(FilterChainProxy.java:221)
	at org.springframework.security.web.FilterChainProxy.doFilter(FilterChainProxy.java:186)
	at org.springframework.web.filter.DelegatingFilterProxy.invokeDelegate(DelegatingFilterProxy.java:354)
	at org.springframework.web.filter.DelegatingFilterProxy.doFilter(DelegatingFilterProxy.java:267)
	at org.apache.catalina.core.ApplicationFilterChain.internalDoFilter(ApplicationFilterChain.java:178)
	at org.apache.catalina.core.ApplicationFilterChain.doFilter(ApplicationFilterChain.java:153)
	at org.springframework.web.filter.RequestContextFilter.doFilterInternal(RequestContextFilter.java:100)
	at org.springframework.web.filter.OncePerRequestFilter.doFilter(OncePerRequestFilter.java:117)
	at org.apache.catalina.core.ApplicationFilterChain.internalDoFilter(ApplicationFilterChain.java:178)
	at org.apache.catalina.core.ApplicationFilterChain.doFilter(ApplicationFilterChain.java:153)
	at org.springframework.web.filter.FormContentFilter.doFilterInternal(FormContentFilter.java:93)
	at org.springframework.web.filter.OncePerRequestFilter.doFilter(OncePerRequestFilter.java:117)
	at org.apache.catalina.core.ApplicationFilterChain.internalDoFilter(ApplicationFilterChain.java:178)
	at org.apache.catalina.core.ApplicationFilterChain.doFilter(ApplicationFilterChain.java:153)
	at org.springframework.web.filter.CharacterEncodingFilter.doFilterInternal(CharacterEncodingFilter.java:201)
	at org.springframework.web.filter.OncePerRequestFilter.doFilter(OncePerRequestFilter.java:117)
	at org.apache.catalina.core.ApplicationFilterChain.internalDoFilter(ApplicationFilterChain.java:178)
	at org.apache.catalina.core.ApplicationFilterChain.doFilter(ApplicationFilterChain.java:153)
	at org.apache.catalina.core.StandardWrapperValve.invoke(StandardWrapperValve.java:168)
	at org.apache.catalina.core.StandardContextValve.invoke(StandardContextValve.java:90)
	at org.apache.catalina.authenticator.AuthenticatorBase.invoke(AuthenticatorBase.java:481)
	at org.apache.catalina.core.StandardHostValve.invoke(StandardHostValve.java:130)
	at org.apache.catalina.valves.ErrorReportValve.invoke(ErrorReportValve.java:93)
	at org.apache.catalina.core.StandardEngineValve.invoke(StandardEngineValve.java:74)
	at org.apache.catalina.connector.CoyoteAdapter.service(CoyoteAdapter.java:342)
	at org.apache.coyote.http11.Http11Processor.service(Http11Processor.java:390)
	at org.apache.coyote.AbstractProcessorLight.process(AbstractProcessorLight.java:63)
	at org.apache.coyote.AbstractProtocol$ConnectionHandler.process(AbstractProtocol.java:928)
	at org.apache.tomcat.util.net.NioEndpoint$SocketProcessor.doRun(NioEndpoint.java:1794)
	at org.apache.tomcat.util.net.SocketProcessorBase.run(SocketProcessorBase.java:52)
	at org.apache.tomcat.util.threads.ThreadPoolExecutor.runWorker(ThreadPoolExecutor.java:1191)
	at org.apache.tomcat.util.threads.ThreadPoolExecutor$Worker.run(ThreadPoolExecutor.java:659)
	at org.apache.tomcat.util.threads.TaskThread$WrappingRunnable.run(TaskThread.java:61)
	at java.base/java.lang.Thread.run(Thread.java:840)

[2025-04-19T18:50:44.331426745] Attempting to download learning path from URL: http://localhost:8000/learning_path/1/79
[2025-04-19T18:50:44.33165535] Target save location: /home/farhan/Documents/workspace-spring-tool-suite-4-4.29.1.RELEASE/aiplp-spring/src/main/resources/static/data/data/learning_paths/1_79_path.json
[2025-04-19T18:50:44.332211924] Detailed error downloading learning path for user 1, course 79:
[2025-04-19T18:50:44.332316617] Error message: Connection refused
[2025-04-19T18:50:44.332373269] Error type: java.net.ConnectException
[2025-04-19T18:50:44.332743406] Full error stack trace:
[2025-04-19T18:50:44.332842479] java.net.ConnectException: Connection refused
	at java.base/sun.nio.ch.Net.connect0(Native Method)
	at java.base/sun.nio.ch.Net.connect(Net.java:579)
	at java.base/sun.nio.ch.Net.connect(Net.java:568)
	at java.base/sun.nio.ch.NioSocketImpl.connect(NioSocketImpl.java:593)
	at java.base/java.net.Socket.connect(Socket.java:633)
	at java.base/java.net.Socket.connect(Socket.java:583)
	at java.base/sun.net.NetworkClient.doConnect(NetworkClient.java:183)
	at java.base/sun.net.www.http.HttpClient.openServer(HttpClient.java:533)
	at java.base/sun.net.www.http.HttpClient.openServer(HttpClient.java:638)
	at java.base/sun.net.www.http.HttpClient.<init>(HttpClient.java:281)
	at java.base/sun.net.www.http.HttpClient.New(HttpClient.java:386)
	at java.base/sun.net.www.http.HttpClient.New(HttpClient.java:408)
	at java.base/sun.net.www.protocol.http.HttpURLConnection.getNewHttpClient(HttpURLConnection.java:1324)
	at java.base/sun.net.www.protocol.http.HttpURLConnection.plainConnect0(HttpURLConnection.java:1257)
	at java.base/sun.net.www.protocol.http.HttpURLConnection.plainConnect(HttpURLConnection.java:1143)
	at java.base/sun.net.www.protocol.http.HttpURLConnection.connect(HttpURLConnection.java:1072)
	at java.base/sun.net.www.protocol.http.HttpURLConnection.getInputStream0(HttpURLConnection.java:1702)
	at java.base/sun.net.www.protocol.http.HttpURLConnection.getInputStream(HttpURLConnection.java:1626)
	at java.base/java.net.URL.openStream(URL.java:1161)
	at com.example.demo.service.LearningPathVerificationService.downloadLearningPath(LearningPathVerificationService.java:88)
	at com.example.demo.service.LearningPathVerificationService.verifyAndFetchLearningPaths(LearningPathVerificationService.java:194)
	at com.example.demo.web.LearningPathController.verifyLearningPaths(LearningPathController.java:49)
	at java.base/jdk.internal.reflect.NativeMethodAccessorImpl.invoke0(Native Method)
	at java.base/jdk.internal.reflect.NativeMethodAccessorImpl.invoke(NativeMethodAccessorImpl.java:77)
	at java.base/jdk.internal.reflect.DelegatingMethodAccessorImpl.invoke(DelegatingMethodAccessorImpl.java:43)
	at java.base/java.lang.reflect.Method.invoke(Method.java:569)
	at org.springframework.web.method.support.InvocableHandlerMethod.doInvoke(InvocableHandlerMethod.java:205)
	at org.springframework.web.method.support.InvocableHandlerMethod.invokeForRequest(InvocableHandlerMethod.java:150)
	at org.springframework.web.servlet.mvc.method.annotation.ServletInvocableHandlerMethod.invokeAndHandle(ServletInvocableHandlerMethod.java:117)
	at org.springframework.web.servlet.mvc.method.annotation.RequestMappingHandlerAdapter.invokeHandlerMethod(RequestMappingHandlerAdapter.java:895)
	at org.springframework.web.servlet.mvc.method.annotation.RequestMappingHandlerAdapter.handleInternal(RequestMappingHandlerAdapter.java:808)
	at org.springframework.web.servlet.mvc.method.AbstractHandlerMethodAdapter.handle(AbstractHandlerMethodAdapter.java:87)
	at org.springframework.web.servlet.DispatcherServlet.doDispatch(DispatcherServlet.java:1072)
	at org.springframework.web.servlet.DispatcherServlet.doService(DispatcherServlet.java:965)
	at org.springframework.web.servlet.FrameworkServlet.processRequest(FrameworkServlet.java:1006)
	at org.springframework.web.servlet.FrameworkServlet.doPost(FrameworkServlet.java:909)
	at javax.servlet.http.HttpServlet.service(HttpServlet.java:555)
	at org.springframework.web.servlet.FrameworkServlet.service(FrameworkServlet.java:883)
	at javax.servlet.http.HttpServlet.service(HttpServlet.java:623)
	at org.apache.catalina.core.ApplicationFilterChain.internalDoFilter(ApplicationFilterChain.java:209)
	at org.apache.catalina.core.ApplicationFilterChain.doFilter(ApplicationFilterChain.java:153)
	at org.apache.tomcat.websocket.server.WsFilter.doFilter(WsFilter.java:51)
	at org.apache.catalina.core.ApplicationFilterChain.internalDoFilter(ApplicationFilterChain.java:178)
	at org.apache.catalina.core.ApplicationFilterChain.doFilter(ApplicationFilterChain.java:153)
	at org.springframework.security.web.FilterChainProxy$VirtualFilterChain.doFilter(FilterChainProxy.java:337)
	at org.springframework.security.web.access.intercept.FilterSecurityInterceptor.invoke(FilterSecurityInterceptor.java:115)
	at org.springframework.security.web.access.intercept.FilterSecurityInterceptor.doFilter(FilterSecurityInterceptor.java:81)
	at org.springframework.security.web.FilterChainProxy$VirtualFilterChain.doFilter(FilterChainProxy.java:346)
	at org.springframework.security.web.access.ExceptionTranslationFilter.doFilter(ExceptionTranslationFilter.java:122)
	at org.springframework.security.web.access.ExceptionTranslationFilter.doFilter(ExceptionTranslationFilter.java:116)
	at org.springframework.security.web.FilterChainProxy$VirtualFilterChain.doFilter(FilterChainProxy.java:346)
	at org.springframework.security.web.session.SessionManagementFilter.doFilter(SessionManagementFilter.java:126)
	at org.springframework.security.web.session.SessionManagementFilter.doFilter(SessionManagementFilter.java:81)
	at org.springframework.security.web.FilterChainProxy$VirtualFilterChain.doFilter(FilterChainProxy.java:346)
	at org.springframework.security.web.authentication.AnonymousAuthenticationFilter.doFilter(AnonymousAuthenticationFilter.java:109)
	at org.springframework.security.web.FilterChainProxy$VirtualFilterChain.doFilter(FilterChainProxy.java:346)
	at org.springframework.security.web.servletapi.SecurityContextHolderAwareRequestFilter.doFilter(SecurityContextHolderAwareRequestFilter.java:149)
	at org.springframework.security.web.FilterChainProxy$VirtualFilterChain.doFilter(FilterChainProxy.java:346)
	at org.springframework.security.web.savedrequest.RequestCacheAwareFilter.doFilter(RequestCacheAwareFilter.java:63)
	at org.springframework.security.web.FilterChainProxy$VirtualFilterChain.doFilter(FilterChainProxy.java:346)
	at org.springframework.security.web.session.ConcurrentSessionFilter.doFilter(ConcurrentSessionFilter.java:147)
	at org.springframework.security.web.session.ConcurrentSessionFilter.doFilter(ConcurrentSessionFilter.java:125)
	at org.springframework.security.web.FilterChainProxy$VirtualFilterChain.doFilter(FilterChainProxy.java:346)
	at org.springframework.security.web.authentication.AbstractAuthenticationProcessingFilter.doFilter(AbstractAuthenticationProcessingFilter.java:223)
	at org.springframework.security.web.authentication.AbstractAuthenticationProcessingFilter.doFilter(AbstractAuthenticationProcessingFilter.java:217)
	at org.springframework.security.web.FilterChainProxy$VirtualFilterChain.doFilter(FilterChainProxy.java:346)
	at org.springframework.security.web.authentication.logout.LogoutFilter.doFilter(LogoutFilter.java:103)
	at org.springframework.security.web.authentication.logout.LogoutFilter.doFilter(LogoutFilter.java:89)
	at org.springframework.security.web.FilterChainProxy$VirtualFilterChain.doFilter(FilterChainProxy.java:346)
	at org.springframework.security.web.header.HeaderWriterFilter.doHeadersAfter(HeaderWriterFilter.java:90)
	at org.springframework.security.web.header.HeaderWriterFilter.doFilterInternal(HeaderWriterFilter.java:75)
	at org.springframework.web.filter.OncePerRequestFilter.doFilter(OncePerRequestFilter.java:117)
	at org.springframework.security.web.FilterChainProxy$VirtualFilterChain.doFilter(FilterChainProxy.java:346)
	at org.springframework.security.web.context.SecurityContextPersistenceFilter.doFilter(SecurityContextPersistenceFilter.java:112)
	at org.springframework.security.web.context.SecurityContextPersistenceFilter.doFilter(SecurityContextPersistenceFilter.java:82)
	at org.springframework.security.web.FilterChainProxy$VirtualFilterChain.doFilter(FilterChainProxy.java:346)
	at org.springframework.security.web.context.request.async.WebAsyncManagerIntegrationFilter.doFilterInternal(WebAsyncManagerIntegrationFilter.java:55)
	at org.springframework.web.filter.OncePerRequestFilter.doFilter(OncePerRequestFilter.java:117)
	at org.springframework.security.web.FilterChainProxy$VirtualFilterChain.doFilter(FilterChainProxy.java:346)
	at org.springframework.security.web.session.DisableEncodeUrlFilter.doFilterInternal(DisableEncodeUrlFilter.java:42)
	at org.springframework.web.filter.OncePerRequestFilter.doFilter(OncePerRequestFilter.java:117)
	at org.springframework.security.web.FilterChainProxy$VirtualFilterChain.doFilter(FilterChainProxy.java:346)
	at org.springframework.security.web.FilterChainProxy.doFilterInternal(FilterChainProxy.java:221)
	at org.springframework.security.web.FilterChainProxy.doFilter(FilterChainProxy.java:186)
	at org.springframework.web.filter.DelegatingFilterProxy.invokeDelegate(DelegatingFilterProxy.java:354)
	at org.springframework.web.filter.DelegatingFilterProxy.doFilter(DelegatingFilterProxy.java:267)
	at org.apache.catalina.core.ApplicationFilterChain.internalDoFilter(ApplicationFilterChain.java:178)
	at org.apache.catalina.core.ApplicationFilterChain.doFilter(ApplicationFilterChain.java:153)
	at org.springframework.web.filter.RequestContextFilter.doFilterInternal(RequestContextFilter.java:100)
	at org.springframework.web.filter.OncePerRequestFilter.doFilter(OncePerRequestFilter.java:117)
	at org.apache.catalina.core.ApplicationFilterChain.internalDoFilter(ApplicationFilterChain.java:178)
	at org.apache.catalina.core.ApplicationFilterChain.doFilter(ApplicationFilterChain.java:153)
	at org.springframework.web.filter.FormContentFilter.doFilterInternal(FormContentFilter.java:93)
	at org.springframework.web.filter.OncePerRequestFilter.doFilter(OncePerRequestFilter.java:117)
	at org.apache.catalina.core.ApplicationFilterChain.internalDoFilter(ApplicationFilterChain.java:178)
	at org.apache.catalina.core.ApplicationFilterChain.doFilter(ApplicationFilterChain.java:153)
	at org.springframework.web.filter.CharacterEncodingFilter.doFilterInternal(CharacterEncodingFilter.java:201)
	at org.springframework.web.filter.OncePerRequestFilter.doFilter(OncePerRequestFilter.java:117)
	at org.apache.catalina.core.ApplicationFilterChain.internalDoFilter(ApplicationFilterChain.java:178)
	at org.apache.catalina.core.ApplicationFilterChain.doFilter(ApplicationFilterChain.java:153)
	at org.apache.catalina.core.StandardWrapperValve.invoke(StandardWrapperValve.java:168)
	at org.apache.catalina.core.StandardContextValve.invoke(StandardContextValve.java:90)
	at org.apache.catalina.authenticator.AuthenticatorBase.invoke(AuthenticatorBase.java:481)
	at org.apache.catalina.core.StandardHostValve.invoke(StandardHostValve.java:130)
	at org.apache.catalina.valves.ErrorReportValve.invoke(ErrorReportValve.java:93)
	at org.apache.catalina.core.StandardEngineValve.invoke(StandardEngineValve.java:74)
	at org.apache.catalina.connector.CoyoteAdapter.service(CoyoteAdapter.java:342)
	at org.apache.coyote.http11.Http11Processor.service(Http11Processor.java:390)
	at org.apache.coyote.AbstractProcessorLight.process(AbstractProcessorLight.java:63)
	at org.apache.coyote.AbstractProtocol$ConnectionHandler.process(AbstractProtocol.java:928)
	at org.apache.tomcat.util.net.NioEndpoint$SocketProcessor.doRun(NioEndpoint.java:1794)
	at org.apache.tomcat.util.net.SocketProcessorBase.run(SocketProcessorBase.java:52)
	at org.apache.tomcat.util.threads.ThreadPoolExecutor.runWorker(ThreadPoolExecutor.java:1191)
	at org.apache.tomcat.util.threads.ThreadPoolExecutor$Worker.run(ThreadPoolExecutor.java:659)
	at org.apache.tomcat.util.threads.TaskThread$WrappingRunnable.run(TaskThread.java:61)
	at java.base/java.lang.Thread.run(Thread.java:840)

[2025-04-19T18:50:44.33374755] Failed to download all learning paths for user 1
[2025-04-19T18:51:13.929727227] Starting comprehensive learning path verification for user 1
[2025-04-19T18:51:13.930265244] Checking path for user 1, course 77: NOT FOUND
[2025-04-19T18:51:13.930344532] Checking path for user 1, course 78: NOT FOUND
[2025-04-19T18:51:13.930410343] Checking path for user 1, course 79: NOT FOUND
[2025-04-19T18:51:13.930457569] Starting download of missing learning paths for user 1: [77, 78, 79]
[2025-04-19T18:51:13.930587188] Attempting to download learning path from URL: http://localhost:8000/learning_path/1/77
[2025-04-19T18:51:13.9306414] Target save location: /home/farhan/Documents/workspace-spring-tool-suite-4-4.29.1.RELEASE/aiplp-spring/src/main/resources/static/data/data/learning_paths/1_77_path.json
[2025-04-19T18:53:01.272517854] Detailed error downloading learning path for user 1, course 77:
[2025-04-19T18:53:01.272835515] Error message: Connection refused
[2025-04-19T18:53:01.272924992] Error type: java.net.ConnectException
[2025-04-19T18:53:01.273448353] Full error stack trace:
[2025-04-19T18:53:01.273550554] java.net.ConnectException: Connection refused
	at java.base/sun.nio.ch.Net.connect0(Native Method)
	at java.base/sun.nio.ch.Net.connect(Net.java:579)
	at java.base/sun.nio.ch.Net.connect(Net.java:568)
	at java.base/sun.nio.ch.NioSocketImpl.connect(NioSocketImpl.java:593)
	at java.base/java.net.Socket.connect(Socket.java:633)
	at java.base/java.net.Socket.connect(Socket.java:583)
	at java.base/sun.net.NetworkClient.doConnect(NetworkClient.java:183)
	at java.base/sun.net.www.http.HttpClient.openServer(HttpClient.java:533)
	at java.base/sun.net.www.http.HttpClient.openServer(HttpClient.java:638)
	at java.base/sun.net.www.http.HttpClient.parseHTTPHeader(HttpClient.java:947)
	at java.base/sun.net.www.http.HttpClient.parseHTTP(HttpClient.java:761)
	at java.base/sun.net.www.protocol.http.HttpURLConnection.getInputStream0(HttpURLConnection.java:1725)
	at java.base/sun.net.www.protocol.http.HttpURLConnection.getInputStream(HttpURLConnection.java:1626)
	at java.base/java.net.URL.openStream(URL.java:1161)
	at com.example.demo.service.LearningPathVerificationService.downloadLearningPath(LearningPathVerificationService.java:88)
	at com.example.demo.service.LearningPathVerificationService.verifyAndFetchLearningPaths(LearningPathVerificationService.java:194)
	at com.example.demo.web.LearningPathController.verifyLearningPaths(LearningPathController.java:49)
	at java.base/jdk.internal.reflect.NativeMethodAccessorImpl.invoke0(Native Method)
	at java.base/jdk.internal.reflect.NativeMethodAccessorImpl.invoke(NativeMethodAccessorImpl.java:77)
	at java.base/jdk.internal.reflect.DelegatingMethodAccessorImpl.invoke(DelegatingMethodAccessorImpl.java:43)
	at java.base/java.lang.reflect.Method.invoke(Method.java:569)
	at org.springframework.web.method.support.InvocableHandlerMethod.doInvoke(InvocableHandlerMethod.java:205)
	at org.springframework.web.method.support.InvocableHandlerMethod.invokeForRequest(InvocableHandlerMethod.java:150)
	at org.springframework.web.servlet.mvc.method.annotation.ServletInvocableHandlerMethod.invokeAndHandle(ServletInvocableHandlerMethod.java:117)
	at org.springframework.web.servlet.mvc.method.annotation.RequestMappingHandlerAdapter.invokeHandlerMethod(RequestMappingHandlerAdapter.java:895)
	at org.springframework.web.servlet.mvc.method.annotation.RequestMappingHandlerAdapter.handleInternal(RequestMappingHandlerAdapter.java:808)
	at org.springframework.web.servlet.mvc.method.AbstractHandlerMethodAdapter.handle(AbstractHandlerMethodAdapter.java:87)
	at org.springframework.web.servlet.DispatcherServlet.doDispatch(DispatcherServlet.java:1072)
	at org.springframework.web.servlet.DispatcherServlet.doService(DispatcherServlet.java:965)
	at org.springframework.web.servlet.FrameworkServlet.processRequest(FrameworkServlet.java:1006)
	at org.springframework.web.servlet.FrameworkServlet.doPost(FrameworkServlet.java:909)
	at javax.servlet.http.HttpServlet.service(HttpServlet.java:555)
	at org.springframework.web.servlet.FrameworkServlet.service(FrameworkServlet.java:883)
	at javax.servlet.http.HttpServlet.service(HttpServlet.java:623)
	at org.apache.catalina.core.ApplicationFilterChain.internalDoFilter(ApplicationFilterChain.java:209)
	at org.apache.catalina.core.ApplicationFilterChain.doFilter(ApplicationFilterChain.java:153)
	at org.apache.tomcat.websocket.server.WsFilter.doFilter(WsFilter.java:51)
	at org.apache.catalina.core.ApplicationFilterChain.internalDoFilter(ApplicationFilterChain.java:178)
	at org.apache.catalina.core.ApplicationFilterChain.doFilter(ApplicationFilterChain.java:153)
	at org.springframework.security.web.FilterChainProxy$VirtualFilterChain.doFilter(FilterChainProxy.java:337)
	at org.springframework.security.web.access.intercept.FilterSecurityInterceptor.invoke(FilterSecurityInterceptor.java:115)
	at org.springframework.security.web.access.intercept.FilterSecurityInterceptor.doFilter(FilterSecurityInterceptor.java:81)
	at org.springframework.security.web.FilterChainProxy$VirtualFilterChain.doFilter(FilterChainProxy.java:346)
	at org.springframework.security.web.access.ExceptionTranslationFilter.doFilter(ExceptionTranslationFilter.java:122)
	at org.springframework.security.web.access.ExceptionTranslationFilter.doFilter(ExceptionTranslationFilter.java:116)
	at org.springframework.security.web.FilterChainProxy$VirtualFilterChain.doFilter(FilterChainProxy.java:346)
	at org.springframework.security.web.session.SessionManagementFilter.doFilter(SessionManagementFilter.java:126)
	at org.springframework.security.web.session.SessionManagementFilter.doFilter(SessionManagementFilter.java:81)
	at org.springframework.security.web.FilterChainProxy$VirtualFilterChain.doFilter(FilterChainProxy.java:346)
	at org.springframework.security.web.authentication.AnonymousAuthenticationFilter.doFilter(AnonymousAuthenticationFilter.java:109)
	at org.springframework.security.web.FilterChainProxy$VirtualFilterChain.doFilter(FilterChainProxy.java:346)
	at org.springframework.security.web.servletapi.SecurityContextHolderAwareRequestFilter.doFilter(SecurityContextHolderAwareRequestFilter.java:149)
	at org.springframework.security.web.FilterChainProxy$VirtualFilterChain.doFilter(FilterChainProxy.java:346)
	at org.springframework.security.web.savedrequest.RequestCacheAwareFilter.doFilter(RequestCacheAwareFilter.java:63)
	at org.springframework.security.web.FilterChainProxy$VirtualFilterChain.doFilter(FilterChainProxy.java:346)
	at org.springframework.security.web.session.ConcurrentSessionFilter.doFilter(ConcurrentSessionFilter.java:147)
	at org.springframework.security.web.session.ConcurrentSessionFilter.doFilter(ConcurrentSessionFilter.java:125)
	at org.springframework.security.web.FilterChainProxy$VirtualFilterChain.doFilter(FilterChainProxy.java:346)
	at org.springframework.security.web.authentication.AbstractAuthenticationProcessingFilter.doFilter(AbstractAuthenticationProcessingFilter.java:223)
	at org.springframework.security.web.authentication.AbstractAuthenticationProcessingFilter.doFilter(AbstractAuthenticationProcessingFilter.java:217)
	at org.springframework.security.web.FilterChainProxy$VirtualFilterChain.doFilter(FilterChainProxy.java:346)
	at org.springframework.security.web.authentication.logout.LogoutFilter.doFilter(LogoutFilter.java:103)
	at org.springframework.security.web.authentication.logout.LogoutFilter.doFilter(LogoutFilter.java:89)
	at org.springframework.security.web.FilterChainProxy$VirtualFilterChain.doFilter(FilterChainProxy.java:346)
	at org.springframework.security.web.header.HeaderWriterFilter.doHeadersAfter(HeaderWriterFilter.java:90)
	at org.springframework.security.web.header.HeaderWriterFilter.doFilterInternal(HeaderWriterFilter.java:75)
	at org.springframework.web.filter.OncePerRequestFilter.doFilter(OncePerRequestFilter.java:117)
	at org.springframework.security.web.FilterChainProxy$VirtualFilterChain.doFilter(FilterChainProxy.java:346)
	at org.springframework.security.web.context.SecurityContextPersistenceFilter.doFilter(SecurityContextPersistenceFilter.java:112)
	at org.springframework.security.web.context.SecurityContextPersistenceFilter.doFilter(SecurityContextPersistenceFilter.java:82)
	at org.springframework.security.web.FilterChainProxy$VirtualFilterChain.doFilter(FilterChainProxy.java:346)
	at org.springframework.security.web.context.request.async.WebAsyncManagerIntegrationFilter.doFilterInternal(WebAsyncManagerIntegrationFilter.java:55)
	at org.springframework.web.filter.OncePerRequestFilter.doFilter(OncePerRequestFilter.java:117)
	at org.springframework.security.web.FilterChainProxy$VirtualFilterChain.doFilter(FilterChainProxy.java:346)
	at org.springframework.security.web.session.DisableEncodeUrlFilter.doFilterInternal(DisableEncodeUrlFilter.java:42)
	at org.springframework.web.filter.OncePerRequestFilter.doFilter(OncePerRequestFilter.java:117)
	at org.springframework.security.web.FilterChainProxy$VirtualFilterChain.doFilter(FilterChainProxy.java:346)
	at org.springframework.security.web.FilterChainProxy.doFilterInternal(FilterChainProxy.java:221)
	at org.springframework.security.web.FilterChainProxy.doFilter(FilterChainProxy.java:186)
	at org.springframework.web.filter.DelegatingFilterProxy.invokeDelegate(DelegatingFilterProxy.java:354)
	at org.springframework.web.filter.DelegatingFilterProxy.doFilter(DelegatingFilterProxy.java:267)
	at org.apache.catalina.core.ApplicationFilterChain.internalDoFilter(ApplicationFilterChain.java:178)
	at org.apache.catalina.core.ApplicationFilterChain.doFilter(ApplicationFilterChain.java:153)
	at org.springframework.web.filter.RequestContextFilter.doFilterInternal(RequestContextFilter.java:100)
	at org.springframework.web.filter.OncePerRequestFilter.doFilter(OncePerRequestFilter.java:117)
	at org.apache.catalina.core.ApplicationFilterChain.internalDoFilter(ApplicationFilterChain.java:178)
	at org.apache.catalina.core.ApplicationFilterChain.doFilter(ApplicationFilterChain.java:153)
	at org.springframework.web.filter.FormContentFilter.doFilterInternal(FormContentFilter.java:93)
	at org.springframework.web.filter.OncePerRequestFilter.doFilter(OncePerRequestFilter.java:117)
	at org.apache.catalina.core.ApplicationFilterChain.internalDoFilter(ApplicationFilterChain.java:178)
	at org.apache.catalina.core.ApplicationFilterChain.doFilter(ApplicationFilterChain.java:153)
	at org.springframework.web.filter.CharacterEncodingFilter.doFilterInternal(CharacterEncodingFilter.java:201)
	at org.springframework.web.filter.OncePerRequestFilter.doFilter(OncePerRequestFilter.java:117)
	at org.apache.catalina.core.ApplicationFilterChain.internalDoFilter(ApplicationFilterChain.java:178)
	at org.apache.catalina.core.ApplicationFilterChain.doFilter(ApplicationFilterChain.java:153)
	at org.apache.catalina.core.StandardWrapperValve.invoke(StandardWrapperValve.java:168)
	at org.apache.catalina.core.StandardContextValve.invoke(StandardContextValve.java:90)
	at org.apache.catalina.authenticator.AuthenticatorBase.invoke(AuthenticatorBase.java:481)
	at org.apache.catalina.core.StandardHostValve.invoke(StandardHostValve.java:130)
	at org.apache.catalina.valves.ErrorReportValve.invoke(ErrorReportValve.java:93)
	at org.apache.catalina.core.StandardEngineValve.invoke(StandardEngineValve.java:74)
	at org.apache.catalina.connector.CoyoteAdapter.service(CoyoteAdapter.java:342)
	at org.apache.coyote.http11.Http11Processor.service(Http11Processor.java:390)
	at org.apache.coyote.AbstractProcessorLight.process(AbstractProcessorLight.java:63)
	at org.apache.coyote.AbstractProtocol$ConnectionHandler.process(AbstractProtocol.java:928)
	at org.apache.tomcat.util.net.NioEndpoint$SocketProcessor.doRun(NioEndpoint.java:1794)
	at org.apache.tomcat.util.net.SocketProcessorBase.run(SocketProcessorBase.java:52)
	at org.apache.tomcat.util.threads.ThreadPoolExecutor.runWorker(ThreadPoolExecutor.java:1191)
	at org.apache.tomcat.util.threads.ThreadPoolExecutor$Worker.run(ThreadPoolExecutor.java:659)
	at org.apache.tomcat.util.threads.TaskThread$WrappingRunnable.run(TaskThread.java:61)
	at java.base/java.lang.Thread.run(Thread.java:840)

[2025-04-19T18:53:01.274573585] Attempting to download learning path from URL: http://localhost:8000/learning_path/1/78
[2025-04-19T18:53:01.274658894] Target save location: /home/farhan/Documents/workspace-spring-tool-suite-4-4.29.1.RELEASE/aiplp-spring/src/main/resources/static/data/data/learning_paths/1_78_path.json
[2025-04-19T18:53:01.275083045] Detailed error downloading learning path for user 1, course 78:
[2025-04-19T18:53:01.275155542] Error message: Connection refused
[2025-04-19T18:53:01.27519136] Error type: java.net.ConnectException
[2025-04-19T18:53:01.275440009] Full error stack trace:
[2025-04-19T18:53:01.275483463] java.net.ConnectException: Connection refused
	at java.base/sun.nio.ch.Net.connect0(Native Method)
	at java.base/sun.nio.ch.Net.connect(Net.java:579)
	at java.base/sun.nio.ch.Net.connect(Net.java:568)
	at java.base/sun.nio.ch.NioSocketImpl.connect(NioSocketImpl.java:593)
	at java.base/java.net.Socket.connect(Socket.java:633)
	at java.base/java.net.Socket.connect(Socket.java:583)
	at java.base/sun.net.NetworkClient.doConnect(NetworkClient.java:183)
	at java.base/sun.net.www.http.HttpClient.openServer(HttpClient.java:533)
	at java.base/sun.net.www.http.HttpClient.openServer(HttpClient.java:638)
	at java.base/sun.net.www.http.HttpClient.<init>(HttpClient.java:281)
	at java.base/sun.net.www.http.HttpClient.New(HttpClient.java:386)
	at java.base/sun.net.www.http.HttpClient.New(HttpClient.java:408)
	at java.base/sun.net.www.protocol.http.HttpURLConnection.getNewHttpClient(HttpURLConnection.java:1324)
	at java.base/sun.net.www.protocol.http.HttpURLConnection.plainConnect0(HttpURLConnection.java:1257)
	at java.base/sun.net.www.protocol.http.HttpURLConnection.plainConnect(HttpURLConnection.java:1143)
	at java.base/sun.net.www.protocol.http.HttpURLConnection.connect(HttpURLConnection.java:1072)
	at java.base/sun.net.www.protocol.http.HttpURLConnection.getInputStream0(HttpURLConnection.java:1702)
	at java.base/sun.net.www.protocol.http.HttpURLConnection.getInputStream(HttpURLConnection.java:1626)
	at java.base/java.net.URL.openStream(URL.java:1161)
	at com.example.demo.service.LearningPathVerificationService.downloadLearningPath(LearningPathVerificationService.java:88)
	at com.example.demo.service.LearningPathVerificationService.verifyAndFetchLearningPaths(LearningPathVerificationService.java:194)
	at com.example.demo.web.LearningPathController.verifyLearningPaths(LearningPathController.java:49)
	at java.base/jdk.internal.reflect.NativeMethodAccessorImpl.invoke0(Native Method)
	at java.base/jdk.internal.reflect.NativeMethodAccessorImpl.invoke(NativeMethodAccessorImpl.java:77)
	at java.base/jdk.internal.reflect.DelegatingMethodAccessorImpl.invoke(DelegatingMethodAccessorImpl.java:43)
	at java.base/java.lang.reflect.Method.invoke(Method.java:569)
	at org.springframework.web.method.support.InvocableHandlerMethod.doInvoke(InvocableHandlerMethod.java:205)
	at org.springframework.web.method.support.InvocableHandlerMethod.invokeForRequest(InvocableHandlerMethod.java:150)
	at org.springframework.web.servlet.mvc.method.annotation.ServletInvocableHandlerMethod.invokeAndHandle(ServletInvocableHandlerMethod.java:117)
	at org.springframework.web.servlet.mvc.method.annotation.RequestMappingHandlerAdapter.invokeHandlerMethod(RequestMappingHandlerAdapter.java:895)
	at org.springframework.web.servlet.mvc.method.annotation.RequestMappingHandlerAdapter.handleInternal(RequestMappingHandlerAdapter.java:808)
	at org.springframework.web.servlet.mvc.method.AbstractHandlerMethodAdapter.handle(AbstractHandlerMethodAdapter.java:87)
	at org.springframework.web.servlet.DispatcherServlet.doDispatch(DispatcherServlet.java:1072)
	at org.springframework.web.servlet.DispatcherServlet.doService(DispatcherServlet.java:965)
	at org.springframework.web.servlet.FrameworkServlet.processRequest(FrameworkServlet.java:1006)
	at org.springframework.web.servlet.FrameworkServlet.doPost(FrameworkServlet.java:909)
	at javax.servlet.http.HttpServlet.service(HttpServlet.java:555)
	at org.springframework.web.servlet.FrameworkServlet.service(FrameworkServlet.java:883)
	at javax.servlet.http.HttpServlet.service(HttpServlet.java:623)
	at org.apache.catalina.core.ApplicationFilterChain.internalDoFilter(ApplicationFilterChain.java:209)
	at org.apache.catalina.core.ApplicationFilterChain.doFilter(ApplicationFilterChain.java:153)
	at org.apache.tomcat.websocket.server.WsFilter.doFilter(WsFilter.java:51)
	at org.apache.catalina.core.ApplicationFilterChain.internalDoFilter(ApplicationFilterChain.java:178)
	at org.apache.catalina.core.ApplicationFilterChain.doFilter(ApplicationFilterChain.java:153)
	at org.springframework.security.web.FilterChainProxy$VirtualFilterChain.doFilter(FilterChainProxy.java:337)
	at org.springframework.security.web.access.intercept.FilterSecurityInterceptor.invoke(FilterSecurityInterceptor.java:115)
	at org.springframework.security.web.access.intercept.FilterSecurityInterceptor.doFilter(FilterSecurityInterceptor.java:81)
	at org.springframework.security.web.FilterChainProxy$VirtualFilterChain.doFilter(FilterChainProxy.java:346)
	at org.springframework.security.web.access.ExceptionTranslationFilter.doFilter(ExceptionTranslationFilter.java:122)
	at org.springframework.security.web.access.ExceptionTranslationFilter.doFilter(ExceptionTranslationFilter.java:116)
	at org.springframework.security.web.FilterChainProxy$VirtualFilterChain.doFilter(FilterChainProxy.java:346)
	at org.springframework.security.web.session.SessionManagementFilter.doFilter(SessionManagementFilter.java:126)
	at org.springframework.security.web.session.SessionManagementFilter.doFilter(SessionManagementFilter.java:81)
	at org.springframework.security.web.FilterChainProxy$VirtualFilterChain.doFilter(FilterChainProxy.java:346)
	at org.springframework.security.web.authentication.AnonymousAuthenticationFilter.doFilter(AnonymousAuthenticationFilter.java:109)
	at org.springframework.security.web.FilterChainProxy$VirtualFilterChain.doFilter(FilterChainProxy.java:346)
	at org.springframework.security.web.servletapi.SecurityContextHolderAwareRequestFilter.doFilter(SecurityContextHolderAwareRequestFilter.java:149)
	at org.springframework.security.web.FilterChainProxy$VirtualFilterChain.doFilter(FilterChainProxy.java:346)
	at org.springframework.security.web.savedrequest.RequestCacheAwareFilter.doFilter(RequestCacheAwareFilter.java:63)
	at org.springframework.security.web.FilterChainProxy$VirtualFilterChain.doFilter(FilterChainProxy.java:346)
	at org.springframework.security.web.session.ConcurrentSessionFilter.doFilter(ConcurrentSessionFilter.java:147)
	at org.springframework.security.web.session.ConcurrentSessionFilter.doFilter(ConcurrentSessionFilter.java:125)
	at org.springframework.security.web.FilterChainProxy$VirtualFilterChain.doFilter(FilterChainProxy.java:346)
	at org.springframework.security.web.authentication.AbstractAuthenticationProcessingFilter.doFilter(AbstractAuthenticationProcessingFilter.java:223)
	at org.springframework.security.web.authentication.AbstractAuthenticationProcessingFilter.doFilter(AbstractAuthenticationProcessingFilter.java:217)
	at org.springframework.security.web.FilterChainProxy$VirtualFilterChain.doFilter(FilterChainProxy.java:346)
	at org.springframework.security.web.authentication.logout.LogoutFilter.doFilter(LogoutFilter.java:103)
	at org.springframework.security.web.authentication.logout.LogoutFilter.doFilter(LogoutFilter.java:89)
	at org.springframework.security.web.FilterChainProxy$VirtualFilterChain.doFilter(FilterChainProxy.java:346)
	at org.springframework.security.web.header.HeaderWriterFilter.doHeadersAfter(HeaderWriterFilter.java:90)
	at org.springframework.security.web.header.HeaderWriterFilter.doFilterInternal(HeaderWriterFilter.java:75)
	at org.springframework.web.filter.OncePerRequestFilter.doFilter(OncePerRequestFilter.java:117)
	at org.springframework.security.web.FilterChainProxy$VirtualFilterChain.doFilter(FilterChainProxy.java:346)
	at org.springframework.security.web.context.SecurityContextPersistenceFilter.doFilter(SecurityContextPersistenceFilter.java:112)
	at org.springframework.security.web.context.SecurityContextPersistenceFilter.doFilter(SecurityContextPersistenceFilter.java:82)
	at org.springframework.security.web.FilterChainProxy$VirtualFilterChain.doFilter(FilterChainProxy.java:346)
	at org.springframework.security.web.context.request.async.WebAsyncManagerIntegrationFilter.doFilterInternal(WebAsyncManagerIntegrationFilter.java:55)
	at org.springframework.web.filter.OncePerRequestFilter.doFilter(OncePerRequestFilter.java:117)
	at org.springframework.security.web.FilterChainProxy$VirtualFilterChain.doFilter(FilterChainProxy.java:346)
	at org.springframework.security.web.session.DisableEncodeUrlFilter.doFilterInternal(DisableEncodeUrlFilter.java:42)
	at org.springframework.web.filter.OncePerRequestFilter.doFilter(OncePerRequestFilter.java:117)
	at org.springframework.security.web.FilterChainProxy$VirtualFilterChain.doFilter(FilterChainProxy.java:346)
	at org.springframework.security.web.FilterChainProxy.doFilterInternal(FilterChainProxy.java:221)
	at org.springframework.security.web.FilterChainProxy.doFilter(FilterChainProxy.java:186)
	at org.springframework.web.filter.DelegatingFilterProxy.invokeDelegate(DelegatingFilterProxy.java:354)
	at org.springframework.web.filter.DelegatingFilterProxy.doFilter(DelegatingFilterProxy.java:267)
	at org.apache.catalina.core.ApplicationFilterChain.internalDoFilter(ApplicationFilterChain.java:178)
	at org.apache.catalina.core.ApplicationFilterChain.doFilter(ApplicationFilterChain.java:153)
	at org.springframework.web.filter.RequestContextFilter.doFilterInternal(RequestContextFilter.java:100)
	at org.springframework.web.filter.OncePerRequestFilter.doFilter(OncePerRequestFilter.java:117)
	at org.apache.catalina.core.ApplicationFilterChain.internalDoFilter(ApplicationFilterChain.java:178)
	at org.apache.catalina.core.ApplicationFilterChain.doFilter(ApplicationFilterChain.java:153)
	at org.springframework.web.filter.FormContentFilter.doFilterInternal(FormContentFilter.java:93)
	at org.springframework.web.filter.OncePerRequestFilter.doFilter(OncePerRequestFilter.java:117)
	at org.apache.catalina.core.ApplicationFilterChain.internalDoFilter(ApplicationFilterChain.java:178)
	at org.apache.catalina.core.ApplicationFilterChain.doFilter(ApplicationFilterChain.java:153)
	at org.springframework.web.filter.CharacterEncodingFilter.doFilterInternal(CharacterEncodingFilter.java:201)
	at org.springframework.web.filter.OncePerRequestFilter.doFilter(OncePerRequestFilter.java:117)
	at org.apache.catalina.core.ApplicationFilterChain.internalDoFilter(ApplicationFilterChain.java:178)
	at org.apache.catalina.core.ApplicationFilterChain.doFilter(ApplicationFilterChain.java:153)
	at org.apache.catalina.core.StandardWrapperValve.invoke(StandardWrapperValve.java:168)
	at org.apache.catalina.core.StandardContextValve.invoke(StandardContextValve.java:90)
	at org.apache.catalina.authenticator.AuthenticatorBase.invoke(AuthenticatorBase.java:481)
	at org.apache.catalina.core.StandardHostValve.invoke(StandardHostValve.java:130)
	at org.apache.catalina.valves.ErrorReportValve.invoke(ErrorReportValve.java:93)
	at org.apache.catalina.core.StandardEngineValve.invoke(StandardEngineValve.java:74)
	at org.apache.catalina.connector.CoyoteAdapter.service(CoyoteAdapter.java:342)
	at org.apache.coyote.http11.Http11Processor.service(Http11Processor.java:390)
	at org.apache.coyote.AbstractProcessorLight.process(AbstractProcessorLight.java:63)
	at org.apache.coyote.AbstractProtocol$ConnectionHandler.process(AbstractProtocol.java:928)
	at org.apache.tomcat.util.net.NioEndpoint$SocketProcessor.doRun(NioEndpoint.java:1794)
	at org.apache.tomcat.util.net.SocketProcessorBase.run(SocketProcessorBase.java:52)
	at org.apache.tomcat.util.threads.ThreadPoolExecutor.runWorker(ThreadPoolExecutor.java:1191)
	at org.apache.tomcat.util.threads.ThreadPoolExecutor$Worker.run(ThreadPoolExecutor.java:659)
	at org.apache.tomcat.util.threads.TaskThread$WrappingRunnable.run(TaskThread.java:61)
	at java.base/java.lang.Thread.run(Thread.java:840)

[2025-04-19T18:53:01.276159455] Attempting to download learning path from URL: http://localhost:8000/learning_path/1/79
[2025-04-19T18:53:01.276223819] Target save location: /home/farhan/Documents/workspace-spring-tool-suite-4-4.29.1.RELEASE/aiplp-spring/src/main/resources/static/data/data/learning_paths/1_79_path.json
[2025-04-19T18:53:01.276500991] Detailed error downloading learning path for user 1, course 79:
[2025-04-19T18:53:01.276552063] Error message: Connection refused
[2025-04-19T18:53:01.276586281] Error type: java.net.ConnectException
[2025-04-19T18:53:01.276760194] Full error stack trace:
[2025-04-19T18:53:01.276797514] java.net.ConnectException: Connection refused
	at java.base/sun.nio.ch.Net.connect0(Native Method)
	at java.base/sun.nio.ch.Net.connect(Net.java:579)
	at java.base/sun.nio.ch.Net.connect(Net.java:568)
	at java.base/sun.nio.ch.NioSocketImpl.connect(NioSocketImpl.java:593)
	at java.base/java.net.Socket.connect(Socket.java:633)
	at java.base/java.net.Socket.connect(Socket.java:583)
	at java.base/sun.net.NetworkClient.doConnect(NetworkClient.java:183)
	at java.base/sun.net.www.http.HttpClient.openServer(HttpClient.java:533)
	at java.base/sun.net.www.http.HttpClient.openServer(HttpClient.java:638)
	at java.base/sun.net.www.http.HttpClient.<init>(HttpClient.java:281)
	at java.base/sun.net.www.http.HttpClient.New(HttpClient.java:386)
	at java.base/sun.net.www.http.HttpClient.New(HttpClient.java:408)
	at java.base/sun.net.www.protocol.http.HttpURLConnection.getNewHttpClient(HttpURLConnection.java:1324)
	at java.base/sun.net.www.protocol.http.HttpURLConnection.plainConnect0(HttpURLConnection.java:1257)
	at java.base/sun.net.www.protocol.http.HttpURLConnection.plainConnect(HttpURLConnection.java:1143)
	at java.base/sun.net.www.protocol.http.HttpURLConnection.connect(HttpURLConnection.java:1072)
	at java.base/sun.net.www.protocol.http.HttpURLConnection.getInputStream0(HttpURLConnection.java:1702)
	at java.base/sun.net.www.protocol.http.HttpURLConnection.getInputStream(HttpURLConnection.java:1626)
	at java.base/java.net.URL.openStream(URL.java:1161)
	at com.example.demo.service.LearningPathVerificationService.downloadLearningPath(LearningPathVerificationService.java:88)
	at com.example.demo.service.LearningPathVerificationService.verifyAndFetchLearningPaths(LearningPathVerificationService.java:194)
	at com.example.demo.web.LearningPathController.verifyLearningPaths(LearningPathController.java:49)
	at java.base/jdk.internal.reflect.NativeMethodAccessorImpl.invoke0(Native Method)
	at java.base/jdk.internal.reflect.NativeMethodAccessorImpl.invoke(NativeMethodAccessorImpl.java:77)
	at java.base/jdk.internal.reflect.DelegatingMethodAccessorImpl.invoke(DelegatingMethodAccessorImpl.java:43)
	at java.base/java.lang.reflect.Method.invoke(Method.java:569)
	at org.springframework.web.method.support.InvocableHandlerMethod.doInvoke(InvocableHandlerMethod.java:205)
	at org.springframework.web.method.support.InvocableHandlerMethod.invokeForRequest(InvocableHandlerMethod.java:150)
	at org.springframework.web.servlet.mvc.method.annotation.ServletInvocableHandlerMethod.invokeAndHandle(ServletInvocableHandlerMethod.java:117)
	at org.springframework.web.servlet.mvc.method.annotation.RequestMappingHandlerAdapter.invokeHandlerMethod(RequestMappingHandlerAdapter.java:895)
	at org.springframework.web.servlet.mvc.method.annotation.RequestMappingHandlerAdapter.handleInternal(RequestMappingHandlerAdapter.java:808)
	at org.springframework.web.servlet.mvc.method.AbstractHandlerMethodAdapter.handle(AbstractHandlerMethodAdapter.java:87)
	at org.springframework.web.servlet.DispatcherServlet.doDispatch(DispatcherServlet.java:1072)
	at org.springframework.web.servlet.DispatcherServlet.doService(DispatcherServlet.java:965)
	at org.springframework.web.servlet.FrameworkServlet.processRequest(FrameworkServlet.java:1006)
	at org.springframework.web.servlet.FrameworkServlet.doPost(FrameworkServlet.java:909)
	at javax.servlet.http.HttpServlet.service(HttpServlet.java:555)
	at org.springframework.web.servlet.FrameworkServlet.service(FrameworkServlet.java:883)
	at javax.servlet.http.HttpServlet.service(HttpServlet.java:623)
	at org.apache.catalina.core.ApplicationFilterChain.internalDoFilter(ApplicationFilterChain.java:209)
	at org.apache.catalina.core.ApplicationFilterChain.doFilter(ApplicationFilterChain.java:153)
	at org.apache.tomcat.websocket.server.WsFilter.doFilter(WsFilter.java:51)
	at org.apache.catalina.core.ApplicationFilterChain.internalDoFilter(ApplicationFilterChain.java:178)
	at org.apache.catalina.core.ApplicationFilterChain.doFilter(ApplicationFilterChain.java:153)
	at org.springframework.security.web.FilterChainProxy$VirtualFilterChain.doFilter(FilterChainProxy.java:337)
	at org.springframework.security.web.access.intercept.FilterSecurityInterceptor.invoke(FilterSecurityInterceptor.java:115)
	at org.springframework.security.web.access.intercept.FilterSecurityInterceptor.doFilter(FilterSecurityInterceptor.java:81)
	at org.springframework.security.web.FilterChainProxy$VirtualFilterChain.doFilter(FilterChainProxy.java:346)
	at org.springframework.security.web.access.ExceptionTranslationFilter.doFilter(ExceptionTranslationFilter.java:122)
	at org.springframework.security.web.access.ExceptionTranslationFilter.doFilter(ExceptionTranslationFilter.java:116)
	at org.springframework.security.web.FilterChainProxy$VirtualFilterChain.doFilter(FilterChainProxy.java:346)
	at org.springframework.security.web.session.SessionManagementFilter.doFilter(SessionManagementFilter.java:126)
	at org.springframework.security.web.session.SessionManagementFilter.doFilter(SessionManagementFilter.java:81)
	at org.springframework.security.web.FilterChainProxy$VirtualFilterChain.doFilter(FilterChainProxy.java:346)
	at org.springframework.security.web.authentication.AnonymousAuthenticationFilter.doFilter(AnonymousAuthenticationFilter.java:109)
	at org.springframework.security.web.FilterChainProxy$VirtualFilterChain.doFilter(FilterChainProxy.java:346)
	at org.springframework.security.web.servletapi.SecurityContextHolderAwareRequestFilter.doFilter(SecurityContextHolderAwareRequestFilter.java:149)
	at org.springframework.security.web.FilterChainProxy$VirtualFilterChain.doFilter(FilterChainProxy.java:346)
	at org.springframework.security.web.savedrequest.RequestCacheAwareFilter.doFilter(RequestCacheAwareFilter.java:63)
	at org.springframework.security.web.FilterChainProxy$VirtualFilterChain.doFilter(FilterChainProxy.java:346)
	at org.springframework.security.web.session.ConcurrentSessionFilter.doFilter(ConcurrentSessionFilter.java:147)
	at org.springframework.security.web.session.ConcurrentSessionFilter.doFilter(ConcurrentSessionFilter.java:125)
	at org.springframework.security.web.FilterChainProxy$VirtualFilterChain.doFilter(FilterChainProxy.java:346)
	at org.springframework.security.web.authentication.AbstractAuthenticationProcessingFilter.doFilter(AbstractAuthenticationProcessingFilter.java:223)
	at org.springframework.security.web.authentication.AbstractAuthenticationProcessingFilter.doFilter(AbstractAuthenticationProcessingFilter.java:217)
	at org.springframework.security.web.FilterChainProxy$VirtualFilterChain.doFilter(FilterChainProxy.java:346)
	at org.springframework.security.web.authentication.logout.LogoutFilter.doFilter(LogoutFilter.java:103)
	at org.springframework.security.web.authentication.logout.LogoutFilter.doFilter(LogoutFilter.java:89)
	at org.springframework.security.web.FilterChainProxy$VirtualFilterChain.doFilter(FilterChainProxy.java:346)
	at org.springframework.security.web.header.HeaderWriterFilter.doHeadersAfter(HeaderWriterFilter.java:90)
	at org.springframework.security.web.header.HeaderWriterFilter.doFilterInternal(HeaderWriterFilter.java:75)
	at org.springframework.web.filter.OncePerRequestFilter.doFilter(OncePerRequestFilter.java:117)
	at org.springframework.security.web.FilterChainProxy$VirtualFilterChain.doFilter(FilterChainProxy.java:346)
	at org.springframework.security.web.context.SecurityContextPersistenceFilter.doFilter(SecurityContextPersistenceFilter.java:112)
	at org.springframework.security.web.context.SecurityContextPersistenceFilter.doFilter(SecurityContextPersistenceFilter.java:82)
	at org.springframework.security.web.FilterChainProxy$VirtualFilterChain.doFilter(FilterChainProxy.java:346)
	at org.springframework.security.web.context.request.async.WebAsyncManagerIntegrationFilter.doFilterInternal(WebAsyncManagerIntegrationFilter.java:55)
	at org.springframework.web.filter.OncePerRequestFilter.doFilter(OncePerRequestFilter.java:117)
	at org.springframework.security.web.FilterChainProxy$VirtualFilterChain.doFilter(FilterChainProxy.java:346)
	at org.springframework.security.web.session.DisableEncodeUrlFilter.doFilterInternal(DisableEncodeUrlFilter.java:42)
	at org.springframework.web.filter.OncePerRequestFilter.doFilter(OncePerRequestFilter.java:117)
	at org.springframework.security.web.FilterChainProxy$VirtualFilterChain.doFilter(FilterChainProxy.java:346)
	at org.springframework.security.web.FilterChainProxy.doFilterInternal(FilterChainProxy.java:221)
	at org.springframework.security.web.FilterChainProxy.doFilter(FilterChainProxy.java:186)
	at org.springframework.web.filter.DelegatingFilterProxy.invokeDelegate(DelegatingFilterProxy.java:354)
	at org.springframework.web.filter.DelegatingFilterProxy.doFilter(DelegatingFilterProxy.java:267)
	at org.apache.catalina.core.ApplicationFilterChain.internalDoFilter(ApplicationFilterChain.java:178)
	at org.apache.catalina.core.ApplicationFilterChain.doFilter(ApplicationFilterChain.java:153)
	at org.springframework.web.filter.RequestContextFilter.doFilterInternal(RequestContextFilter.java:100)
	at org.springframework.web.filter.OncePerRequestFilter.doFilter(OncePerRequestFilter.java:117)
	at org.apache.catalina.core.ApplicationFilterChain.internalDoFilter(ApplicationFilterChain.java:178)
	at org.apache.catalina.core.ApplicationFilterChain.doFilter(ApplicationFilterChain.java:153)
	at org.springframework.web.filter.FormContentFilter.doFilterInternal(FormContentFilter.java:93)
	at org.springframework.web.filter.OncePerRequestFilter.doFilter(OncePerRequestFilter.java:117)
	at org.apache.catalina.core.ApplicationFilterChain.internalDoFilter(ApplicationFilterChain.java:178)
	at org.apache.catalina.core.ApplicationFilterChain.doFilter(ApplicationFilterChain.java:153)
	at org.springframework.web.filter.CharacterEncodingFilter.doFilterInternal(CharacterEncodingFilter.java:201)
	at org.springframework.web.filter.OncePerRequestFilter.doFilter(OncePerRequestFilter.java:117)
	at org.apache.catalina.core.ApplicationFilterChain.internalDoFilter(ApplicationFilterChain.java:178)
	at org.apache.catalina.core.ApplicationFilterChain.doFilter(ApplicationFilterChain.java:153)
	at org.apache.catalina.core.StandardWrapperValve.invoke(StandardWrapperValve.java:168)
	at org.apache.catalina.core.StandardContextValve.invoke(StandardContextValve.java:90)
	at org.apache.catalina.authenticator.AuthenticatorBase.invoke(AuthenticatorBase.java:481)
	at org.apache.catalina.core.StandardHostValve.invoke(StandardHostValve.java:130)
	at org.apache.catalina.valves.ErrorReportValve.invoke(ErrorReportValve.java:93)
	at org.apache.catalina.core.StandardEngineValve.invoke(StandardEngineValve.java:74)
	at org.apache.catalina.connector.CoyoteAdapter.service(CoyoteAdapter.java:342)
	at org.apache.coyote.http11.Http11Processor.service(Http11Processor.java:390)
	at org.apache.coyote.AbstractProcessorLight.process(AbstractProcessorLight.java:63)
	at org.apache.coyote.AbstractProtocol$ConnectionHandler.process(AbstractProtocol.java:928)
	at org.apache.tomcat.util.net.NioEndpoint$SocketProcessor.doRun(NioEndpoint.java:1794)
	at org.apache.tomcat.util.net.SocketProcessorBase.run(SocketProcessorBase.java:52)
	at org.apache.tomcat.util.threads.ThreadPoolExecutor.runWorker(ThreadPoolExecutor.java:1191)
	at org.apache.tomcat.util.threads.ThreadPoolExecutor$Worker.run(ThreadPoolExecutor.java:659)
	at org.apache.tomcat.util.threads.TaskThread$WrappingRunnable.run(TaskThread.java:61)
	at java.base/java.lang.Thread.run(Thread.java:840)

[2025-04-19T18:53:01.277407765] Failed to download all learning paths for user 1
[2025-04-19T18:53:52.645815799] Starting comprehensive learning path verification for user 1
[2025-04-19T18:53:52.646363368] Checking path for user 1, course 77: NOT FOUND
[2025-04-19T18:53:52.646441903] Checking path for user 1, course 78: NOT FOUND
[2025-04-19T18:53:52.646493071] Checking path for user 1, course 79: NOT FOUND
[2025-04-19T18:53:52.646542136] Starting download of missing learning paths for user 1: [77, 78, 79]
[2025-04-19T18:53:52.646606581] Attempting to download learning path from URL: http://localhost:8000/learning_path/1/77
[2025-04-19T18:53:52.646644192] Target save location: /home/farhan/Documents/workspace-spring-tool-suite-4-4.29.1.RELEASE/aiplp-spring/src/main/resources/static/data/data/learning_paths/1_77_path.json
[2025-04-19T18:53:59.752719868] Successfully downloaded learning path for user 1, course 77
[2025-04-19T18:53:59.752856208] Download details - Bytes transferred: 1985, Duration: 7106 ms
[2025-04-19T18:53:59.752925699] Verifying downloaded file - Size: 1985 bytes
[2025-04-19T18:53:59.754218114] First few lines of the downloaded file:
[2025-04-19T18:53:59.754536258]   {"learning_path":{"modules":[{"id":"M1","title":"Module One: Business Fundamentals","description":"This module provides a solid foundation for understanding business management.","sub_modules":[{"id":"M1-S1","title":"Introduction to Business Management","description":"Understand the role of business management in organizational success.","activities":[{"id":"M1-S1-A1","title":"Defining Business Management","description":"Complete a quiz on the definition and scope of business management.","learning_objectives":["LO 1.1: Define business management and its importance in organizational success."],"duration":"30 minutes"},{"id":"M1-S1-A2","title":"Business Environment Analysis","description":"Analyze the internal and external factors affecting a business.","learning_objectives":["LO 1.2: Identify and analyze internal and external factors influencing business operations."],"duration":"45 minutes"}]},{"id":"M1-S2","title":"Module One Two: Business Structure and Governance","description":"This module explains the different types of business structures and their impact on governance.","activities":[{"id":"M1-S2-A1","title":"Types of Business Structures","description":"Complete a quiz on the different types of business structures.","learning_objectives":["LO 1.3: Explain the advantages and disadvantages of different business structures."],"duration":"45 minutes"}]}],"difficulty_level":null,"prerequisites":null}],"quiz_adaptations":["a_11","a_12","a_21","Quiz_adaptation_1"]},"course_id":77,"user_id":1,"quiz_performance":{"topic_scores":{"general":100.0,"problem_solving":0.0,"learning_style":50.0,"logical_reasoning":100.0,"mathematical":100.0,"motivation":100.0},"overall_score":70.0,"weak_areas":["problem_solving","learning_style"],"strengths":["general","logical_reasoning","mathematical","motivation"],"total_questions_answered":10,"question_distribution":{"general":1,"problem_solving":2,"learning_style":2,"logical_reasoning":2,"mathematical":2,"motivation":1}}}
[2025-04-19T18:53:59.754748599] Attempting to download learning path from URL: http://localhost:8000/learning_path/1/78
[2025-04-19T18:53:59.754795558] Target save location: /home/farhan/Documents/workspace-spring-tool-suite-4-4.29.1.RELEASE/aiplp-spring/src/main/resources/static/data/data/learning_paths/1_78_path.json
[2025-04-19T18:54:15.981683523] Successfully downloaded learning path for user 1, course 78
[2025-04-19T18:54:15.98188196] Download details - Bytes transferred: 4005, Duration: 16227 ms
[2025-04-19T18:54:15.981929785] Verifying downloaded file - Size: 4005 bytes
[2025-04-19T18:54:15.982116243] First few lines of the downloaded file:
[2025-04-19T18:54:15.982169723]   {"learning_path":{"modules":[{"id":"M1","title":"Introduction to Case Study Analysis","description":"This module introduces the concept of case study analysis and its importance in various fields.","sub_modules":[{"id":"M1-S1","title":"Understanding Case Studies","description":"In this sub-module, students will learn about different types of case studies, their applications, and the key characteristics that make them effective.","activities":[{"id":"M1-S1-A1","title":"Understanding Case Studies Quiz","description":"This quiz assesses students' understanding of case studies and their applications."},{"id":"M1-S1-A2","title":"Case Study Analysis Basics","description":"In this activity, students will learn the basics of case study analysis, including how to identify key elements and create a structured approach."},{"id":"M1-S1-A3","title":"Case Study Reading and Preparation","description":"This sub-module prepares students for the next module by having them read and analyze a sample case study.","learning_objectives":["Understand how to critically evaluate a case study.","Learn how to identify key elements of a case study."],"duration":"2 hours"}]},{"id":"M1-S2","title":"Analyzing and Interpreting Case Studies","description":"This module teaches students how to analyze and interpret case studies, including identifying problems, gathering information, and developing solutions.","activities":[{"id":"M1-S2-A1","title":"Analyzing and Interpreting Case Studies Quiz","description":"This quiz assesses students' ability to analyze and interpret case studies."},{"id":"M1-S2-A2","title":"Case Study Analysis Framework","description":"In this activity, students will learn a framework for analyzing and interpreting case studies."},{"id":"M1-S2-A3","title":"Analyzing and Interpreting Case Studies (Practical Application)","description":"This sub-module has students work on real-world case study analysis problems.","learning_objectives":["Understand how to apply the framework to analyze a case study."],"duration":"4 hours"}]},{"id":"M1-S3","title":"Developing Solutions and Drawing Conclusions","description":"This module teaches students how to develop solutions and draw conclusions from their analysis of case studies.","activities":[{"id":"M1-S3-A1","title":"Developing Solutions Quiz","description":"This quiz assesses students' ability to develop solutions based on their analysis of a case study."},{"id":"M1-S3-A2","title":"Case Study Solution Development","description":"In this activity, students will learn how to develop solutions and draw conclusions from their analysis of a case study."},{"id":"M1-S3-A3","title":"Developing Solutions and Drawing Conclusions (Practical Application)","description":"This sub-module has students work on real-world case study analysis problems.","learning_objectives":["Understand how to apply the framework to develop solutions."],"duration":"4 hours"}]},{"id":"M1-S4","title":"Final Project: Case Study Analysis","description":"This module has students work on a final project where they will analyze and present a case study.","activities":[{"id":"M1-S4-A1","title":"Project Proposal","description":"In this activity, students will submit a proposal for their final project."},{"id":"M1-S4-A2","title":"Final Project (Case Study Analysis)","description":"This sub-module has students work on their final project.","learning_objectives":["Understand how to apply the framework to analyze and present a case study."],"duration":"8 hours"}]}]}]},"course_id":78,"user_id":1,"quiz_performance":{"topic_scores":{"general":100.0,"problem_solving":0.0,"learning_style":50.0,"logical_reasoning":100.0,"mathematical":100.0,"motivation":100.0},"overall_score":70.0,"weak_areas":["problem_solving","learning_style"],"strengths":["general","logical_reasoning","mathematical","motivation"],"total_questions_answered":10,"question_distribution":{"general":1,"problem_solving":2,"learning_style":2,"logical_reasoning":2,"mathematical":2,"motivation":1}}}
[2025-04-19T18:54:15.98229694] Attempting to download learning path from URL: http://localhost:8000/learning_path/1/79
[2025-04-19T18:54:15.982351186] Target save location: /home/farhan/Documents/workspace-spring-tool-suite-4-4.29.1.RELEASE/aiplp-spring/src/main/resources/static/data/data/learning_paths/1_79_path.json
[2025-04-19T18:54:25.626425808] Successfully downloaded learning path for user 1, course 79
[2025-04-19T18:54:25.626575295] Download details - Bytes transferred: 2430, Duration: 9644 ms
[2025-04-19T18:54:25.626625724] Verifying downloaded file - Size: 2430 bytes
[2025-04-19T18:54:25.626803891] First few lines of the downloaded file:
[2025-04-19T18:54:25.626848227]   {"learning_path":{"modules":[{"id":"M1","title":"Financial Modeling Fundamentals","description":"This module introduces the basics of financial modeling, including financial statement analysis, ratio calculation, and time value of money.","sub_modules":[{"id":"M1-S1","title":"Statement Analysis","description":"Learn how to analyze a company's financial statements, including income statement, balance sheet, and cash flow statement.","activities":[{"id":"M1-S1-A1","title":"Financial Statement Template","description":"Create a basic financial statement template using Excel or Google Sheets.","duration":"Theory and Practice (2 hours)"},{"id":"M1-S1-A2","title":"Ratio Calculation","description":"Calculate and interpret key ratios, such as the debt-to-equity ratio and return on equity.","duration":"Theory and Practice (3 hours)"},{"id":"M1-S1-A3","title":"Time Value of Money","description":"Understand how time affects the value of money, including present value and future value calculations.","duration":"Theory and Practice (4 hours)"}]},{"id":"M1-S2","title":"Financial Modeling Techniques","description":"Learn advanced techniques for financial modeling, including sensitivity analysis, scenario planning, and break-even analysis.","activities":[{"id":"M1-S2-A1","title":"Sensitivity Analysis","description":"Understand how to analyze the impact of changes in inputs on model outputs using sensitivity analysis techniques.","duration":"Theory and Practice (5 hours)"},{"id":"M1-S2-A2","title":"Scenario Planning","description":"Learn how to create scenarios to forecast future financial outcomes, including market research and data collection.","duration":"Theory and Practice (6 hours)"},{"id":"M1-S2-A3","title":"Break-Even Analysis","description":"Understand how to calculate the break-even point for a business or project using financial models.","duration":"Theory and Practice (5 hours)"}]}],"duration":"10 weeks"}]},"course_id":79,"user_id":1,"quiz_performance":{"topic_scores":{"general":100.0,"problem_solving":0.0,"learning_style":50.0,"logical_reasoning":100.0,"mathematical":100.0,"motivation":100.0},"overall_score":70.0,"weak_areas":["problem_solving","learning_style"],"strengths":["general","logical_reasoning","mathematical","motivation"],"total_questions_answered":10,"question_distribution":{"general":1,"problem_solving":2,"learning_style":2,"logical_reasoning":2,"mathematical":2,"motivation":1}}}
[2025-04-19T18:54:25.626904814] Successfully downloaded all missing learning paths for user 1
[2025-10-25T21:37:55.5687833] Starting comprehensive learning path verification for user 1
[2025-10-25T21:37:55.6050338] Checking path for user 1, course 77: EXISTS
[2025-10-25T21:37:55.6110411] Checking path for user 1, course 78: EXISTS
[2025-10-25T21:37:55.6215679] Checking path for user 1, course 79: EXISTS
[2025-10-25T21:37:55.6276571] Learning path verification result for user 1: ALL PATHS EXIST
